run_id,model_name,seed,hf_only,no_conditioning,budget_target,budget_realized,b_tilde,n_samples_target,n_samples_realized,n_hf,lambd,xi_bar,ckpt_val_loss,val/nmse_avg,val/nrel_l2_loss_fields_avg,val/nrel_l2_loss_channels_avg,val/mse_avg,val/rel_l2_loss_fields_avg,val/rel_l2_loss_channels_avg,val/surface_nmse_avg,val/surface_nrel_l2_loss_fields_avg,val/surface_nrel_l2_loss_channels_avg,val/surface_mse_avg,val/surface_rel_l2_loss_fields_avg,val/surface_rel_l2_loss_channels_avg,val/volume_nmse_avg,val/volume_nrel_l2_loss_fields_avg,val/volume_nrel_l2_loss_channels_avg,val/volume_mse_avg,val/volume_rel_l2_loss_fields_avg,val/volume_rel_l2_loss_channels_avg,val/nmse_u,val/nmse_p,val/nmse_wss,val/nrel_l2_loss_fields_u,val/nrel_l2_loss_fields_p,val/nrel_l2_loss_fields_wss,val/nrel_l2_loss_channels_u,val/nrel_l2_loss_channels_p,val/nrel_l2_loss_channels_wss,val/mse_u,val/mse_p,val/mse_wss,val/rel_l2_loss_fields_u,val/rel_l2_loss_fields_p,val/rel_l2_loss_fields_wss,val/rel_l2_loss_channels_u,val/rel_l2_loss_channels_p,val/rel_l2_loss_channels_wss,val/surface_nmse_u,val/surface_nmse_p,val/surface_nmse_wss,val/surface_nrel_l2_loss_fields_u,val/surface_nrel_l2_loss_fields_p,val/surface_nrel_l2_loss_fields_wss,val/surface_nrel_l2_loss_channels_u,val/surface_nrel_l2_loss_channels_p,val/surface_nrel_l2_loss_channels_wss,val/surface_mse_u,val/surface_mse_p,val/surface_mse_wss,val/surface_rel_l2_loss_fields_u,val/surface_rel_l2_loss_fields_p,val/surface_rel_l2_loss_fields_wss,val/surface_rel_l2_loss_channels_u,val/surface_rel_l2_loss_channels_p,val/surface_rel_l2_loss_channels_wss,val/volume_nmse_u,val/volume_nmse_p,val/volume_nmse_wss,val/volume_nrel_l2_loss_fields_u,val/volume_nrel_l2_loss_fields_p,val/volume_nrel_l2_loss_fields_wss,val/volume_nrel_l2_loss_channels_u,val/volume_nrel_l2_loss_channels_p,val/volume_nrel_l2_loss_channels_wss,val/volume_mse_u,val/volume_mse_p,val/volume_mse_wss,val/volume_rel_l2_loss_fields_u,val/volume_rel_l2_loss_fields_p,val/volume_rel_l2_loss_fields_wss,val/volume_rel_l2_loss_channels_u,val/volume_rel_l2_loss_channels_p,val/volume_rel_l2_loss_channels_wss,val/coeff_eval_count,val/rel_err_cd_avg,val/rel_err_cl_avg,val/r2_cd,val/r2_cl,val/abs_err_cd_avg,val/abs_err_cl_avg,val/cd_calc_avg,val/cl_calc_avg,val/cd_gt_avg,val/cl_gt_avg
ace_cat_20260907_160708,ABUPT,43,False,False,24038851.0,24038660.9272973,800,1230,1236,652,6.40625,0.9051351778993636,0.0258480869233608,0.062908761203289,0.2693281769752502,0.3256160318851471,271.1288146972656,0.2511378526687622,0.3165395855903625,0.5539830327033997,0.3590327501296997,0.3783535361289978,1029.4774169921875,0.0111821331083774,0.011429295875132,0.0601385422050952,4.289933204650879,5.632889747619629,266.8619384765625,0.0113240405917167,0.0121113397181034,0.0078850155696272,0.0002135872346116,0.1492800861597061,0.0987341925501823,0.0100600076839327,0.6991903185844421,0.077961191534996,0.0100600086152553,0.7310488820075989,6.665435791015625,1341.8785400390625,0.2173267006874084,0.069284938275814,0.0111280782148242,0.6730005145072937,0.0532121248543262,0.0111280204728245,0.7325728535652161,1.3414289951324463,0.0004579521773848,0.0432996042072773,1.0548588037490845,0.0110590262338519,0.0111804492771625,0.9288914799690248,0.0110590262338519,0.011462802067399,1135.0184326171875,2877.16748046875,0.0915048345923423,,0.0114120012149214,0.0109522650018334,,0.0114120012149214,0.0114379432052373,0.0003596475289668,0.0002122179284924,0.1498805880546569,0.0166816916316747,0.0100431572645902,12.843074798583984,0.0163651183247566,0.0100431572645902,14.060835838317873,0.2979264557361603,1333.2777099609375,0.2180405259132385,0.0115306293591856,0.0111174508929252,,0.0126082841306924,0.0111174508929252,,163.0,0.0454090459484487,0.0134185679496973,0.891169228271635,0.9998136281189284,0.0006205447877215,0.004979321244267,0.0119813669912634,0.6659695609337535,0.011902189707852,0.6659016830509563
active_lion_20260905_150135,ABUPT,43,False,False,12019425.0,12019269.438761689,400,441,444,376,18.75,0.98132769692358,0.0496239475905895,0.0440562851727008,0.2256521582603454,0.3066210746765136,3478.701904296875,0.2613530158996582,0.2953169345855713,1.4266990423202517,0.4656939506530761,0.5912786722183228,35259.14453125,0.0217480789870023,0.0218348801136016,0.0362735614180564,3.2601029872894287,4.837605953216553,3300.8359375,0.0207902770489454,0.0213828235864639,0.0141484420746564,0.0033926342148333,0.0942959561944007,0.1277871578931808,0.0194190461188554,0.5297502279281616,0.1078987419605255,0.0194189772009849,0.6489444971084595,11.895782470703123,17369.33984375,0.1891514509916305,0.0895417332649231,0.0215210989117622,0.6729961633682251,0.0761494487524032,0.0215208996087312,0.6513824462890625,2.272545337677002,0.0336849652230739,1.277359962463379,1.354414939880371,0.0216514617204666,0.0210153888911008,1.4455792903900146,0.0216514617204666,0.0217917114496231,1916.4853515625,172458.8125,1.969468116760254,,0.0219911821186542,0.0215049758553504,,0.0219911821186542,0.0217567291110754,0.001405022572726,0.003223038977012,0.0876673683524131,0.0292372200638055,0.0193314105272293,9.731740951538086,0.0278736595064401,0.0193314105272293,12.056475639343262,1.1488722562789917,16501.5234375,0.1791747510433197,0.0201336126774549,0.0214469414204359,,0.0213507637381553,0.0214469414204359,,163.0,0.0804460044570531,0.022571189180568,0.5896856768136034,0.999671391455808,0.0011051989166494,0.0064279763980761,0.0121171722167956,0.6644841042559121,0.011902189707852,0.6659016830509563
amused_eft_20260902_115944,ABUPT,44,False,False,1502428.0,1502079.0524169356,50,56,58,48,19.999999962747097,0.9725103510974054,0.3241659104824066,0.0790781527757644,0.2291527837514877,0.2570119500160217,182202.796875,0.2345481812953949,0.2494262754917144,6.313303470611572,0.439989298582077,0.5565025210380554,598667.1875,0.2123354077339172,0.20452381670475,0.0441010147333145,1.7476439476013184,2.510825634002685,179872.84375,0.1339454501867294,0.1317069679498672,0.0331652835011482,0.1234865933656692,0.1027867868542671,0.1584460735321045,0.1696003079414367,0.3594119250774383,0.1544854193925857,0.1696018129587173,0.4032435417175293,30.33063125610352,910952.8125,0.23840893805027,0.1112224906682968,0.1864198297262191,0.4060021638870239,0.1259150058031082,0.1864205300807953,0.4044404327869415,0.9739744067192078,0.4055168628692627,14.606525421142578,0.917403519153595,0.2254751473665237,0.1770891547203064,1.0863761901855469,0.2254751473665237,0.192142516374588,913.4453125,2991441.0,34.05020904541016,,0.2299311757087707,0.1947396248579025,,0.2299311757087707,0.1918201446533203,0.0278495214879512,0.1219089031219482,0.0214485619217157,0.1189377456903457,0.168616235256195,4.955377578735352,0.1231741905212402,0.168616235256195,6.069582462310791,25.3408260345459,899313.5,0.0488071665167808,0.0823870077729225,0.1855038851499557,,0.1048085168004036,0.1855038851499557,,163.0,0.6761962857278826,0.1380856723609036,-18.495248376766877,0.9777766098178268,0.0088397048443251,0.0519960719323711,0.0107999750469887,0.6533681601059833,0.011902189707852,0.6659016830509563
apt_cow_20260911_210554,ABUPT,44,True,False,3004856.0,3004756.8657952696,100,1,101,101,19.999999962747097,1.0,0.2025914490222931,0.0623317174613475,0.2037333250045776,0.2481175512075424,89400.46875,0.2330124825239181,0.2427708655595779,5.200087547302246,0.3604481220245361,0.4443548321723938,426085.6875,0.1298231184482574,0.1232891157269477,0.0334796831011772,2.1064860820770264,2.8217272758483887,87515.109375,0.0812905207276344,0.0807091817259788,0.0200100298970937,0.0714804455637931,0.1000790372490882,0.1185007616877555,0.0961432382464408,0.3965559899806976,0.1105274260044097,0.0961439609527587,0.4616944193840027,17.55522346496582,446966.8125,0.204214334487915,0.083057127892971,0.1086828038096427,0.5072975158691406,0.087984450161457,0.1086829677224159,0.4646012783050537,0.8226494789123535,0.3404578566551208,12.007341384887695,0.8389723896980286,0.1379768699407577,0.1043951362371444,0.928347647190094,0.1379768699407577,0.1135508865118026,730.7660522460938,2128918.0,24.44021415710449,,0.1430759876966476,0.1165702566504478,,0.1430759876966476,0.1133956909179687,0.0154760852456092,0.0699744150042533,0.0332359224557876,0.078419379889965,0.095482625067234,6.145556449890137,0.0789087116718292,0.095482625067234,6.927668571472168,13.526561737060549,437548.375,0.0681337416172027,0.0545441806316375,0.1080368608236312,,0.0670453310012817,0.1080368608236312,,163.0,0.4124904967958614,0.0848582131277276,-7.5547517474070975,0.9939061005655117,0.0053064096969991,0.0240868469824123,0.0125465776775311,0.6603013622538778,0.011902189707852,0.6659016830509563
awake_molly_20260906_050202,ABUPT,44,False,False,12019425.0,12019140.142637894,400,727,726,306,4.375,0.8436767605651034,0.0359889138489961,0.0197424292564392,0.1485744267702102,0.2010909169912338,3424.010986328125,0.1658683568239212,0.193205788731575,0.6716384291648865,0.3293756544589996,0.5462629199028015,12227.7197265625,0.0148511966690421,0.0154141252860426,0.0160694420337677,1.9972877502441408,3.0107643604278564,3374.68017578125,0.0142813473939895,0.0148848639801144,0.0075619076378643,0.003715835744515,0.0399362482130527,0.0932132601737976,0.0140920709818601,0.3384179472923279,0.0838407278060913,0.0140920178964734,0.411840558052063,6.075157165527344,17107.75390625,0.0755387246608734,0.0650055557489395,0.0151409236714243,0.417458564043045,0.061875857412815,0.0151407830417156,0.4135682582855224,1.0981000661849976,0.0128902960568666,0.5745508074760437,0.9581553339958192,0.0145827727392315,0.0153888659551739,1.3426051139831543,0.0145827727392315,0.0157608278095722,894.7844848632812,59347.0234375,1.004069209098816,,0.0147851994261145,0.0149171939119696,,0.0147851994261145,0.0157285872846841,0.0014035307103767,0.0036644511856138,0.0369378477334976,0.0191271062940359,0.0140756415203213,5.95866060256958,0.0188570022583007,0.0140756415203213,7.501016139984131,1.0565816164016724,16871.146484375,0.0703248456120491,0.0134315639734268,0.0151311308145523,,0.0147617319598793,0.0151311308145523,,163.0,0.0645192380934642,0.0170001593329238,0.7481352494422023,0.9998153562595896,0.0008807272994468,0.0053102464818369,0.0121507788420602,0.6657748126354845,0.011902189707852,0.6659016830509563
better_cougar_20260905_133035,ABUPT,45,False,False,6009712.0,6008568.416536912,200,761,764,98,0.5859375,0.4858379216348832,0.0475157927721738,0.0171392634510993,0.1473170071840286,0.1779601722955703,4301.91748046875,0.1412745714187622,0.1669660359621048,0.8831941485404968,0.431257039308548,0.6556374430656433,19643.7890625,0.0216718595474958,0.0225893799215555,0.0122529463842511,1.5670804977416992,2.459474563598633,4215.6982421875,0.0170892886817455,0.0180562157183885,0.0118942689150571,0.0047920877113938,0.0285578463226556,0.1166414692997932,0.0164124332368373,0.3088971078395843,0.0992868468165397,0.0164124388247728,0.3374073803424835,9.572890281677246,21490.3359375,0.0523453578352928,0.0827185586094856,0.017393160611391,0.3237119615077972,0.0699913278222084,0.0173931140452623,0.338727205991745,1.9307799339294436,0.021203888580203,0.2666035294532776,1.2504138946533203,0.0206251107156276,0.0227321200072765,1.6052141189575195,0.0206251107156276,0.0235670953989028,1563.9830322265625,95089.953125,0.511748731136322,,0.0207524057477712,0.0225913133472204,,0.0207524057477712,0.0235078707337379,0.0010609000455588,0.0046998891048133,0.0272215213626623,0.0241864547133445,0.0163365490734577,4.6607184410095215,0.0239361710846424,0.0163365490734577,6.116581916809082,0.7971740961074829,21076.796875,0.0497670359909534,0.0168555788695812,0.0173230003565549,,0.0184228252619504,0.0173230003565549,,163.0,0.0669293660011304,0.016557654761496,0.7004921847488363,0.9997546885898232,0.0009361159494126,0.0056818111394944,0.0120158470289649,0.6658557077272254,0.011902189707852,0.6659016830509563
bold_eel_20260906_062845,ABUPT,44,False,False,12019425.0,12018312.631440155,400,1157,1155,242,1.6796875,0.6172854965727198,0.0341210588812828,0.0126933995634317,0.123018741607666,0.1514919102191925,1265.681640625,0.1196664497256279,0.1412968635559082,0.6429983377456665,0.3771222829818725,0.447086900472641,3829.690185546875,0.0139765013009309,0.0147105259820818,0.0091346763074398,1.463613986968994,2.1369354724884038,1251.314208984375,0.0134012717753648,0.0142001090571284,0.0088987108319997,0.0013515535974875,0.0221590101718902,0.104149006307125,0.012318754568696,0.2525884509086609,0.0835001692175865,0.0123187527060508,0.289070188999176,7.185036659240723,6313.96826171875,0.0349313803017139,0.0730688795447349,0.0132558662444353,0.2726745903491974,0.0564408898353576,0.0132558178156614,0.2901733517646789,1.4561158418655396,0.0035922250244766,0.1495838165283203,1.1030722856521606,0.0129760252311825,0.015318457968533,1.0957175493240356,0.0129760252311825,0.0155116431415081,1183.135009765625,16781.51171875,0.3348652720451355,,0.0131838237866759,0.0147691778838634,,0.0131838237866759,0.0154738780111074,0.0007246976019814,0.001339016482234,0.0214424841105937,0.0192841831594705,0.0122994510456919,4.35925817489624,0.0190066024661064,0.0122994510456919,5.317182540893555,0.5430710911750793,6255.41845703125,0.0332451872527599,0.0135585060343146,0.0132440365850925,,0.0146781429648399,0.0132440365850925,,163.0,0.0509773279995698,0.0140018548380338,0.8432701345693365,0.9997466549119918,0.0007064218642131,0.0055019173743536,0.0121365896885226,0.6668306050785353,0.011902189707852,0.6659016830509563
calm_bobcat_20260907_165718,ABUPT,44,False,False,24038851.0,24038660.9272973,800,1230,1236,652,6.40625,0.9051351778993636,0.0267426623031497,0.0143428808078169,0.1348204612731933,0.1642091125249862,206.3134002685547,0.1292356252670288,0.1554601192474365,0.4493338465690613,0.3278113305568695,0.4015054702758789,948.3753662109376,0.0110521083697676,0.0114202992990612,0.0118867866694927,1.871240496635437,2.5023670196533203,202.13735961914065,0.0111646894365549,0.011758548207581,0.0064245029352605,0.0001624540891498,0.0293514728546142,0.09245615452528,0.010755157098174,0.3012500405311584,0.0730941444635391,0.0107551375404,0.3320510387420654,5.4160237312316895,1020.6468505859376,0.0440309196710586,0.0643050372600555,0.0117416623979806,0.3116601407527923,0.0497129969298839,0.0117415739223361,0.3330665230751037,1.0902992486953735,0.0004618059610947,0.0328045412898063,0.9609968662261964,0.0110324164852499,0.011404700577259,0.9867346286773682,0.0110324164852499,0.0115129258483648,920.1892700195312,2901.377197265625,0.0606445372104644,,0.0112869832664728,0.0108172334730625,,0.0112869832664728,0.0114869587123394,0.00030379803502,0.0001607748999958,0.0293327830731868,0.01526964828372,0.0107461977750062,5.587705612182617,0.0151480855420231,0.0107461977750062,6.235396385192871,0.250217467546463,1010.0984497070312,0.0439387522637844,0.0105896592140197,0.0117397187277674,,0.0117679648101329,0.0117397187277674,,163.0,0.0594484240790502,0.0147702094639181,0.6623795805280903,0.999691525588592,0.0008499027810557,0.0055796569206544,0.0121066814660186,0.6671501746795954,0.011902189707852,0.6659016830509563
caring_kid_20260905_104235,ABUPT,43,False,False,6009712.0,6008727.283630662,200,941,940,79,-0.15625,0.3848948458393663,0.0470744501799345,0.0515895374119281,0.2612845003604889,0.2883839309215545,8948.4052734375,0.2174732387065887,0.2798661887645721,0.7987787127494812,0.3535467386245727,0.5154212117195129,36570.96875,0.0213474221527576,0.0223917067050933,0.0473793968558311,3.106531143188477,3.6104953289031982,8793.6904296875,0.018816890195012,0.0198407769203186,0.0085348542779684,0.010279206559062,0.1152993887662887,0.0977755561470985,0.0190621055662632,0.667015790939331,0.0815006792545318,0.0190619118511676,0.6299281716346741,6.626559734344482,44728.53125,0.1224689036607742,0.0692875012755394,0.0203783996403217,0.5627537965774536,0.0567446760833263,0.0203781854361295,0.6327316761016846,1.2881834506988523,0.0415554605424404,0.6879857778549194,1.0174041986465454,0.0199837069958448,0.0232524015009403,1.2550013065338137,0.0199837069958448,0.0235599447041749,1014.0534057617188,180824.0625,1.3356411457061768,,0.02018360234797,0.0225112438201904,,0.02018360234797,0.0234957598149776,0.0013086912222206,0.0101040536537766,0.1120877787470817,0.02509949170053,0.0190160442143678,9.275477409362791,0.0252036470919847,0.0190160442143678,8.99152660369873,0.937187433242798,43966.34765625,0.1156519949436187,0.0172921903431415,0.0203415900468826,,0.0195903703570365,0.0203415900468826,,163.0,0.0754877272832151,0.0227673392561308,0.4482024614730742,0.9994786224871004,0.0010973108154466,0.0074535322553598,0.0121154177054797,0.6664377134374235,0.011902189707852,0.6659016830509563
causal_bug_20260907_175520,ABUPT,45,False,False,24038851.0,24038525.670424517,800,1020,1024,711,10.625,0.9557323759160544,0.0282955151051282,0.0306829698383808,0.192348763346672,0.2593487203121185,177.0281524658203,0.2408972680568695,0.2496536970138549,0.7523930668830872,0.4177731275558471,0.6512903571128845,2978.28173828125,0.0111496755853295,0.0114867491647601,0.0266102440655231,2.8836348056793213,4.2724690437316895,161.15908813476562,0.0110941482707858,0.011746309697628,0.0105377007275819,0.0001511556620243,0.0660941377282142,0.1135643869638443,0.0102494182065129,0.45323246717453,0.0986954793334007,0.0102494144812226,0.5445516109466553,8.888177871704102,867.0408325195312,0.1617770791053772,0.0784148499369621,0.0112099545076489,0.6330669522285461,0.071647897362709,0.011209899559617,0.546881377696991,1.815072059631348,0.0020619987044483,0.0648794919252395,1.2310630083084106,0.0108774043619632,0.0113789541646838,1.6111276149749756,0.0108774043619632,0.0116595439612865,1531.6865234375,11827.755859375,0.1399831026792526,,0.0111893126741051,0.0111100384965538,,0.0111893126741051,0.0116354674100875,0.0003537673619575,0.0001403186906827,0.0661016851663589,0.0159043669700622,0.0102290334179997,8.624771118164062,0.0155726354569196,0.0102290334179997,10.66048526763916,0.2941246926784515,804.8834228515625,0.1619009971618652,0.0109930429607629,0.0111952535808086,,0.0120218377560377,0.0111952535808086,,163.0,0.0461795589552898,0.0128732358683086,0.8886580102468488,0.9998453761317124,0.0006330440336039,0.0046038856484078,0.0120531582467115,0.6653872516682562,0.011902189707852,0.6659016830509563
close_tick_20260905_150137,ABUPT,43,False,False,12019425.0,12019270.344973443,400,871,872,276,3.046875,0.7634300086880108,0.0341721139848232,0.0528701059520244,0.2563999593257904,0.2971675097942352,1062.1527099609375,0.2246662676334381,0.2885453999042511,0.5075867176055908,0.3379476368427276,0.3542076647281647,3906.025390625,0.0142364539206027,0.0145665453746914,0.0503041520714759,3.7922556400299072,4.503168106079102,1046.152099609375,0.012771314010024,0.0133094256743788,0.0069249421358108,0.0010152801405638,0.1247426867485046,0.0944533497095108,0.0123513415455818,0.662395179271698,0.0732553526759147,0.0123513536527752,0.6634877324104309,5.763744831085205,5298.9501953125,0.1429773867130279,0.0662226825952529,0.0133847324177622,0.5943913459777832,0.0490930080413818,0.0133846867829561,0.6655781269073486,1.157301664352417,0.003372112289071,0.109979048371315,0.9852903485298156,0.0140468068420887,0.0145057290792465,0.8637486696243286,0.0140468068420887,0.0147470198571681,965.1655883789062,17599.2890625,0.2537430822849273,,0.0142742646858096,0.0141986422240734,,0.0142742646858096,0.0147126875817775,0.0004298476851545,0.0010020262561738,0.1248295158147811,0.0175433885306119,0.0123238898813724,11.346899032592772,0.0172464791685342,0.0123238898813724,11.234512329101562,0.34672611951828,5229.7822265625,0.1423596441745758,0.0121779292821884,0.0133646996691823,,0.0132817886769771,0.0133646996691823,,163.0,0.0608273378156455,0.0137872467075632,0.752693070698252,0.999814319942543,0.0008718130398352,0.0050008658759227,0.0122646752291075,0.6662561860383757,0.011902189707852,0.6659016830509563
comic_ram_20260905_131128,ABUPT,44,False,False,6009712.0,6008568.416536912,200,761,764,98,0.5859375,0.4858379216348832,0.0470851734280586,0.0176168140023946,0.1396471560001373,0.1739868968725204,6108.47802734375,0.1400021612644195,0.1632149517536163,0.9640741348266602,0.4087266027927398,0.5078364610671997,22407.76953125,0.0217829756438732,0.0224211364984512,0.012276267632842,1.5222636461257937,2.382798433303833,6016.6533203125,0.017710343003273,0.0187415014952421,0.0111750671640038,0.0068065440282225,0.0294636972248554,0.1113730445504188,0.0172762982547283,0.2902921438217163,0.0899859964847564,0.0172763429582119,0.3363430202007293,8.986527442932129,30524.306640625,0.0547261163592338,0.0790770202875137,0.0183165688067674,0.3226128816604614,0.0610909610986709,0.0183165520429611,0.3377881050109863,1.7292073965072632,0.0243542231619358,0.6688007712364197,1.1828597784042358,0.020280010998249,0.0230400580912828,1.2359864711761477,0.020280010998249,0.0234644580632448,1408.9234619140625,109217.765625,1.6173913478851318,,0.020453568547964,0.0231123827397823,,0.020453568547964,0.0234049186110496,0.001474947668612,0.0067077321000397,0.0258618555963039,0.0246236156672239,0.0172263197600841,4.524941444396973,0.0245062857866287,0.0172263197600841,5.9238762855529785,1.0823076963424685,30081.01171875,0.0459153652191162,0.0171476304531097,0.0182730536907911,,0.0189757235348224,0.0182730536907911,,163.0,0.0745988248743132,0.0200914962087791,0.6089206574442447,0.9997879357226857,0.0010527747184362,0.0058197741324147,0.011721569704337,0.6654480375571926,0.011902189707852,0.6659016830509563
cool_doe_20260907_150758,ABUPT,45,False,False,12019425.0,12018312.631440155,400,1157,1155,242,1.6796875,0.6172854965727198,0.0344250723719596,0.0329537391662597,0.2091446369886398,0.2787376046180725,1125.4681396484375,0.2642442584037781,0.2688072323799133,0.8283150792121887,0.4182384312152862,0.6460490822792053,6387.74365234375,0.014957764185965,0.015593166463077,0.0284676440060138,2.6812093257904053,4.481625556945801,1096.03271484375,0.0134698059409856,0.0143392076715826,0.0111421011388301,0.0012006814358755,0.0706419125199318,0.1107110306620597,0.0127546768635511,0.5039681792259216,0.0928889513015747,0.0127546973526477,0.597577691078186,8.905232429504395,5609.17431640625,0.1780060678720474,0.0776061341166496,0.0136808408424258,0.7014458179473877,0.0645826160907745,0.0136808222159743,0.6005949974060059,1.8692322969436648,0.0061948248185217,0.1984578520059585,1.224702000617981,0.0141786653548479,0.0158346872776746,1.591785550117493,0.0141786653548479,0.0162478238344192,1499.09033203125,28939.865234375,0.3364067673683166,,0.0143589004874229,0.0155566278845071,,0.0143589004874229,0.0162102989852428,0.000655349693261,0.0011727828532457,0.0699273720383644,0.0191442612558603,0.0127289295196533,8.011754989624023,0.0190266780555248,0.0127289295196533,11.178672790527344,0.4943896234035492,5478.8203125,0.1771243214607238,0.0132785784080624,0.0136610334739089,,0.014678293839097,0.0136610334739089,,163.0,0.0504917081497366,0.0166223778300402,0.859121471548318,0.9997859002128447,0.000686631812183,0.0053770552829707,0.0120493995329904,0.6663618407881787,0.011902189707852,0.6659016830509563
crack_civet_20260904_160737,ABUPT,44,False,False,3004856.0,3004650.442347668,100,242,243,66,2.5,0.6868367106887564,0.1012524366378784,0.0335196964442729,0.1763788908720016,0.2287207096815109,24300.18359375,0.2071515917778015,0.2204238176345825,1.5794963836669922,0.3090975284576416,0.3887935280799866,102270.4765625,0.0481779053807258,0.0482835061848163,0.024796700105071,2.057445287704468,3.0583043098449707,23861.630859375,0.0443135388195514,0.0446005016565322,0.0153876990079879,0.0229633525013923,0.0569298677146434,0.1101535484194755,0.041128646582365,0.3778544664382934,0.0951232090592384,0.0411281175911426,0.4561145603656769,12.775127410888672,121475.078125,0.1406485438346862,0.0762110725045204,0.0462300218641757,0.4990136921405792,0.0693119764328002,0.046229351311922,0.4586328864097595,0.8376979827880859,0.0963952019810676,3.0628457069396973,0.8344432711601257,0.0448352135717868,0.0480140745639801,0.9001721143722534,0.0448352135717868,0.0493941009044647,702.0057983398438,509933.15625,7.6031012535095215,,0.0462490245699882,0.0501067861914634,,0.0462490245699882,0.0493007525801658,0.0107440035790205,0.0225502662360668,0.0399726182222366,0.0630063638091087,0.0410028398036956,6.068326473236084,0.0583832189440727,0.0410028398036956,7.566876411437988,8.88300895690918,119290.1875,0.0985518544912338,0.0424988679587841,0.0461282096803188,,0.0438366457819938,0.0461282096803188,,163.0,0.1289921528014567,0.0401502903137584,-0.3785895437962858,0.9986606920304048,0.001682560091872,0.0115757807463434,0.0125076780020702,0.6640537560592036,0.011902189707852,0.6659016830509563
crisp_collie_20260905_132752,ABUPT,45,False,False,6009712.0,6009668.327847078,200,401,401,141,3.75,0.8018528742573375,0.0599520988762378,0.0423092916607856,0.1969853937625885,0.2465358972549438,11357.744140625,0.2390314042568206,0.2368119060993194,1.3017761707305908,0.4289905726909637,0.6494328379631042,42797.7265625,0.0291825123131275,0.0290225204080343,0.0352158732712268,2.788594484329224,4.333242893218994,11181.5947265625,0.0210590027272701,0.0215270314365625,0.0122685488313436,0.0122655490413308,0.0873719006776809,0.114755742251873,0.023890322074294,0.4523100852966308,0.0988423079252243,0.0238904301077127,0.5055521726608276,9.792396545410156,56768.71484375,0.2110081166028976,0.0808527469635009,0.0254930574446916,0.6107483506202698,0.0717922300100326,0.0254930648952722,0.5074909925460815,1.9262934923172,0.0455649755895137,1.3053646087646484,1.229953050613403,0.0300553347915411,0.026963310316205,1.5802104473114014,0.0300553347915411,0.0283440239727497,1548.415283203125,210887.6875,2.0679006576538086,,0.0304883848875761,0.0278766397386789,,0.0304883848875761,0.0282895881682634,0.0014670283999294,0.0120789678767323,0.0805331617593765,0.0238841995596885,0.0237975418567657,8.31810188293457,0.0241220630705356,0.0237975418567657,10.797086715698242,1.109212875366211,55905.35546875,0.2005708366632461,0.016714684665203,0.025403318926692,,0.0195888914167881,0.025403318926692,,163.0,0.0975470258966508,0.0229024624141961,0.5376435314225962,0.9993930806011924,0.001278906480731,0.0079340119436121,0.0122520078335677,0.6654880937843075,0.011902189707852,0.6659016830509563
crisp_thrush_20260907_160124,ABUPT,43,False,False,24038851.0,24038525.670424517,800,1020,1024,711,10.625,0.9557323759160544,0.030454690568149,0.0474139750003814,0.2395458072423935,0.2872920334339142,241.4130096435547,0.2166036963462829,0.2784055769443512,0.5369129776954651,0.3521037101745605,0.3875529170036316,1607.0399169921875,0.0121610946953296,0.0124457264319062,0.0446523874998092,3.783599138259888,4.5852766036987305,233.7061767578125,0.0123618077486753,0.0132323531433939,0.0075604640878736,0.000208149474929,0.1108704060316085,0.097563549876213,0.0108033427968621,0.6102705001831055,0.076794221997261,0.0108033213764429,0.6360341310501099,6.410322189331055,1193.969970703125,0.1372397541999817,0.0680102482438087,0.0119452681392431,0.5698555707931519,0.0523865967988967,0.0119451750069856,0.6376547813415527,1.270675539970398,0.0010247832396999,0.0710945352911949,1.0319786071777344,0.0120737124234437,0.0122587466612458,0.9503052234649658,0.0120737124234437,0.0125402193516492,1078.328125,5878.22607421875,0.1586814522743225,,0.0123067535459995,0.0120154349133372,,0.0123067535459995,0.0125152133405208,0.0004325106856413,0.0002035411307588,0.1110966876149177,0.0186339728534221,0.01077825948596,11.321385383605955,0.0180711206048727,0.01077825948596,11.439730644226074,0.3612478673458099,1167.5341796875,0.137122556567192,0.0127954129129648,0.0119282025843858,,0.0138844279572367,0.0119282025843858,,163.0,0.0503161758901065,0.0102126031665014,0.8629371307780842,0.9998727735580488,0.0007129011572129,0.0039208170580226,0.0122599842593379,0.6664836308699841,0.011902189707852,0.6659016830509563
cute_cub_20260911_210727,ABUPT,44,True,False,12019425.0,12008783.049324974,400,1,397,397,19.999999962747097,1.0,0.0555066801607608,0.0189544390887022,0.1327581107616424,0.1743222326040268,4639.1708984375,0.1511883288621902,0.1681499928236007,0.8165279626846313,0.2536187767982483,0.4160927832126617,27600.505859375,0.0227249041199684,0.0228173714131116,0.0144754406064748,1.9599677324295044,2.819216251373291,4510.3173828125,0.0201937798410654,0.021890178322792,0.005904811900109,0.0045974580571055,0.0391825586557388,0.0747434124350547,0.0175024773925542,0.3060283958911896,0.0658086612820625,0.0175025779753923,0.3612456321716308,4.831550121307373,23186.060546875,0.0650382936000824,0.0527406521141529,0.0190154202282428,0.381808876991272,0.0483407825231552,0.019015422090888,0.3625264763832092,0.673202633857727,0.0271426569670438,1.354546070098877,0.7164061665534973,0.0230241492390632,0.0214260313659906,1.0062538385391235,0.0230241492390632,0.0224660001695156,556.3845825195312,136885.796875,1.983384132385254,,0.0235920473933219,0.0218577608466148,,0.0235920473933219,0.0224300324916839,0.0021393729839473,0.0044709402136504,0.0318137630820274,0.0310739688575267,0.0174034237861633,5.831425666809082,0.0301477648317813,0.0174034237861633,7.009190559387207,1.7191027402877808,22548.0390625,0.0542875304818153,0.0214730706065893,0.0189144890755414,,0.023378025740385,0.0189144890755414,,163.0,0.0781813612191952,0.0243876113225234,0.743553990977977,0.9995442613287318,0.0010405991261404,0.0073269300046249,0.0119731189910792,0.6662517891301444,0.011902189707852,0.6659016830509563
daring_marlin_20260911_210633,ABUPT,43,True,False,6009712.0,6008674.553966716,200,1,200,200,19.999999962747097,1.0,0.0908322371542453,0.0737930983304977,0.2626616954803467,0.3086991012096405,34810.48046875,0.2458166778087616,0.2993379235267639,3.516871690750122,0.4175590574741363,0.4409067034721374,186181.84375,0.0559491477906703,0.053917109966278,0.0544386319816112,3.77358078956604,4.826675891876221,33961.95703125,0.0308682136237621,0.0307421535253524,0.0132667422294616,0.0367283448576927,0.1528518199920654,0.1112967357039451,0.0367562174797058,0.6399320960044861,0.0927713885903358,0.0367563851177692,0.6605981588363647,11.105039596557615,174029.796875,0.2027143836021423,0.0781756043434143,0.0409347042441368,0.6183397173881531,0.0659296959638595,0.0409347973763942,0.6619477272033691,1.5824353694915771,0.1958880722522735,7.111799240112305,1.145255208015442,0.0598796531558036,0.0475423708558082,1.0220367908477783,0.0598796531558036,0.0502900592982769,1348.6995849609375,928186.875,12.461858749389648,,0.0613164268434047,0.050581868737936,,0.0613164268434047,0.0502174459397792,0.0044130980968475,0.0358366593718528,0.113765150308609,0.0302060432732105,0.0363090485334396,11.254227638244627,0.0307546444237232,0.0363090485334396,12.017780303955078,3.557929039001465,169802.40625,0.1338216513395309,0.0212554428726434,0.0404809825122356,,0.0258727371692657,0.0404809825122356,,163.0,0.1884439938932917,0.0484542614156322,-1.683062531411439,0.9961872242296916,0.0024219686520126,0.015376336730442,0.0115688648053276,0.6575759418652558,0.011902189707852,0.6659016830509563
dear_eagle_20260907_175528,ABUPT,45,False,False,24038851.0,24010301.015561983,800,1301,1301,639,5.703125,0.8866302294683038,0.0265072891488671,0.0158990640193223,0.1376286745071411,0.1746115982532501,337.4657897949219,0.1423673033714294,0.1634931117296219,0.8416301012039185,0.4400146007537842,0.7147383689880371,2066.78271484375,0.0112069603055715,0.01142418384552,0.0112402867525815,1.807766079902649,2.6156036853790283,327.7383117675781,0.0113673293963074,0.0119874374940991,0.0118089951574802,0.0002691056870389,0.027804110199213,0.1182355880737304,0.0106308693066239,0.2840195596218109,0.0998694375157356,0.0106308758258819,0.3313441276550293,9.817415237426758,1667.5928955078125,0.0506081581115722,0.0816997662186622,0.0115808835253119,0.3338212668895721,0.070581667125225,0.0115808369591832,0.3323606848716736,2.0460100173950195,0.0011183985043317,0.0575060024857521,1.2976428270339966,0.0112259769812226,0.0111750280484557,1.769833207130432,0.0112259769812226,0.0113997580483555,1701.5517578125,6930.57373046875,0.1179327666759491,,0.0115214232355356,0.0108924964442849,,0.0115214232355356,0.0113755650818347,0.0003314987116027,0.0002643367624841,0.0276370514184236,0.016176825389266,0.0106186028569936,5.39650297164917,0.0158853866159915,0.0106186028569936,6.517814636230469,0.271938294172287,1638.047119140625,0.0502291321754455,0.0111604193225502,0.0115742394700646,,0.0121940374374389,0.0115742394700646,,163.0,0.0499540432997389,0.0142080575743594,0.8834962139405158,0.9998537054815722,0.000663275751966,0.0046580945312759,0.0121141118798602,0.6669154187827393,0.011902189707852,0.6659016830509563
dear_louse_20260904_155250,ABUPT,43,False,False,3004856.0,3004142.503992088,100,896,898,1,-7.5,0.048012897559903,0.1588559672236442,0.0507550425827503,0.2168130278587341,0.2641200721263885,16325.71875,0.2051371932029724,0.2539028227329254,1.892602562904358,0.4059787690639496,0.980099320411682,79217.8828125,0.0737783536314964,0.0828708633780479,0.0403634123504161,1.4590177536010742,2.781836032867432,15973.3720703125,0.0581759884953498,0.0678978934884071,0.033449649810791,0.0500256977975368,0.068425104022026,0.1289151161909103,0.0465165562927722,0.4750074446201324,0.1335537433624267,0.046516440808773,0.5034882426261902,16.03848648071289,81596.296875,0.1098984479904174,0.101522721350193,0.0466758757829666,0.4672130048274994,0.1010395511984825,0.0466756485402584,0.5103796720504761,2.023495674133301,0.2413849681615829,2.587318420410156,1.066608190536499,0.0585679896175861,0.0927601009607315,2.3252525329589844,0.0585679896175861,0.095711812376976,1172.2218017578125,393735.46875,4.744622707366943,,0.0582473017275333,0.0893094018101692,,0.0582473017275333,0.0951826423406601,0.0222197156399488,0.048953179270029,0.0542122274637222,0.0967781096696853,0.0461766868829727,4.234098434448242,0.1017466485500335,0.0461766868829727,6.829754829406738,9.509939193725586,79847.671875,0.0837362259626388,0.0700098872184753,0.0463420860469341,,0.0786757990717887,0.0463420860469341,,163.0,0.3341476244656988,0.0347199996439416,-2.479689041558418,0.9978654205928962,0.0045416239275953,0.0196279297784157,0.0085915876539284,0.6505186730748973,0.011902189707852,0.6659016830509563
driven_bison_20260902_232244,ABUPT,44,False,False,1502428.0,1500731.36350362,50,186,186,25,0.99609375,0.5268769275125783,0.1500298529863357,0.0446553491055965,0.1819846034049987,0.2144676297903061,49771.1796875,0.1767533719539642,0.2045730799436569,3.1277554035186768,0.4455187618732452,0.5364988446235657,250852.90625,0.0878245085477829,0.0857935920357704,0.0273203738033771,1.867864966392517,2.459047317504883,48645.0546875,0.059217132627964,0.0612563788890838,0.0202594958245754,0.0411363206803798,0.0708107203245163,0.1385035663843155,0.0619252063333988,0.3455249965190887,0.1207431480288505,0.0619254522025585,0.3844631314277649,16.670520782470703,248822.25,0.1481771171092987,0.0937488302588462,0.0710541531443595,0.3654570877552032,0.0894291847944259,0.0710543319582939,0.3864763379096985,1.5412577390670776,0.2069368958473205,6.174662590026856,1.170034885406494,0.0856957361102104,0.0808257386088371,1.2142549753189087,0.0856957361102104,0.0841442793607711,1261.8817138671875,1251709.875,15.418234825134276,,0.0893925428390502,0.0862564742565155,,0.0893925428390502,0.0839941278100013,0.0116683132946491,0.0402075834572315,0.0365288257598876,0.0710387900471687,0.061524711549282,5.471031188964844,0.069618359208107,0.061524711549282,6.047237396240234,9.637181282043455,243205.859375,0.0623661503195762,0.0477695241570472,0.0706647410988807,,0.0565522015094757,0.0706647410988807,,163.0,0.2786560884720891,0.0623889237879571,-2.117340761691295,0.9969044416538768,0.003466652423812,0.018075396846357,0.0126295015237454,0.6575405563274994,0.011902189707852,0.6659016830509563
enough_tuna_20260903_025434,ABUPT,44,False,False,1502428.0,1501407.3319852576,50,252,251,19,-0.546875,0.3305284272767433,0.1297245398163795,0.0331524610519409,0.1683304011821746,0.1949853897094726,36825.828125,0.1556134819984436,0.1861818581819534,2.1207377910614014,0.4152132570743561,0.4712679386138916,124910.0859375,0.0688211172819137,0.0706678256392479,0.021401435136795,1.5312142372131348,1.9616811275482176,36332.47265625,0.0433789864182472,0.0439952909946441,0.0127531243488192,0.0363062061369419,0.0519749224185943,0.1182343736290931,0.0488271862268447,0.3379296362400055,0.1002034917473793,0.0488273240625858,0.3628462851047516,10.44264316558838,184108.0625,0.0961225107312202,0.0825076550245285,0.0550373867154121,0.3292953968048095,0.0728786960244178,0.0550373271107673,0.3650572896003723,1.5306572914123535,0.1226571425795555,3.7098584175109854,1.113918662071228,0.0608197301626205,0.0709013640880584,1.0730843544006348,0.0608197301626205,0.0746755897998809,1267.2877197265625,621997.6875,9.089540481567385,,0.0630222558975219,0.0746199786663055,,0.0630222558975219,0.0744906067848205,0.004178640898317,0.035822570323944,0.0314136631786823,0.0461681745946407,0.0486584044992923,4.498816013336182,0.0464549250900745,0.0486584044992923,4.833418846130371,3.3428425788879395,181655.578125,0.0455626547336578,0.0318644866347312,0.0548934824764728,,0.0385461971163749,0.0548934824764728,,163.0,0.1930211693431797,0.069365984624423,-0.1735685060267957,0.9978526007673864,0.0024424706247496,0.0166310942808762,0.011920170881913,0.6705257648069071,0.011902189707852,0.6659016830509563
epic_tick_20260904_185416,ABUPT,44,False,False,3004856.0,3004142.503992088,100,896,898,1,-7.5,0.048012897559903,0.1781180724501609,0.0544885657727718,0.2132286727428436,0.2472484111785888,13689.4521484375,0.1902304887771606,0.2352269738912582,2.292070150375366,0.425298124551773,0.875049889087677,37182.46484375,0.0703423172235488,0.0799027010798454,0.0418860465288162,1.2552309036254885,2.01737117767334,13557.8935546875,0.0654416382312774,0.081381157040596,0.0577580705285072,0.0419305600225925,0.057498063892126,0.1538436412811279,0.0452284589409828,0.4406138658523559,0.1598563343286514,0.0452283844351768,0.4356505274772644,25.91865921020508,68395.2421875,0.0889815464615821,0.1187714040279388,0.0454253517091274,0.4064947068691253,0.1214378550648689,0.0454252250492572,0.4439169466495514,2.3722739219665527,0.1122620105743408,3.3017709255218506,1.1318191289901731,0.0496852733194828,0.0943900719285011,2.067152976989746,0.0496852733194828,0.0956290066242218,1391.6939697265625,183116.515625,6.20947265625,,0.0494969189167022,0.0911877080798149,,0.0494969189167022,0.0951055884361267,0.0446962974965572,0.0415367893874645,0.0392504297196865,0.1199911236763,0.0451003760099411,3.6006011962890625,0.1270922571420669,0.0451003760099411,4.89378547668457,18.20515251159668,67752.9453125,0.0545596480369567,0.0855813771486282,0.0453018993139267,,0.0994207859039306,0.0453018993139267,,163.0,0.2237949854175296,0.0686597535127366,-0.6164712220745026,0.9946282288196784,0.0027620053475431,0.0295629913310827,0.0110485761975207,0.6456698211830417,0.011902189707852,0.6659016830509563
expert_moray_20260905_150134,ABUPT,43,False,False,12019425.0,12019392.132866204,400,584,585,336,6.8359375,0.9164548531947364,0.0371878743171691,0.0650668516755104,0.2928053140640259,0.3377067148685455,1440.9696044921875,0.2578062415122986,0.3289706408977508,0.6559339165687561,0.3623459637165069,0.3689430654048919,8866.498046875,0.0166697688400745,0.0168707389384508,0.0617351941764354,4.215267181396484,4.991125106811523,1399.3331298828125,0.0136872436851263,0.0143165318295359,0.0082692978903651,0.0014130341587588,0.1536913067102432,0.0995099321007728,0.0135040543973445,0.7654018998146057,0.0776353254914283,0.0135040590539574,0.7598793506622314,7.010474681854248,7190.48828125,0.1692914068698883,0.0703741163015365,0.0147732701152563,0.6882713437080383,0.0526477992534637,0.0147732282057404,0.7623921632766724,1.3811450004577637,0.0082506481558084,0.2545643150806427,1.054051160812378,0.0166803412139415,0.0163064040243625,0.8971998691558838,0.0166803412139415,0.0168176218867301,1173.734375,41984.0859375,0.4674825072288513,,0.0170435160398483,0.0162960216403007,,0.0170435160398483,0.0167843531817197,0.0005220129387453,0.0013747111661359,0.1531286239624023,0.0181119944900274,0.0134375113993883,12.614252090454102,0.0178586468100547,0.0134375113993883,12.453235626220703,0.4263691306114197,6995.4775390625,0.1676155924797058,0.0126604065299034,0.0147140799090266,,0.014117756858468,0.0147140799090266,,163.0,0.0688614460383736,0.012519437802107,0.6302397242641018,0.9997502166137908,0.0009814393487337,0.0052838861121574,0.0122260900515655,0.6667981095688028,0.011902189707852,0.6659016830509563
fair_marten_20260907_160022,ABUPT,43,False,False,24038851.0,24038118.11969437,800,950,949,732,13.75,0.9712497193584916,0.0291457651183009,0.0516861081123352,0.2446750849485397,0.2875500023365021,249.46975708007807,0.2184732407331466,0.2774781882762909,0.6508916020393372,0.3856591284275055,0.3520992398262024,3086.65966796875,0.0115157114341855,0.0117902634665369,0.0483059547841548,3.947528600692749,4.807410717010498,233.5111389160156,0.0111582241952419,0.0117995599284768,0.0089838886633515,0.0002144927420886,0.1201241388916969,0.104510448873043,0.0103275962173938,0.6191872358322144,0.0782459303736686,0.0103275813162326,0.6354652643203735,7.589225769042969,1231.8795166015625,0.145410418510437,0.0727139934897422,0.0113916778936982,0.5713140368461609,0.0510244518518447,0.0113916127011179,0.6369751691818237,1.543878197669983,0.0022326952312141,0.0822343677282333,1.133978009223938,0.0113877467811107,0.011611670255661,0.8626790046691895,0.0113877467811107,0.0118752662092447,1305.099609375,12822.7529296875,0.1731989979743957,,0.0116679752245545,0.0113634476438164,,0.0116679752245545,0.011851405724883,0.000323417247273,0.0002031495678238,0.1203398928046226,0.0158324148505926,0.0103022502735257,11.816451072692873,0.0155164878815412,0.0103022502735257,11.997859001159668,0.2681094408035278,1166.7288818359375,0.1452567130327224,0.0109419804066419,0.0113744689151644,,0.0120121063664555,0.0113744689151644,,163.0,0.0487408190339375,0.0164549296801415,0.8728067112890125,0.9998371064603808,0.0006777061466237,0.0048482289198996,0.0120545394324161,0.6654029891770307,0.011902189707852,0.6659016830509563
fancy_cicada_20260902_113233,ABUPT,43,False,False,1502428.0,1501361.4356329143,50,448,447,1,-6.25,0.0583843645841616,0.181134320795536,0.0516444519162178,0.2226753681898117,0.2660545706748962,19021.818359375,0.2095461338758468,0.2547222971916199,2.408395528793335,0.4478977918624878,0.841208815574646,148152.15625,0.091555044054985,0.098375916481018,0.0383515544235706,1.4140561819076538,2.498706817626953,18297.591796875,0.0683842226862907,0.0757869184017181,0.0342529006302356,0.0485715642571449,0.070572443306446,0.1394301503896713,0.0641312822699546,0.4644646644592285,0.1412578225135803,0.0641313046216964,0.4918129444122314,18.285030364990234,95072.3046875,0.1130628883838653,0.1080237030982971,0.0650505796074867,0.4555641114711761,0.1061412096023559,0.0650504305958747,0.4981392621994018,2.284909963607788,0.376945436000824,3.5476062297821045,1.1579625606536863,0.077643983066082,0.1080868691205978,1.9548571109771729,0.077643983066082,0.1093429327011108,1461.6610107421875,737824.625,6.391262054443359,,0.077541634440422,0.1055684462189674,,0.077541634440422,0.1087930500507354,0.0215480476617813,0.0467297583818435,0.0509659573435783,0.1006025150418281,0.0638759732246398,4.0776896476745605,0.1047548279166221,0.0638759732246398,6.110074043273926,10.134947776794434,91467.5390625,0.0776327326893806,0.0719620063900947,0.0648064389824867,,0.0812771469354629,0.0648064389824867,,163.0,0.3693558404588582,0.1019055230942195,-4.900594839157984,0.9948528794022125,0.0050747104025913,0.0324815987446196,0.009208734212646,0.6464396848250663,0.011902189707852,0.6659016830509563
fancy_mammal_20260905_151613,ABUPT,43,False,False,12019425.0,11995016.790014043,400,1301,1301,222,1.2109375,0.5574272502061667,0.0358200203627347,0.0290652457624673,0.2060593664646148,0.2295095175504684,1762.0758056640625,0.1752038300037384,0.2219312489032745,0.43337082862854,0.2989274263381958,0.3696422576904297,6090.79248046875,0.0143162868916988,0.0151200396940112,0.0267838947474956,2.603327512741089,3.1944479942321777,1737.8447265625,0.0142952557653188,0.0150165436789393,0.0058629717677831,0.0018019571434706,0.0658991634845733,0.082626424729824,0.0134496251121163,0.5221020579338074,0.0661851018667221,0.0134496456012129,0.5008639097213745,4.755159378051758,8800.70703125,0.0807209983468055,0.0585025697946548,0.0143170906230807,0.4527918100357055,0.0451354458928108,0.0143170421943068,0.5025341510772705,0.9325765371322632,0.0059240772388875,0.1478884816169738,0.8674529790878296,0.0136138340458273,0.0157154761254787,0.901444375514984,0.0136138340458273,0.0158543922007083,759.9295654296875,28933.439453125,0.3316925168037414,,0.0137332407757639,0.0148993339389562,,0.0137332407757639,0.0158134400844573,0.0006314043421298,0.001778882346116,0.0654388964176178,0.020594522356987,0.0134399989619851,7.775947570800781,0.0202535837888717,0.0134399989619851,7.959146499633789,0.4919278621673584,8688.0810546875,0.0793100595474243,0.0142750358209013,0.0143154766410589,,0.0153670776635408,0.0143154766410589,,163.0,0.0595747365399449,0.0183460808388265,0.6475881406598922,0.9997568155936472,0.0008707157696698,0.0059181908581418,0.0120027079758799,0.6666333546058817,0.011902189707852,0.6659016830509563
fast_tetra_20260906_075457,ABUPT,44,False,False,12019425.0,11995016.790014043,400,1301,1301,222,1.2109375,0.5574272502061667,0.0338064227253198,0.0143534485250711,0.137984812259674,0.1789713650941848,2457.158935546875,0.1490591913461685,0.1705407947301864,0.4927268028259277,0.3276501297950744,0.4728800654411316,5601.22998046875,0.0143803199753165,0.0153122320771217,0.011653309687972,1.648353934288025,2.5517892837524414,2439.55029296875,0.0140305161476135,0.0148324416950345,0.0069485697895288,0.002513155573979,0.0276784747838974,0.090675413608551,0.0130992783233523,0.310179740190506,0.0742513909935951,0.0130992894992232,0.3666273653507232,5.605348110198975,12274.4775390625,0.0530040301382541,0.0638906136155128,0.0138650517910718,0.369421899318695,0.0512246564030647,0.0138650117442011,0.3681948184967041,1.1119025945663452,0.0053646550513803,0.1172320842742919,0.95350581407547,0.0133789991959929,0.0160656180232763,1.1592504978179932,0.0133789991959929,0.0162601266056299,902.2525024414062,26201.205078125,0.219914823770523,,0.0135005256161093,0.0152601143345236,,0.0135005256161093,0.0162180867046117,0.0007096764747984,0.002497209701687,0.0271749943494796,0.0204527359455823,0.0130867958068847,4.911522388458252,0.0200688317418098,0.0130867958068847,6.352861404418945,0.5423473119735718,12196.5615234375,0.0520650744438171,0.0142021505162119,0.013858881779015,,0.0153192225843667,0.013858881779015,,163.0,0.0560772270761172,0.0161684713763326,0.738787169045324,0.9998005178455378,0.0007971901710058,0.0051683311299129,0.0120915796039532,0.6671343591766209,0.011902189707852,0.6659016830509563
fine_boxer_20260907_160902,ABUPT,44,False,False,24038851.0,24038118.11969437,800,950,949,732,13.75,0.9712497193584916,0.0307443095371127,0.014883816242218,0.1302770376205444,0.1682619601488113,658.266845703125,0.1330503970384597,0.1625634282827377,0.2886603474617004,0.243717074394226,0.4690473675727844,1246.7427978515625,0.0115331821143627,0.0118522467091679,0.01333908457309,2.04126238822937,2.769775867462158,654.9569702148438,0.012951023876667,0.0136419562622904,0.0040730126202106,0.0005718868924304,0.0328505858778953,0.069481536746025,0.0108894249424338,0.3104601800441742,0.0609514415264129,0.0108893997967243,0.3542587161064148,3.3848657608032227,3284.459716796875,0.0524105839431285,0.0483649000525474,0.0119344368577003,0.3388518393039703,0.0451786890625953,0.0119343381375074,0.3552626967430115,0.631275475025177,0.0009028001222759,0.0899239778518676,0.7078787684440613,0.0114679047837853,0.0118045480921864,1.15498149394989,0.0114679047837853,0.0119028855115175,524.19775390625,5184.935546875,0.1913817375898361,,0.0118005936965346,0.0112657705321908,,0.0118005936965346,0.0118780732154846,0.0005334382876753,0.0005700320471078,0.0325292572379112,0.0205210782587528,0.0108788274228572,6.092386722564697,0.0193360522389411,0.0108788274228572,6.899664402008057,0.4454835057258606,3273.79052734375,0.0516267791390419,0.0139731485396623,0.0119289001449942,,0.0144984852522611,0.0119289001449942,,163.0,0.0457178718048497,0.0159090298082049,0.9279669614379,0.9998339159305808,0.000607846205147,0.0051634446032837,0.0119372890762412,0.6658984590141512,0.011902189707852,0.6659016830509563
finer_cobra_20260911_210628,ABUPT,45,True,False,3004856.0,3004756.8657952696,100,1,101,101,19.999999962747097,1.0,0.1764619648456573,0.0712028071284294,0.2174250483512878,0.2743235528469085,107411.4296875,0.2591317892074585,0.2693993151187897,5.445384979248047,0.3969882726669311,0.6520694494247437,461852.40625,0.1116564273834228,0.1059068441390991,0.0410267449915409,2.58036208152771,3.6690597534179688,105425.1484375,0.0721384584903717,0.0699867829680442,0.0161125883460044,0.0858823135495185,0.1189532577991485,0.1147308126091957,0.0926975980401039,0.4448466897010803,0.1105949878692627,0.0926980525255203,0.528864860534668,14.107057571411133,537028.3125,0.284846544265747,0.0801222175359726,0.1039670929312706,0.5933060050010681,0.090190552175045,0.1039672791957855,0.531324028968811,1.1327131986618042,0.3689691126346588,12.296263694763184,0.9802229404449464,0.1185981556773185,0.0921438038349151,1.4727733135223389,0.1185981556773185,0.098101370036602,1002.6134643554688,2307201.25,27.667388916015625,,0.1218000873923301,0.1015127673745155,,0.1218000873923301,0.0979602262377739,0.0098059233278036,0.084296129643917,0.0506128743290901,0.0577151514589786,0.0922962129116058,7.59107494354248,0.0593477971851825,0.0922962129116058,9.067153930664062,8.523868560791016,527108.4375,0.1311210840940475,0.0406478680670261,0.1036290451884269,,0.0531656481325626,0.1036290451884269,,163.0,0.343075128310067,0.0677884075924951,-5.184087827890119,0.9945634634014964,0.0045051548188104,0.0224503590347916,0.0129313825870794,0.654443198585755,0.011902189707852,0.6659016830509563
finer_oriole_20260904_051821,ABUPT,43,False,False,3004856.0,3004650.442347668,100,242,243,66,2.5,0.6868367106887564,0.1062643714249134,0.0680699273943901,0.2915018796920776,0.3645942211151123,26018.896484375,0.2914678156375885,0.3571216166019439,1.9537951946258545,0.3851639330387115,0.451378732919693,143378.859375,0.0557060204446315,0.0551458485424518,0.0574520155787467,3.824198484420776,4.816847324371338,25360.939453125,0.0352671928703784,0.0355681739747524,0.0105360727757215,0.0245888065546751,0.1473443210124969,0.1079403460025787,0.0399913005530834,0.7265738844871521,0.0911864191293716,0.0399914756417274,0.8003033995628357,8.751505851745605,130076.5390625,0.2199835479259491,0.0757891610264778,0.0451772101223468,0.7534370422363281,0.0659912899136543,0.0451771914958953,0.8042241334915161,1.338359236717224,0.1350914388895034,3.478583335876465,1.0489888191223145,0.0542456917464733,0.0522573105990886,1.046566605567932,0.0542456917464733,0.0547573938965797,1121.637451171875,714637.0625,6.990083694458008,,0.0561217553913593,0.0552902854979038,,0.0561217553913593,0.0546578951179981,0.0030407172162085,0.0239692460745573,0.1286047101020813,0.0365950502455234,0.0397575013339519,11.396242141723633,0.0371024161577224,0.0397575013339519,11.985136032104492,2.4693071842193604,126799.3984375,0.181875079870224,0.0255760569125413,0.0449583269655704,,0.0308730937540531,0.0449583269655704,,163.0,0.2248390101667689,0.0405874485873605,-2.860134600280081,0.9979862610389376,0.0030652747131904,0.0141959266871088,0.0131748765921076,0.6671201527810146,0.011902189707852,0.6659016830509563
finer_spider_20260905_130916,ABUPT,44,False,False,6009712.0,6009597.125590071,200,581,584,118,1.8389778956770897,0.6356612324865993,0.0469178203493356,0.0131734376773238,0.120224617421627,0.1472333520650863,3888.561767578125,0.1180711537599563,0.1371833831071853,0.8033162355422974,0.3867885172367096,0.5580397844314575,22575.861328125,0.0217904485762119,0.0224768053740263,0.0087132602930068,1.3294357061386108,1.9448639154434204,3783.65966796875,0.0160907581448555,0.0168998856097459,0.0099705755710601,0.0040653082542121,0.0209303647279739,0.1071210950613021,0.0160178020596504,0.2375349700450897,0.0894425809383392,0.0160178001970052,0.2706319093704223,8.059455871582031,19426.61328125,0.0376309677958488,0.0755653232336044,0.0170333217829465,0.2616148293018341,0.0627349615097045,0.0170332714915275,0.2717068493366241,1.5288949012756348,0.0230971332639455,0.4678469896316528,1.117237210273743,0.0207343362271785,0.0223940983414649,1.3614420890808103,0.0207343362271785,0.0232901088893413,1252.1807861328125,110372.96875,0.9874798655509948,,0.0209569968283176,0.022623898461461,,0.0209569968283176,0.0232367068529129,0.0013930688146501,0.0039584967307746,0.0184108354151248,0.0218004323542118,0.0159299615770578,3.950576543807984,0.0215883068740367,0.0159299615770578,4.832606315612793,1.0334621667861938,18916.16796875,0.0322645977139472,0.0152312275022268,0.0169502906501293,,0.0168746840208768,0.0169502906501293,,163.0,0.0628080422434095,0.0162902965425447,0.7417262077677123,0.9995734515293024,0.0008559976865593,0.0069444052231022,0.0118361566499824,0.66544828473725,0.011902189707852,0.6659016830509563
finer_tapir_20260907_160902,ABUPT,44,False,False,24038851.0,24038068.119517595,800,880,880,760,18.75,0.9843204858321644,0.0297352196648716,0.0144361779093742,0.132330372929573,0.1637711077928543,196.38304138183597,0.1284635961055755,0.154988020658493,0.4832406938076019,0.3372946083545685,0.3910634815692901,1806.7314453125,0.0118470732122659,0.0120530324056744,0.0117890033870935,1.9207998514175413,2.5294291973114014,187.3112335205078,0.011571617797017,0.0122640253975987,0.0066603408195078,0.0001678598346188,0.0293461754918098,0.0953074842691421,0.0107539584860205,0.2909296452999115,0.0760446637868881,0.0107539528980851,0.3280061185359955,5.627222537994385,970.5762939453124,0.0422439277172088,0.065969243645668,0.0118656540289521,0.3075559139251709,0.0525275841355323,0.0118655934929847,0.3290096521377563,1.1243007183074951,0.0012334423372521,0.0831844508647918,0.9881890416145324,0.0120717333629727,0.0116230426356196,0.9596924781799316,0.0120717333629727,0.0119303399696946,950.7442016601562,7131.81298828125,0.1778902560472488,,0.0123455990105867,0.0113485474139451,,0.0123455990105867,0.011906748637557,0.0003487238718662,0.0001618614478502,0.0290428511798381,0.0163349192589521,0.0107293212786316,5.735335350036621,0.0161156896501779,0.0107293212786316,6.302092552185059,0.2897690534591675,935.8936767578124,0.0414788350462913,0.0112943183630704,0.0118489162996411,,0.0124715808779001,0.0118489162996411,,163.0,0.0483945930718217,0.0175164584830866,0.8542736758048458,0.9997213627949618,0.0006418321777401,0.0056524498843054,0.0119837060415282,0.6666473087925903,0.011902189707852,0.6659016830509563
firm_oyster_20260906_055347,ABUPT,44,False,False,12019425.0,12017477.897648329,400,1014,1013,257,2.36328125,0.6933314863604254,0.0325880460441112,0.0155907934531569,0.135509967803955,0.172363743185997,841.3775634765625,0.1400675475597381,0.1616823524236679,0.708495020866394,0.3978018760681152,0.4252327084541321,6236.9130859375,0.0142199825495481,0.0148059437051415,0.0116796791553497,1.6897627115249634,2.489638566970825,811.0989990234375,0.0123864151537418,0.0131770269945263,0.0096256611868739,0.0008274821448139,0.0289375819265842,0.1106322929263114,0.011447818018496,0.2844497561454773,0.0857031866908073,0.0114478226751089,0.3394822478294372,8.053318977355957,4190.67529296875,0.0527313612401485,0.0773110762238502,0.0123574938625097,0.3305340707302093,0.0571837350726127,0.0123574463650584,0.3408434391021728,1.6294472217559814,0.005618202034384,0.1389812380075454,1.164886236190796,0.0136499274522066,0.0148694803938269,1.040940761566162,0.0136499274522066,0.0153159666806459,1365.75439453125,28452.47265625,0.291541576385498,,0.0138592943549156,0.0145806707441806,,0.0138592943549156,0.0152792688459157,0.0004785181954503,0.0008006159914657,0.0283203721046447,0.017988109961152,0.0114058749750256,5.039894104003906,0.017699260264635,0.0114058749750256,6.200694561004639,0.3864343464374542,4054.619140625,0.0513917505741119,0.0124514941126108,0.0123213361948728,,0.013604873791337,0.0123213361948728,,163.0,0.0590316905013679,0.0140945745612275,0.8057291964431693,0.9998754018204464,0.0008271780935784,0.0042940338667868,0.0121003812275721,0.6664987425740926,0.011902189707852,0.6659016830509563
first_gannet_20260904_000925,ABUPT,45,False,False,1502428.0,1502375.0498843938,50,121,121,34,2.6953125,0.7040764737392962,0.192222386598587,0.060681652277708,0.2143947482109069,0.2561592161655426,99516.1171875,0.2187586426734924,0.2481392174959182,4.727978706359863,0.4585681855678558,0.5304611325263977,422421.90625,0.1154079586267471,0.1133826747536659,0.0344776026904583,2.0715115070343018,2.640544891357422,97708.984375,0.0749253556132316,0.0736987143754959,0.02046456374228,0.0777523145079612,0.0923634022474289,0.1388721466064453,0.0866366028785705,0.4176754653453827,0.1223556548357009,0.0866373628377914,0.4747236669063568,17.368465423583984,497545.46875,0.2005604058504104,0.0956228598952293,0.0990131571888923,0.4616399109363556,0.0934183150529861,0.0990130081772804,0.477423220872879,1.5977617502212524,0.3296310007572174,10.057369232177734,1.1561460494995115,0.1155817583203315,0.1039766743779182,1.158636450767517,0.1155817583203315,0.1097255572676658,1351.261962890625,2109359.0,23.93466567993164,,0.1210953891277313,0.1097205206751823,,0.1210953891277313,0.1095263361930847,0.0115569047629833,0.0763427019119262,0.0364657454192638,0.0750039741396904,0.0861972048878669,6.053332805633545,0.0734524130821228,0.0861972048878669,6.484811305999756,9.835474967956545,488525.09375,0.0674255341291427,0.0512493513524532,0.0986013561487197,,0.0612473934888839,0.0986013561487197,,163.0,0.3488669217383318,0.0569586988992007,-7.463282255762149,0.9960470723665906,0.0045412046369133,0.0227461038789112,0.0131860124297507,0.6644830167628213,0.011902189707852,0.6659016830509563
first_swan_20260905_131128,ABUPT,44,False,False,6009712.0,6007820.22114443,200,1121,1126,57,-0.703125,0.3207102045510107,0.0503529962152242,0.0158913917839527,0.1410346180200576,0.1768162548542022,7135.03466796875,0.145926684141159,0.1674922257661819,0.6862682104110718,0.3526694774627685,0.4939045011997223,23513.92578125,0.0221154708415269,0.0230759065598249,0.0121092032641172,1.3529788255691528,2.269371747970581,7043.1396484375,0.0190310850739479,0.0199024528264999,0.0090066287666559,0.0085140578448772,0.026464819908142,0.0968634933233261,0.018359700217843,0.3078806400299072,0.078959971666336,0.0183597095310688,0.3539007902145386,6.853702068328857,35661.3671875,0.0499803610146045,0.0687696784734726,0.0191927757114171,0.3498176038265228,0.0533425323665142,0.0191927179694175,0.355791687965393,1.3113459348678589,0.0275826398283243,0.3905332684516907,1.0132640600204468,0.0208569131791591,0.0238874591886997,1.2000805139541626,0.0208569131791591,0.0242522396147251,1019.0236206054688,115529.9765625,0.8050651550292969,,0.0208705011755228,0.0233604405075311,,0.0208705011755228,0.024178609251976,0.0016522262012585,0.0084071056917309,0.0244172308593988,0.0271781906485557,0.018312444910407,4.013445854187012,0.0267136022448539,0.018312444910407,5.637559413909912,1.137440204620361,35213.3359375,0.0457256212830543,0.0189093966037035,0.0191527735441923,,0.0202772915363311,0.0191527735441923,,163.0,0.0827502459922504,0.0222950903905655,0.4952176907829835,0.9994650888880696,0.0011479452501278,0.0076464434011798,0.0119449254190071,0.6676725199143219,0.011902189707852,0.6659016830509563
fit_locust_20260904_164950,ABUPT,44,False,False,3004856.0,3002844.7837300897,100,765,765,12,-2.5,0.1687694706206921,0.0825647264719009,0.0241864826530218,0.1614044606685638,0.1887450218200683,12655.8818359375,0.1424804329872131,0.1806991249322891,1.1388527154922483,0.3501494228839874,0.5787532329559326,56780.2421875,0.0385847128927707,0.0417232103645801,0.0179074816405773,1.2754825353622437,1.8936233520507808,12408.623046875,0.0281131789088249,0.0306562930345535,0.0116616422310471,0.0192703325301408,0.0391694009304046,0.0991216897964477,0.0263430941849946,0.358748584985733,0.0882766395807266,0.0263431463390588,0.3704143762588501,8.075404167175293,63263.12890625,0.0624905638396739,0.075316697359085,0.0273900609463453,0.3247345387935638,0.0636912733316421,0.0273900348693132,0.374361515045166,1.4027961492538452,0.085844986140728,1.4014132022857666,0.9717918634414672,0.032846450805664,0.0458099842071533,1.3840970993041992,0.032846450805664,0.0463628321886062,1037.4287109375,281820.40625,2.974848747253418,,0.0328433737158775,0.044326052069664,,0.0328433737158775,0.0461631305515766,0.0038041516672819,0.0188972279429435,0.0315159372985363,0.0408873073756694,0.0262167062610387,3.7593436241149902,0.0414309203624725,0.0262167062610387,4.6795196533203125,2.2606735229492188,62038.50390625,0.0461119674146175,0.0289516616612672,0.0272746942937374,,0.0323470905423164,0.0272746942937374,,163.0,0.1051395397604282,0.0260175987274982,-0.0603015688256374,0.999417196618061,0.0014668492816213,0.0092747704795314,0.0119492002930796,0.6632737933583673,0.011902189707852,0.6659016830509563
fit_moray_20260904_151158,ABUPT,43,False,False,3004856.0,3003447.1558601856,100,634,634,24,-1.328125,0.2569048825032909,0.0717541314661502,0.039655465632677,0.2329769432544708,0.2835616767406463,9860.2080078125,0.2307125031948089,0.2731561362743377,1.3113685846328735,0.4381369352340698,0.4862432479858398,42589.984375,0.0365547016263008,0.0380396358668804,0.0324892215430736,2.1405739784240723,3.397549152374268,9676.8193359375,0.0242299176752567,0.0258263181895017,0.013710212893784,0.01353963278234,0.0786586329340934,0.1215221732854843,0.0241996087133884,0.5532090067863464,0.1002383977174758,0.0241996757686138,0.596565842628479,10.555231094360352,49279.65625,0.1353110373020172,0.0889029502868652,0.0253724753856658,0.577862024307251,0.0693590641021728,0.0253724511712789,0.6008450984954834,2.074892282485962,0.0576108917593956,1.1747236251831057,1.2418445348739624,0.0312013179063797,0.0413649268448352,1.1585358381271362,0.0312013179063797,0.0414715260267257,1628.8546142578125,209686.96875,2.6173932552337646,,0.0314519666135311,0.0416574403643608,,0.0314519666135311,0.0413334667682647,0.0020679871086031,0.0132926972582936,0.0725087225437164,0.0330287739634513,0.0240745637565851,6.36461877822876,0.0332532562315464,0.0240745637565851,8.44858169555664,1.414350986480713,48381.02734375,0.1213802993297576,0.0232130773365497,0.0252467580139637,,0.0261160992085933,0.0252467580139637,,163.0,0.1235765703303743,0.0253118036501821,0.4285601268926057,0.999026930559854,0.0016420626231431,0.0109942521807776,0.0114138825855958,0.6608315675202864,0.011902189707852,0.6659016830509563
fleet_corgi_20260907_160708,ABUPT,43,False,False,24038851.0,24038804.561455272,800,1090,1093,687,8.75,0.9416038086302386,0.05125133972615,0.0721757486462593,0.2917134463787079,0.3522277474403381,552.478759765625,0.2676690816879272,0.3413028419017792,0.5608891248703003,0.3581384718418121,0.4178119599819183,2358.8330078125,0.0121033992618322,0.0124770393595099,0.0694204717874527,4.499541759490967,5.624505043029785,542.3649291992188,0.0263941623270511,0.0308919679373502,0.0181221719831228,0.000509247300215,0.1620625704526901,0.1211158260703086,0.0159818977117538,0.7380425930023193,0.103055253624916,0.0159817431122064,0.7695232629776001,15.047045707702637,2731.8896484375,0.2050466537475586,0.0836047157645225,0.0176285654306411,0.701774001121521,0.0729738473892211,0.0176282487809658,0.7714691162109375,1.3294312953948977,0.0017813694430515,0.071900874376297,1.0501950979232788,0.0116369584575295,0.0125834140926599,1.025936722755432,0.0116369584575295,0.0127747161313891,1118.7890625,9556.2880859375,0.1496118903160095,,0.0119345430284738,0.0122722554951906,,0.0119345430284738,0.0127482879906892,0.0107243256643414,0.0005021432298235,0.1625757813453674,0.0528985075652599,0.0159903820604085,13.429737091064451,0.0504575595259666,0.0159903820604085,14.00281047821045,8.820120811462402,2693.773681640625,0.2053671181201934,0.0351407192647457,0.0176476035267114,,0.0375141501426696,0.0176476035267114,,163.0,0.0468284116863179,0.0156509614260603,0.8993427054852846,0.9997877832670168,0.0006373097647735,0.0054185566918846,0.0120240108164125,0.6664862164844894,0.011902189707852,0.6659016830509563
fluent_camel_20260904_164950,ABUPT,44,False,False,3004856.0,3003447.1558601856,100,634,634,24,-1.328125,0.2569048825032909,0.074657142162323,0.0233130548149347,0.1489326953887939,0.1779309809207916,10016.2646484375,0.1378846913576126,0.1685904264450073,1.3570184707641602,0.3911875784397125,0.6743468046188354,55405.9140625,0.036325316876173,0.0375080294907093,0.015806982293725,1.3547301292419434,1.9450149536132808,9762.392578125,0.0244475174695253,0.0255728214979171,0.0114515144377946,0.0137550812214612,0.0399535782635211,0.1046416461467742,0.0258872397243976,0.316269189119339,0.0916043743491172,0.0258873309940099,0.3402793705463409,8.479381561279297,50064.234375,0.0630992576479911,0.0761009603738784,0.027049446478486,0.3105036616325378,0.0654536709189415,0.0270494502037763,0.3424976468086242,1.684730052947998,0.0754115879535675,1.6701103448867798,1.1020605564117432,0.0318597182631492,0.039642509073019,1.629528284072876,0.0318597182631492,0.0404087640345096,1272.772216796875,274476.3125,3.847951650619507,,0.0319564156234264,0.0406942181289196,,0.0319564156234264,0.0402838364243507,0.0020055240020155,0.0134101444855332,0.0308068562299013,0.0314033068716526,0.0257756691426038,4.007011413574219,0.0315865650773048,0.0257756691426038,4.818063259124756,1.341139793395996,48809.19921875,0.0418574213981628,0.021949054673314,0.0269459802657365,,0.02488624304533,0.0269459802657365,,163.0,0.109508505429156,0.0232529044596861,0.4824045911567587,0.9992196451768972,0.0014623583407394,0.0101055272770062,0.011654510599206,0.6634095813160366,0.011902189707852,0.6659016830509563
free_moth_20260911_224229,ABUPT,43,True,False,24038851.0,24024123.57446395,800,1,798,798,19.999999962747097,1.0,0.0317531237378716,0.0616476647555828,0.279751569032669,0.3237553536891937,361.1134338378906,0.2497740238904953,0.3145771324634552,0.6426645517349243,0.3742210566997528,0.4697805941104889,2517.31103515625,0.0127443391829729,0.0128294415771961,0.0583727657794952,4.423462867736816,5.343986511230469,349.0303955078125,0.0121847866103053,0.0126567957922816,0.0088555561378598,0.000317287776852,0.1451049596071243,0.1007127463817596,0.0119328163564205,0.7266091704368591,0.0830270126461982,0.0119327995926141,0.7203949093818665,7.552386283874512,1790.1226806640625,0.1698583364486694,0.0704613849520683,0.0131944874301552,0.6656661629676819,0.057803351432085,0.0131944250315427,0.7220422029495239,1.5199185609817505,0.0017709997482597,0.0858574360609054,1.0972294807434082,0.0130099691450595,0.0124236736446619,1.1553305387496948,0.0130099691450595,0.0126159181818366,1297.189453125,9991.7919921875,0.191956028342247,,0.0133049795404076,0.0121836988255381,,0.0133049795404076,0.0125916730612516,0.0003338456735946,0.0003091594553552,0.1454434990882873,0.0161137823015451,0.0119109926745295,13.24236297607422,0.0158896818757057,0.0119109926745295,13.338119506835938,0.2793969213962555,1744.253662109375,0.1697415709495544,0.0111864171922206,0.0131831560283899,,0.0123936161398887,0.0131831560283899,,163.0,0.0527138179195795,0.0127384862161484,0.8456249722422003,0.9997398998292704,0.0007287039949722,0.0047435855667441,0.012086113066878,0.6671056211205363,0.011902189707852,0.6659016830509563
fresh_possum_20260905_134308,ABUPT,45,False,False,6009712.0,6007820.22114443,200,1121,1126,57,-0.703125,0.3207102045510107,0.0508289039134979,0.0266859959810972,0.2106176614761352,0.2363166809082031,4294.1953125,0.1798894256353378,0.2260033190250396,0.9606533050537108,0.4281210601329803,0.7519662976264954,20592.73828125,0.0225248225033283,0.0241156723350286,0.0214176140725612,1.9571446180343628,2.625859022140503,4202.8427734375,0.0198432132601737,0.0208729859441518,0.012697959318757,0.0051215360872447,0.0514562614262104,0.1149731203913688,0.0178200528025627,0.499059796333313,0.0983511060476303,0.0178200732916593,0.483530580997467,9.674001693725586,21451.4921875,0.0684440433979034,0.0821585953235626,0.0187808703631162,0.4387287497520447,0.0692649036645889,0.0187808256596326,0.4863529801368713,1.993598699569702,0.0238522049039602,0.3961082696914673,1.23847234249115,0.0203016232699155,0.0255891941487789,1.8437366485595703,0.0203016232699155,0.0260281693190336,1528.568603515625,99905.03125,0.7573360204696655,,0.0204552821815013,0.0245943628251552,,0.0204552821815013,0.0259458646178245,0.0015166155062615,0.0050165392458438,0.0495191477239131,0.0304382592439651,0.0177729837596416,5.823222160339356,0.0295177660882473,0.0177729837596416,6.526243209838867,1.0999932289123535,21011.884765625,0.0645641908049583,0.0209455955773592,0.0187408290803432,,0.0219390653073787,0.0187408290803432,,163.0,0.081329327376706,0.0198614003908411,0.771092871532144,0.99898312101687,0.0010432412428704,0.0089220831000842,0.011693701270972,0.667068417130424,0.011902189707852,0.6659016830509563
funny_oyster_20260905_102933,ABUPT,43,False,False,6009712.0,6008568.416536912,200,761,764,98,0.5859375,0.4858379216348832,0.0455103274434804,0.0528438575565815,0.2577321529388428,0.2711557447910309,4159.96826171875,0.2080093473196029,0.263012558221817,0.590149462223053,0.3254395127296448,0.4283116459846496,15678.513671875,0.0214035548269748,0.0221449937671422,0.0498154982924461,3.321235418319702,3.6714491844177246,4095.420654296875,0.0169559121131896,0.0176447555422782,0.0068906256929039,0.0046355430968105,0.1229012385010719,0.0894459187984466,0.0169514473527669,0.6667990684509277,0.0732362791895866,0.016951510682702,0.5961772799491882,5.543008804321289,20788.5078125,0.1230423748493194,0.0637474060058593,0.0178169105201959,0.5424637198448181,0.0504708588123321,0.0178168788552284,0.5981521010398865,1.077192306518555,0.0170908141881227,0.3896359503269195,0.9333315491676332,0.0198721718043088,0.0231148172169923,1.0374937057495115,0.0198721718043088,0.0233492776751518,873.1397094726562,76644.640625,0.8241481781005859,,0.0198569595813751,0.0229501519352197,,0.0198569595813751,0.0232890099287033,0.0008462340338155,0.0045657642185688,0.1214096322655677,0.0231577232480049,0.0168958641588687,9.923651695251465,0.0229671616107225,0.0168958641588687,9.147207260131836,0.6431260704994202,20475.580078125,0.1191137582063674,0.016142651438713,0.0177691727876663,,0.0175825450569391,0.0177691727876663,,163.0,0.080339997086979,0.0180016928784908,0.6540835487727408,0.999729027215982,0.0010900101620014,0.0058769029778503,0.0120711459808972,0.6660867583957094,0.011902189707852,0.6659016830509563
funny_rabbit_20260907_161322,ABUPT,44,False,False,24038851.0,24038525.670424517,800,1020,1024,711,10.625,0.9557323759160544,0.0285042328760027,0.0152779910713434,0.1269388645887375,0.1548452526330948,228.150634765625,0.1202653869986534,0.1461074650287628,0.4384702146053314,0.3231338560581207,0.3608771562576294,1351.102294921875,0.0113513618707656,0.0117113143205642,0.0128889083862304,1.9184638261795044,2.389425754547119,221.80099487304688,0.0111767817288637,0.0117578646168112,0.0061818091198801,0.000197033456061,0.0319146513938903,0.0910217761993408,0.0100561697036027,0.2797386348247528,0.0704364255070686,0.0100561492145061,0.3116486072540283,5.237939357757568,1130.1966552734375,0.040273942053318,0.0632724985480308,0.0110400877892971,0.2864835560321808,0.0471382029354572,0.0110400207340717,0.3126104176044464,1.0403296947479248,0.0008701004553586,0.0554108396172523,0.9464929699897766,0.0114185651764273,0.0114900013431906,0.8847721815109253,0.0114185651764273,0.0117114260792732,882.1707763671875,4990.95654296875,0.1069517433643341,,0.0117594208568334,0.0109433028846979,,0.0117594208568334,0.0116872601211071,0.0003427123883739,0.000193225001567,0.0317829474806785,0.0164335984736681,0.010033356025815,5.728924751281738,0.0159253105521202,0.010033356025815,5.952622413635254,0.2865127623081207,1108.3521728515625,0.0398999862372875,0.0113315293565392,0.0110220350325107,,0.0121257798746228,0.0110220350325107,,163.0,0.0574509492258942,0.0129069773657284,0.8494512352805753,0.9998214825202376,0.0007779097289958,0.0050625559099726,0.0119725363176401,0.6662070853049489,0.011902189707852,0.6659016830509563
giving_toucan_20260903_151000,ABUPT,44,False,False,1502428.0,1501361.4356329143,50,448,447,1,-6.25,0.0583843645841616,0.1739547997713089,0.0577351339161396,0.2357253432273864,0.2910964488983154,19800.537109375,0.2338665127754211,0.2789026200771332,2.263899803161621,0.4311734437942505,0.7817950248718262,133187.21875,0.0848595947027206,0.0912714079022407,0.0452894791960716,1.5879710912704468,3.102687358856201,19165.42578125,0.0679000914096832,0.0757221058011055,0.0347244292497634,0.0505601353943347,0.0843333452939987,0.1440746635198593,0.0578880347311496,0.5052133202552795,0.1438764035701751,0.0578880235552787,0.5549206733703613,18.88755226135254,98964.625,0.1449270248413086,0.1105993837118148,0.0586199127137661,0.532380223274231,0.1069022566080093,0.0586197488009929,0.5610443949699402,2.149309635162353,0.3388181030750274,3.3410303592681885,1.1210802793502808,0.0704836845397949,0.1019563600420951,1.816866636276245,0.0704836845397949,0.102379024028778,1364.4541015625,663194.375,6.39186954498291,,0.0700921043753624,0.0996270775794982,,0.0700921043753624,0.1018610596656799,0.0227853804826736,0.048945564776659,0.0659655332565307,0.1084721237421035,0.0576743073761463,4.597766399383545,0.1113163009285926,0.0576743073761463,7.616565704345703,11.287761688232422,95804.328125,0.1096866801381111,0.0773828253149986,0.0584173500537872,,0.0843744874000549,0.0584173500537872,,163.0,0.2944746683643063,0.0891481840650366,-2.629665392725676,0.9958187186338404,0.0037906531146345,0.031589131775482,0.0102066887246787,0.6463852052282417,0.011902189707852,0.6659016830509563
good_skink_20260911_174556,ABUPT,43,True,False,1502428.0,1501245.79355672,50,1,52,52,19.999999962747097,1.0,0.3184722438454628,0.0995670482516288,0.284671813249588,0.3170390427112579,192943.59375,0.2779448628425598,0.3091616332530975,7.304530143737793,0.483504980802536,0.6711038947105408,677800.125,0.2019258439540863,0.1947968155145645,0.059169590473175,2.929748296737671,4.145580291748047,190232.78125,0.121165856719017,0.1165842786431312,0.0285158045589923,0.1377058327198028,0.1515488922595977,0.1476888358592987,0.161502406001091,0.5448241829872131,0.142988845705986,0.1615045368671417,0.5688564777374268,25.379642486572266,964666.5,0.3277721405029297,0.1042279154062271,0.1750847697257995,0.5545218586921692,0.1155043542385101,0.1750857084989547,0.5698567628860474,1.3344491720199585,0.4834135472774505,16.685169219970703,1.0655004978179932,0.2119821608066558,0.1730323284864425,1.3871212005615234,0.2119821608066558,0.1846474856138229,1225.923828125,3386472.75,38.05065155029297,,0.2156992554664611,0.1881524324417114,,0.2156992554664611,0.1843456029891967,0.0211417637765407,0.1357723027467727,0.0588960722088813,0.0973535180091857,0.1607002019882202,8.531190872192383,0.1005668640136718,0.1607002019882202,10.18303394317627,18.600605010986328,951126.5,0.1163235828280448,0.0679915621876716,0.174340158700943,,0.0877063497900962,0.174340158700943,,163.0,0.575990964591351,0.1190359842874883,-12.799590095887112,0.9878427344554784,0.0076474737347466,0.0417584542875696,0.012247335388174,0.6491940710922118,0.011902189707852,0.6659016830509563
grown_sole_20260907_175525,ABUPT,45,False,False,24038851.0,24038660.9272973,800,1230,1236,652,6.40625,0.9051351778993636,0.0271145151928067,0.0185027476400136,0.1516563892364502,0.1944373697042465,245.2820587158203,0.1724374294281005,0.1830011159181594,0.8690679669380188,0.4509592950344085,0.6113651394844055,1824.7310791015625,0.011743564158678,0.0119718508794903,0.0137031972408294,2.0029940605163574,3.0515265464782715,236.40231323242188,0.0113277155905961,0.0118270190432667,0.0121343405917286,0.0001919301284942,0.034026563167572,0.1235953941941261,0.0105430297553539,0.320830762386322,0.1001607626676559,0.0105430176481604,0.3806611895561218,10.215567588806152,1205.8214111328125,0.0788411051034927,0.0861190557479858,0.0115221738815307,0.4196710884571075,0.0696868747472763,0.011522103101015,0.3820548057556152,2.104578971862793,0.0008878539665602,0.0676470696926117,1.3293633460998535,0.0119367269799113,0.0115777449682354,1.5105780363082886,0.0119367269799113,0.0118664829060435,1772.6484375,5578.10107421875,0.1286713480949401,,0.012232793495059,0.011254334822297,,0.012232793495059,0.0118413791060447,0.0003255367628298,0.0001880289928521,0.0338384434580802,0.0161764752119779,0.0105193266645073,5.982285976409912,0.0157437548041343,0.0105193266645073,7.607813835144043,0.2691556215286255,1181.316162109375,0.0785624608397483,0.0111521193757653,0.011503311805427,,0.0119888745248317,0.011503311805427,,163.0,0.0523207048308739,0.0109338813748697,0.8364205185795679,0.9998116896562106,0.0007343318673943,0.004561673381075,0.012143928377406,0.6674605507317999,0.011902189707852,0.6659016830509563
helped_kid_20260905_150139,ABUPT,43,False,False,12019425.0,12019140.142637894,400,727,726,306,4.375,0.8436767605651034,0.0397637970745563,0.0738806426525116,0.2890365719795227,0.3396728038787842,2363.10595703125,0.2584938108921051,0.3304083049297333,0.7990752458572388,0.360578328371048,0.4229789674282074,15627.412109375,0.0150021761655807,0.0154449297115206,0.0697962120175361,4.376932144165039,5.59506893157959,2288.883544921875,0.0152572467923164,0.0164452698081731,0.0086924312636256,0.00256317271851,0.174727588891983,0.0998282134532928,0.0132532380521297,0.7540282607078552,0.0799319520592689,0.0132532436400651,0.7626234292984009,7.106042861938477,11800.8876953125,0.2148147523403167,0.0705733597278595,0.0141933793202042,0.6907146573066711,0.0545070245862007,0.0141933299601078,0.7644169330596924,1.3967620134353638,0.016473276540637,0.5926893949508667,1.0515683889389038,0.0150487935170531,0.0151178678497672,1.0343190431594849,0.0150487935170531,0.0156041104346513,1146.0103759765625,75843.109375,0.9652584791183472,,0.0151886884123086,0.0148156629875302,,0.0151886884123086,0.0155730508267879,0.0008609964861534,0.00248534954153,0.1723868548870086,0.0238709207624197,0.0132104838266968,13.09371566772461,0.0231775529682636,0.0132104838266968,13.957889556884766,0.6801181435585022,11442.63671875,0.2106004655361175,0.016356972977519,0.0141575215384364,,0.0175891444087028,0.0141575215384364,,163.0,0.0535633416752558,0.016728459490419,0.742465742096063,0.9998181566129632,0.0007616572021489,0.0046196314484441,0.012329684817018,0.6666123095830512,0.011902189707852,0.6659016830509563
humane_fish_20260904_191433,ABUPT,45,False,False,3004856.0,3002844.7837300897,100,765,765,12,-2.5,0.1687694706206921,0.096451848745346,0.029608292505145,0.1755745410919189,0.2187468111515045,11586.1689453125,0.1748345792293548,0.2068367451429367,1.5918567180633545,0.4622117578983307,1.0276283025741575,60063.4140625,0.0422602519392967,0.0464232452213764,0.0207971148192882,1.2812498807907104,2.4480128288269043,11314.3427734375,0.042981244623661,0.0485874451696872,0.026501577347517,0.0176351517438888,0.0387015752494335,0.1405645906925201,0.0351801216602325,0.3509788811206817,0.1330007165670395,0.0351798795163631,0.3962763547897339,17.901718139648438,57894.87109375,0.0855913832783699,0.1037846058607101,0.0366724468767643,0.3840466439723968,0.0993206053972244,0.036671757698059,0.3994354009628296,2.590693473815918,0.0903641059994697,1.343766450881958,1.3000941276550293,0.0346239544451236,0.0519172102212905,2.49922513961792,0.0346239544451236,0.0525339171290397,1827.224365234375,296656.15625,3.220465660095215,,0.0346776768565177,0.0498428232967853,,0.0346776768565177,0.0522960275411605,0.0120294839143753,0.0172273870557546,0.0313496105372905,0.0701572522521019,0.0351162627339363,3.738476276397705,0.0708038955926895,0.0351162627339363,6.031670093536377,7.687615394592285,56556.203125,0.0679152756929397,0.0493404455482959,0.0366220436990261,,0.0545701459050178,0.0366220436990261,,163.0,0.1324213241110643,0.0399696020066288,0.2440864896490354,0.9989621243057296,0.0017692813925514,0.0133345346111847,0.0111166072434261,0.6591450016252177,0.011902189707852,0.6659016830509563
humble_raven_20260904_155959,ABUPT,44,False,False,3004856.0,3004299.5644759163,100,112,114,91,19.2219502851367,0.9772066413093844,0.1842885687947273,0.054739236831665,0.1725324690341949,0.2023785412311554,89770.4921875,0.1756651699542999,0.1966512203216552,4.537395477294922,0.3689392507076263,0.4379464089870453,369289.75,0.1148271262645721,0.1097219213843345,0.0295722540467977,1.8127975463867188,2.3856067657470703,88206.46875,0.0720449239015579,0.0722699239850044,0.0166515186429023,0.0734276324510574,0.0834827572107315,0.1156928166747093,0.0867703035473823,0.3151342272758484,0.1064929068088531,0.0867710560560226,0.3560678958892822,14.423795700073242,448823.25,0.1675664484500885,0.0811996608972549,0.098175324499607,0.3476204872131347,0.085018441081047,0.0981752425432205,0.3575220108032226,0.9343164563179016,0.3017985820770263,10.258273124694824,0.8891204595565796,0.121538408100605,0.096158854663372,0.93172025680542,0.121538408100605,0.102376565337181,824.3160400390625,1844758.0,21.00590705871582,,0.1247197985649108,0.1049344465136528,,0.1247197985649108,0.1022229790687561,0.0114672761410474,0.0721495971083641,0.0263885594904422,0.0664064586162567,0.0861046239733696,5.285881996154785,0.0671935081481933,0.0861046239733696,5.853771209716797,9.848417282104492,441012.5625,0.0506611242890358,0.0465139970183372,0.0975758582353591,,0.059616956859827,0.0975758582353591,,163.0,0.3535739389897016,0.0619507397049949,-6.470599357451312,0.9942049971219,0.0046026833571585,0.0249420296541729,0.0114030418569486,0.6584418099202001,0.011902189707852,0.6659016830509563
humble_yak_20260911_210655,ABUPT,45,True,False,6009712.0,6008674.553966716,200,1,200,200,19.999999962747097,1.0,0.0834054388105869,0.0475367680191993,0.1736396998167038,0.2237291783094406,38866.36328125,0.1998319923877716,0.2159046977758407,3.373788833618164,0.3832460343837738,0.6068853139877319,226862.34375,0.0521065816283226,0.0506109930574893,0.0288423057645559,2.3920485973358154,3.573140382766724,37813.0859375,0.0318525694310665,0.0318622142076492,0.0112064639106392,0.0410084761679172,0.0871312096714973,0.1048825681209564,0.0376812815666198,0.3783552050590515,0.0940302610397338,0.0376816056668758,0.4464519023895263,9.29195499420166,194312.921875,0.1584889143705368,0.0731600224971771,0.0417751893401145,0.4845607280731201,0.0710346549749374,0.0417752936482429,0.4478394091129303,1.3012429475784302,0.2389209270477295,7.013768196105957,1.0500518083572388,0.0528869517147541,0.0467992648482322,1.4418702125549316,0.0528869517147541,0.048899658024311,1097.2540283203125,1132093.125,12.061613082885742,,0.0541712343692779,0.0500419288873672,,0.0541712343692779,0.0488308742642402,0.0039218221791088,0.0398995280265808,0.0482341796159744,0.0314729623496532,0.0374138206243515,7.107258796691895,0.0318952165544033,0.0374138206243515,8.882248878479004,3.1482481956481934,189058.9375,0.0916173756122589,0.0221880227327346,0.0415171161293983,,0.0270347632467746,0.0415171161293983,,163.0,0.1763952954403672,0.031687276721242,-0.5927405755150392,0.9979597368101216,0.0023355155319494,0.0116014959701793,0.0128425701051861,0.6609051216670656,0.011902189707852,0.6659016830509563
key_bengal_20260905_133634,ABUPT,45,False,False,6009712.0,6008727.283630662,200,941,940,79,-0.15625,0.3848948458393663,0.0738369580358266,0.0232276748865842,0.1792945563793182,0.2301820814609527,6440.42919921875,0.1894581764936447,0.2196119129657745,0.7068907022476196,0.3633869588375091,0.7065119743347168,17922.73046875,0.0226722583174705,0.0245123449712991,0.0193736758083105,1.7373909950256348,3.029514789581299,6376.1044921875,0.035459317266941,0.0399308390915393,0.0190974101424217,0.0073937191627919,0.0352749153971672,0.1214928403496742,0.0287631452083587,0.3876276314258575,0.1097757816314697,0.0287626888602972,0.4512980580329895,14.473246574401855,32173.05078125,0.0740964785218238,0.0843291357159614,0.0309502743184566,0.4530951380729675,0.0799565091729164,0.0309495851397514,0.4535984694957733,1.388698697090149,0.0201014336198568,0.3684772253036499,1.044292449951172,0.0198849476873874,0.0259834062308073,1.7296028137207031,0.0198849476873874,0.0267346613109111,1071.662109375,87469.1640625,0.5821738839149475,,0.0202262643724679,0.0251182522624731,,0.0202262643724679,0.0266553871333599,0.0113680008798837,0.0073225488886237,0.033404916524887,0.0599328316748142,0.0287778154015541,5.123462677001953,0.0590550303459167,0.0287778154015541,7.500343322753906,8.506356239318848,31863.3671875,0.0712426751852035,0.0399390906095504,0.0309795476496219,,0.0444064885377883,0.0309795476496219,,163.0,0.0860066744505363,0.0215949114779577,0.3700854802973377,0.9994839671776968,0.0012653217383639,0.0075589012420639,0.0124497299413294,0.6674271016377318,0.011902189707852,0.6659016830509563
known_jay_20260901_102117,ABUPT,43,False,False,1502428.0,1502375.0498843938,50,121,121,34,2.6953125,0.7040764737392962,0.1988853961229324,0.0638430044054985,0.2580934762954712,0.303234338760376,83213.71875,0.25369393825531,0.2959931492805481,4.131761074066162,0.4253109693527221,0.4776993691921234,374107.375,0.1191678196191787,0.1149004474282264,0.0409905314445495,2.5173795223236084,3.2419464588165283,81584.75,0.0818771123886108,0.0853088274598121,0.026281964033842,0.0650141611695289,0.1008184552192688,0.1460784971714019,0.0863072797656059,0.5418946743011475,0.1333485245704651,0.0863079130649566,0.5815833806991577,22.33300018310547,416023.5,0.2247961014509201,0.1012275516986846,0.1006524339318275,0.5592017769813538,0.1049985289573669,0.1006524562835693,0.584658145904541,1.341894268989563,0.2919484376907348,8.841535568237305,1.0552462339401243,0.1174346581101417,0.103252038359642,1.0246715545654297,0.1174346581101417,0.1108597293496131,1134.72119140625,1868223.625,21.92120361328125,,0.1233641877770423,0.1149714440107345,,0.1233641877770423,0.1106685921549797,0.018853448331356,0.0637431591749191,0.0517513006925582,0.0923982784152031,0.0857970863580703,7.373943328857422,0.0921152532100677,0.0857970863580703,7.969852447509766,16.051963806152344,407891.4375,0.1029596328735351,0.0635732784867286,0.1001809388399124,,0.0778727829456329,0.1001809388399124,,163.0,0.3470597261740417,0.0829816900756769,-3.787575854518029,0.995911988076314,0.0043166970849102,0.0209341245745972,0.0129917046242113,0.6676257969120348,0.011902189707852,0.6659016830509563
legal_earwig_20260905_123032,ABUPT,43,False,False,6009712.0,6008679.382554986,200,1301,1301,43,-1.484375,0.2409485402050424,0.0528872907161712,0.0272841397672891,0.1902118623256683,0.2207547277212143,7602.50146484375,0.1753817200660705,0.2124388962984085,0.7821230888366699,0.3390730917453766,0.4290115237236023,25172.46875,0.0247594378888607,0.0267600435763597,0.0230272822082042,1.7954548597335815,2.839749813079834,7503.9228515625,0.0199241302907466,0.0210821703076362,0.0089369099587202,0.0105751967057585,0.0539858341217041,0.0940048769116401,0.0190089643001556,0.457621693611145,0.0777728706598281,0.0190089922398328,0.4646094441413879,6.5974836349487305,37999.12890625,0.0914693027734756,0.0697692334651947,0.0197027176618576,0.4366731941699981,0.0536598451435565,0.0197026804089546,0.4675860404968261,1.2804242372512815,0.0344843044877052,0.6576412916183472,0.9666348099708556,0.0210971534252166,0.0294873490929603,1.0322775840759275,0.0210971534252166,0.0297027770429849,974.5928955078124,123910.2109375,1.4744887351989746,,0.0210883822292089,0.0284304916858673,,0.0210883822292089,0.0295958761125803,0.001755365752615,0.0104410871863365,0.0505922958254814,0.0285077299922704,0.0189660172909498,5.338890552520752,0.0284888371825218,0.0189660172909498,7.061402320861816,1.1297136545181274,37517.1875,0.0836879462003707,0.0201818943023681,0.01966636441648,,0.0217900723218917,0.01966636441648,,163.0,0.1132152125156945,0.0209073316433205,-0.2079173530413018,0.999402506651218,0.001652437815054,0.0081176078878116,0.0122701983856855,0.6679874782930352,0.011902189707852,0.6659016830509563
light_lizard_20260905_142852,ABUPT,45,False,False,6009712.0,6008679.382554986,200,1301,1301,43,-1.484375,0.2409485402050424,0.0563567541539669,0.0234615113586187,0.1784050464630127,0.2213205397129058,4802.953125,0.1861098110675811,0.2107778340578079,1.2387583255767822,0.4507410228252411,0.9243788719177246,27073.671875,0.0255442764610052,0.027242774143815,0.0166101567447185,1.504318356513977,2.8216421604156494,4678.2265625,0.0202979259192943,0.0217330604791641,0.0155725292861461,0.0066771083511412,0.0397427007555961,0.1191269233822822,0.0192413069307804,0.3968468904495239,0.1041916832327842,0.0192413534969091,0.4394890367984772,11.11125659942627,23992.365234375,0.0896225050091743,0.08710278570652,0.0200888402760028,0.4511377513408661,0.0742740482091903,0.0200888086110353,0.4426261186599731,2.3816614151000977,0.0367082543671131,0.6968799829483032,1.300107479095459,0.0225733388215303,0.0295422654598951,2.270019292831421,0.0225733388215303,0.0296413414180278,1731.9150390625,131901.421875,1.5512235164642334,,0.0226644799113273,0.028424073010683,,0.0226644799113273,0.0295319221913814,0.0022166471462696,0.0065089641138911,0.0360542610287666,0.0291988980025053,0.0191773697733879,4.464578628540039,0.0293549038469791,0.0191773697733879,7.015161514282227,1.3967472314834597,23388.177734375,0.0814154222607612,0.0205648243427276,0.020031027495861,,0.0225840751081705,0.020031027495861,,163.0,0.103322084141206,0.0249655893883156,0.3054598699281708,0.99968348772441,0.0014581184502111,0.0066166810188834,0.0118224356314093,0.6651368547188666,0.011902189707852,0.6659016830509563
light_mite_20260904_191435,ABUPT,45,False,False,3004856.0,3004142.503992088,100,896,898,1,-7.5,0.048012897559903,0.1787469685077667,0.0515536777675151,0.2170912474393844,0.2647021412849426,12703.50390625,0.213503360748291,0.2506857812404632,2.794569492340088,0.5406422019004822,1.253432035446167,42126.8359375,0.0798593387007713,0.0885778591036796,0.0360970869660377,1.2872495651245115,2.774433135986328,12538.5615234375,0.0713185369968414,0.0792627558112144,0.0512322597205638,0.0389102138578891,0.05819683521986,0.1575562357902526,0.0635417625308036,0.4301756918430328,0.1610373556613922,0.0635412856936454,0.4689473211765289,24.76864624023437,63467.7734375,0.1042662113904953,0.125835433602333,0.0638414695858955,0.4508331716060638,0.1198256835341453,0.0638410076498985,0.4749682545661926,3.9156179428100586,0.1263450384140014,3.007633686065674,1.4588801860809326,0.0643515810370445,0.0986948981881141,3.0000481605529785,0.0643515810370445,0.1013565063476562,2267.4345703125,206087.953125,5.6755194664001465,,0.0641405209898948,0.0955781564116478,,0.0641405209898948,0.1007965207099914,0.029431639239192,0.0384198799729347,0.0416011326014995,0.1092371121048927,0.0634660422801971,3.689045429229736,0.1128403022885322,0.0634660422801971,6.791509628295898,12.109855651855469,62668.44140625,0.0729205608367919,0.0788658335804939,0.0637712329626083,,0.0870085060596466,0.0637712329626083,,163.0,0.3587182966619101,0.0904141838025297,-2.6742792455316566,0.9947792014910704,0.0046588890056366,0.0294276666990881,0.008580311263518,0.651317906450045,0.011902189707852,0.6659016830509563
living_horse_20260907_175522,ABUPT,45,False,False,24038851.0,24038804.561455272,800,1090,1093,687,8.75,0.9416038086302386,0.027177763171494,0.0660075917840004,0.2852006554603576,0.3875014781951904,327.9602966308594,0.3848210275173187,0.380887359380722,0.5154477953910828,0.3480097949504852,0.6073147654533386,2149.23486328125,0.0115663614124059,0.0118710892274975,0.0634708479046821,4.457288265228272,6.62842321395874,317.7044982910156,0.0114832874387502,0.0120329139754176,0.0072211092337965,0.0003032734966836,0.1576462388038635,0.0962292551994323,0.0111302165314555,0.7482424974441528,0.0867753997445106,0.0111302081495523,0.8764132261276245,6.010282516479492,1626.93310546875,0.423886775970459,0.066886730492115,0.0121968472376465,1.0753793716430664,0.0654734522104263,0.012196778319776,0.8806465864181519,1.2285983562469482,0.0016216489020735,0.0592103190720081,1.0205990076065063,0.011768233962357,0.0116621283814311,1.5005534887313845,0.011768233962357,0.0118494620546698,1023.260986328125,8699.4609375,0.0954847335815429,,0.0119639243930578,0.0111687984317541,,0.0119639243930578,0.0118246730417013,0.0003248184220865,0.0002958570839837,0.1582043766975402,0.0155529389157891,0.0111146001145243,13.345196723937988,0.0153761226683855,0.0111146001145243,16.550125122070312,0.2665169239044189,1587.137939453125,0.4257462620735168,0.0107762217521667,0.0121903540566563,,0.011954192072153,0.0121903540566563,,163.0,0.0435784602037184,0.0158149929233287,0.9035857626893932,0.9998207423158556,0.0005818257010645,0.005054081408446,0.0120822198731032,0.666848143512209,0.011902189707852,0.6659016830509563
loved_dory_20260907_175522,ABUPT,45,False,False,24038851.0,24038561.47832408,800,1160,1159,670,7.34375,0.9230065408949566,0.0268059587106108,0.0154210804030299,0.1430846601724624,0.1764614880084991,489.23974609375,0.1400066316127777,0.1653799265623092,0.7804394960403442,0.4254825413227081,0.6027109622955322,3173.29931640625,0.011300278827548,0.0114364651963114,0.0111037688329815,1.810533046722412,2.471482753753662,474.1431579589844,0.0110708884894847,0.0115338861942291,0.0107138054445385,0.000447475729743,0.0276151560246944,0.1170034706592559,0.0108807636424899,0.3013697266578674,0.0955817922949791,0.0108807636424899,0.3401315212249756,8.965916633605957,2428.1796875,0.0436342284083366,0.0811998173594474,0.0119444988667964,0.3268755674362182,0.0662663578987121,0.0119444457814097,0.341211199760437,1.8581020832061768,0.0023504351265728,0.0918216630816459,1.2540851831436155,0.0111106364056468,0.011251856572926,1.4897265434265137,0.0111106364056468,0.0114955492317676,1555.752685546875,12754.55078125,0.220033586025238,,0.0113642578944563,0.011236298829317,,0.0113642578944563,0.0114725679159164,0.0002848398580681,0.0004367864166852,0.0272561870515346,0.014697516337037,0.0108658727258443,5.406035900115967,0.0145401041954755,0.0108658727258443,6.15873384475708,0.233910322189331,2370.162841796875,0.0426478460431098,0.010203018784523,0.0119387572631239,,0.0113314501941204,0.0119387572631239,,163.0,0.048455777201941,0.0143827759586584,0.8630569160973693,0.9998148126406308,0.0006664888112009,0.0045318122819393,0.0119674947810237,0.6663417903615062,0.011902189707852,0.6659016830509563
loved_monkey_20260911_194639,ABUPT,45,True,False,1502428.0,1501245.79355672,50,1,52,52,19.999999962747097,1.0,0.3172062560915947,0.101147748529911,0.2592589855194092,0.3078108727931976,200435.609375,0.2903801798820495,0.3007625341415405,8.154285430908203,0.4931524991989136,0.8290086984634399,761479.9375,0.2248207181692123,0.2154072672128677,0.0559642910957336,2.571884870529175,4.1486101150512695,197294.8125,0.1307164877653122,0.1236644089221954,0.0269036814570426,0.1430535465478897,0.1544389128684997,0.1483982056379318,0.1783151179552078,0.4510636031627655,0.1447399407625198,0.1783175319433212,0.5356284379959106,23.875259399414062,1002129.5625,0.3925658464431762,0.1038500294089317,0.1929712742567062,0.5743191838264465,0.1186370551586151,0.1929721087217331,0.5367832183837891,1.3123300075531006,0.5431461334228516,18.80181121826172,1.0538312196731567,0.2362191826105117,0.1894071549177169,1.7510571479797363,0.2362191826105117,0.2033550441265106,1194.7412109375,3804921.25,44.39433670043945,,0.2401823699474334,0.2094590663909912,,0.2401823699474334,0.2030197083950042,0.0196412429213523,0.1408134996891021,0.0498627424240112,0.0995853394269943,0.1773982644081115,7.438671112060547,0.1025601997971534,0.1773982644081115,10.18026638031006,17.259994506835938,986439.25,0.145743727684021,0.0693195536732673,0.1921134144067764,,0.0894399061799049,0.1921134144067764,,163.0,0.6827512157496893,0.1379033207995436,-16.683666313454513,0.986222284847662,0.0090633244946084,0.0466822836735336,0.0132292462048106,0.6617979606599136,0.011902189707852,0.6659016830509563
loved_tiger_20260904_185416,ABUPT,45,False,False,3004856.0,3004299.5644759163,100,112,114,91,19.2219502851367,0.9772066413093844,0.1696289256215095,0.0624892488121986,0.2113770693540573,0.2690452635288238,87028.421875,0.2584216892719269,0.2646872103214264,4.682445526123047,0.3881239891052246,0.6350715756416321,379722.5625,0.1153316348791122,0.1082832142710685,0.0365528240799903,2.490394353866577,3.5314126014709477,85389.1171875,0.0636341124773025,0.0614920817315578,0.0135764125734567,0.0711845904588699,0.1070544123649597,0.108278177678585,0.0817778632044792,0.4440751671791076,0.1019138619303703,0.0817785263061523,0.5298100113868713,11.757607460021973,435118.0625,0.2625711560249328,0.0765717849135398,0.0918031111359596,0.6068901419639587,0.0829272493720054,0.0918033272027969,0.5328890681266785,1.0897133350372314,0.3102891743183136,10.46125602722168,0.948158323764801,0.1238960996270179,0.0923175662755966,1.427107572555542,0.1238960996270179,0.0986232459545135,954.670654296875,1896656.5,23.502521514892575,,0.1278902292251587,0.1027730330824852,,0.1278902292251587,0.0984797030687332,0.0074985036626458,0.0698454976081848,0.0489608012139797,0.0511016957461833,0.08112233877182,7.338958740234375,0.0521097443997859,0.08112233877182,8.735860824584961,6.43212890625,426932.46875,0.1321555525064468,0.0361103676259517,0.091157853603363,,0.0466591939330101,0.091157853603363,,163.0,0.3763276982898252,0.0607088278751768,-5.43788226277929,0.996240950289428,0.0049593169959998,0.0210009929706407,0.0126308315627184,0.6565440036152987,0.011902189707852,0.6659016830509563
lucky_slug_20260901_101824,ABUPT,43,False,False,1502428.0,1502079.0524169356,50,56,58,48,19.999999962747097,0.9725103510974054,0.2720707133412361,0.0665202960371971,0.2164472639560699,0.2478609383106231,135606.484375,0.2265519350767135,0.240609273314476,6.168113708496094,0.480116605758667,0.6163227558135986,532391.6875,0.1884793788194656,0.1792564392089843,0.0322486460208892,1.683470606803894,2.4371085166931152,133381.28125,0.1174502670764923,0.1123127937316894,0.0236912257969379,0.0919076949357986,0.0966556742787361,0.1455796062946319,0.1541543453931808,0.3496077954769134,0.1391811072826385,0.1541554480791092,0.4033935070037842,21.758285522460938,677988.375,0.2370068430900573,0.1024440079927444,0.1707041263580322,0.406507670879364,0.1113490909337997,0.1707044541835785,0.4048218727111816,1.3979614973068235,0.3604878485202789,13.842079162597656,1.087475299835205,0.1930576562881469,0.1598168611526489,1.2738133668899536,0.1930576562881469,0.1704646944999694,1311.738037109375,2659266.0,34.50733184814453,,0.197379007935524,0.1795797497034073,,0.197379007935524,0.1701951622962951,0.0159309934824705,0.0904024839401245,0.0194893833249807,0.0927681028842926,0.1535340100526809,4.804109573364258,0.0964383408427238,0.1535340100526809,5.9195661544799805,14.473978996276855,666877.375,0.0445576533675193,0.0647167339920997,0.1701838076114654,,0.0833772867918014,0.1701838076114654,,163.0,0.51622693390509,0.1267072629691125,-10.39360890592279,0.986484022854436,0.0066757081215729,0.0392197612699777,0.01253195758693,0.6478207185070073,0.011902189707852,0.6659016830509563
major_kite_20260905_132857,ABUPT,45,False,False,6009712.0,6009597.125590071,200,581,584,118,1.8389778956770897,0.6356612324865993,0.0488086305558681,0.0488319955766201,0.2369749397039413,0.3011249005794525,3547.951171875,0.3007315397262573,0.2917916178703308,0.8719724416732788,0.4041527211666107,0.7048591375350952,26799.615234375,0.0231288336217403,0.023612305521965,0.044188980013132,3.159679651260376,5.06438684463501,3417.727783203125,0.0172514040023088,0.0182275250554084,0.0106926076114177,0.0037085467483848,0.1095331087708473,0.1091239526867866,0.0168178230524063,0.5849830508232117,0.0951721742749214,0.0168178509920835,0.6492311358451843,8.577001571655273,17722.009765625,0.2957517504692077,0.0771339759230613,0.0180693157017231,0.8069912791252136,0.0681215673685073,0.0180692691355943,0.6523228287696838,1.697011947631836,0.0274670198559761,0.4691857695579529,1.1667323112487793,0.0223230607807636,0.0234028194099664,1.7268152236938477,0.0223230607807636,0.0241711847484111,1370.6451416015625,131254.96875,0.911278486251831,,0.0226018875837326,0.0236557777971029,,0.0226018875837326,0.0241175144910812,0.0011741695925593,0.0035755115095525,0.1075105220079422,0.0237198490649461,0.0167194120585918,9.438599586486816,0.0234252884984016,0.0167194120585918,12.62918186187744,0.8882081508636475,17086.27734375,0.2922817766666412,0.0165253467857837,0.0179774612188339,,0.0183525569736957,0.0179774612188339,,163.0,0.0723559608117442,0.0235175051322675,0.6696726698711546,0.9996023475983352,0.0009717804910375,0.0074295542128898,0.0118668939874642,0.6642393203399121,0.011902189707852,0.6659016830509563
many_midge_20260904_154707,ABUPT,45,False,False,1502428.0,1501111.5636470914,50,382,385,5,-2.563819326460361,0.1540515617252974,0.1326485238969326,0.0351385585963726,0.2215910404920578,0.2510251700878143,12255.751953125,0.1944097727537155,0.2410814315080642,1.9609225988388064,0.4721629321575165,0.842326283454895,79299.953125,0.0702871829271316,0.0732615292072296,0.0242742355912923,1.4764467477798462,2.079895496368408,11879.291015625,0.0502199754118919,0.0521477870643138,0.0222575925290584,0.0216782800853252,0.0547496676445007,0.1326286494731903,0.0515724457800388,0.480571985244751,0.1235546171665191,0.0515726655721664,0.4782219529151916,14.513357162475586,61249.5625,0.0853861048817634,0.0960483253002166,0.0544929392635822,0.4326880276203155,0.0910696759819984,0.0544929094612598,0.4843874871730804,2.440401315689087,0.1391591429710388,2.3923258781433105,1.2762035131454468,0.0615334063768386,0.0787517577409744,1.9958754777908323,0.0615334063768386,0.0791734606027603,1663.4326171875,393163.34375,4.7905755043029785,,0.0620356202125549,0.0785387456417083,,0.0620356202125549,0.0788744837045669,0.0086091421544551,0.0210188906639814,0.041567001491785,0.067412681877613,0.0513818301260471,4.310545444488525,0.066674992442131,0.0513818301260471,5.107372283935547,5.205034255981445,59385.92578125,0.0588195696473121,0.0461186878383159,0.0543212667107582,,0.0510610491037368,0.0543212667107582,,163.0,0.2058759380216651,0.0575805811678858,-0.576130340711716,0.9981916268171976,0.0025464971135548,0.0179236194635331,0.0110813867555108,0.6587397248313409,0.011902189707852,0.6659016830509563
master_lark_20260905_085902,ABUPT,43,False,False,6009712.0,6009668.327847078,200,401,401,141,3.75,0.8018528742573375,0.053600113838911,0.0751745104789733,0.2792333960533142,0.3242049813270569,7780.0791015625,0.2482398599386215,0.3155125677585602,1.052603006362915,0.3563490211963653,0.4456238746643066,30142.02734375,0.0263074282556772,0.026528550311923,0.0696652010083198,4.206104278564453,5.271293640136719,7655.1796875,0.0187509749084711,0.0189997609704732,0.0086733549833297,0.008401945233345,0.1750619411468505,0.0964921787381172,0.0212313495576381,0.7199766635894775,0.0776902064681053,0.021231472492218,0.7222064733505249,6.9370622634887695,38886.078125,0.2203923761844635,0.0685701966285705,0.022551916539669,0.6535974740982056,0.0536831989884376,0.0225519053637981,0.723822295665741,1.3455783128738403,0.0320928394794464,1.2698827981948853,1.0175565481185913,0.0256012231111526,0.0258892495185136,1.0743743181228638,0.0256012231111526,0.0268847309052944,1084.9554443359375,148534.75,2.738011598587036,,0.0259207747876644,0.02669408172369,,0.0259207747876644,0.0268324352800846,0.0011313561117276,0.0082695567980408,0.1688968688249588,0.0214472487568855,0.021158505231142,12.57570743560791,0.0215556509792804,0.021158505231142,13.146099090576172,0.8550782203674316,38273.7734375,0.2061866521835327,0.0150164095684885,0.0224855411797761,,0.0172568690031766,0.0224855411797761,,163.0,0.0880561378051307,0.0239553570523046,0.6629439218591193,0.9993453971490084,0.001137549510443,0.0083580953860195,0.0121704642602806,0.663507202272186,0.011902189707852,0.6659016830509563
mature_heron_20260907_150758,ABUPT,45,False,False,12019425.0,11995016.790014043,400,1301,1301,222,1.2109375,0.5574272502061667,0.0366217326372861,0.0185782294720411,0.1511371433734893,0.1863005012273788,2404.609619140625,0.1484462320804596,0.1753323525190353,0.880344569683075,0.4315117597579956,0.7060362100601196,9948.3740234375,0.015412762761116,0.0162181165069341,0.0137189421802759,1.760706067085266,2.6854052543640137,2362.41162109375,0.0158285275101661,0.0170768946409225,0.0122127663344144,0.0024576215073466,0.033003993332386,0.1167428642511367,0.0130915958434343,0.323576956987381,0.0998805090785026,0.0130916396155953,0.3593249320983886,9.821097373962402,12003.2802734375,0.062629148364067,0.0817892774939537,0.0138481752946972,0.3497011959552765,0.0708723068237304,0.013848140835762,0.3605344891548157,1.993271827697754,0.009525922127068,0.2028266787528991,1.2631511688232422,0.0145189715549349,0.0168651435524225,1.7407772541046145,0.0145189715549349,0.0170537829399108,1608.072998046875,46525.0234375,0.3503930270671844,,0.0146294953301548,0.0161960292607545,,0.0146294953301548,0.0170124284923076,0.0010333812097087,0.0024181173648685,0.032054916024208,0.025927297770977,0.0130650233477354,5.243126392364502,0.0249666143208742,0.0130650233477354,6.682013988494873,0.8015403747558594,11810.333984375,0.0610208883881568,0.0178305469453334,0.0138265062123537,,0.0187020897865295,0.0138265062123537,,163.0,0.0740573842625814,0.0155529929046995,0.5140226086478658,0.9997543826139428,0.0010627134762997,0.0056819099154188,0.0122476813326384,0.6672963266713191,0.011902189707852,0.6659016830509563
mature_thrush_20260905_220854,ABUPT,44,False,False,12019425.0,12019392.132866204,400,584,585,336,6.8359375,0.9164548531947364,0.0399298556149005,0.0214154627174139,0.1616280525922775,0.1962824761867523,1708.0692138671875,0.1508537977933883,0.1868507713079452,0.8085638284683228,0.3915241956710815,0.6279082894325256,12248.88671875,0.0184340681880712,0.0185920987278223,0.0169806480407714,2.1392500400543213,2.8100898265838623,1649.0103759765625,0.0147324185818433,0.015068233013153,0.0094564035534858,0.0016752053052186,0.0432446524500846,0.1082984805107116,0.015331563539803,0.3612540960311889,0.0944559350609779,0.0153315840288996,0.3885844349861145,7.925480842590332,8524.365234375,0.0647976547479629,0.0759295672178268,0.0168635267764329,0.3597683012485504,0.0688358917832374,0.0168635044246912,0.3898593187332153,1.5904138088226318,0.0115108042955398,0.4252401888370514,1.1385997533798218,0.0185307580977678,0.0174420848488807,1.5421428680419922,0.0185307580977678,0.0183624364435672,1334.6002197265625,58573.63671875,0.7980355024337769,,0.0191264525055885,0.0177416838705539,,0.0191264525055885,0.0183249209076166,0.0005318017792887,0.0016201202524825,0.0411097556352615,0.0181684736162424,0.0152767272666096,6.384304523468018,0.0179938711225986,0.0152767272666096,6.999592781066895,0.4358952641487121,8244.05859375,0.06069877743721,0.0126522788777947,0.0168125573545694,,0.0141960699111223,0.0168125573545694,,163.0,0.0650768421552508,0.01977434266626,0.7552858893746539,0.9997391510905992,0.0008808722180192,0.0060301399432972,0.0120046902795594,0.6647810158280708,0.011902189707852,0.6659016830509563
mint_whale_20260911_224302,ABUPT,44,True,False,24038851.0,24024123.57446395,800,1,798,798,19.999999962747097,1.0,0.043759586289525,0.0168252792209386,0.1434122323989868,0.1719744950532913,204.04852294921875,0.1288940608501434,0.1648835688829422,0.3265349864959717,0.2717944681644439,0.4354984760284424,1134.423583984375,0.0122712403535842,0.0125847561284899,0.0150779513642191,2.124786376953125,2.670173168182373,198.8199920654297,0.0139973871409893,0.0151258883997797,0.0063560525886714,0.0001789256493793,0.0356176868081092,0.0797466337680816,0.011267801746726,0.339222252368927,0.067422941327095,0.011267808265984,0.3568793535232544,5.335507392883301,1009.4822387695312,0.0446916297078132,0.0560699179768562,0.0123820593580603,0.3182301819324493,0.0481895394623279,0.0123820127919316,0.3578283786773681,0.75795578956604,0.0007777369464747,0.0579928010702133,0.7907285094261169,0.012416360899806,0.0122385844588279,1.0700724124908447,0.012416360899806,0.0124655487015843,642.0128173828125,4387.908203125,0.0922202765941619,,0.0128753408789634,0.0116671388968825,,0.0128753408789634,0.0124394632875919,0.0021138424053788,0.0001755668636178,0.03549325466156,0.022657498717308,0.0112434150651097,6.340458393096924,0.0217820964753627,0.0112434150651097,6.648029327392578,1.741848707199097,990.5274047851562,0.0444260612130165,0.0156331844627857,0.0123615898191928,,0.0165080390870571,0.0123615898191928,,163.0,0.051713154043177,0.0169180226585368,0.9153780049526212,0.9997937502068078,0.0006627251073782,0.0051074979314619,0.012029878213833,0.6654701833811042,0.011902189707852,0.6659016830509563
model_ghost_20260904_161112,ABUPT,44,False,False,3004856.0,3003862.355948098,100,373,372,48,0.8984375,0.5141089830733248,0.0697979927062988,0.0283963121473789,0.181645393371582,0.2126599103212356,17456.267578125,0.1695933938026428,0.2033779919147491,1.5924530029296875,0.3825035095214844,0.475163847208023,75996.109375,0.0381299741566181,0.0385803245007991,0.0195634365081787,1.9100241661071775,2.536878824234009,17126.056640625,0.0258586034178733,0.0260976683348417,0.0101910047233104,0.0181947890669107,0.0517023801803588,0.1041364595293998,0.0286179613322019,0.4121817648410797,0.0866603329777717,0.0286180097609758,0.4306804537773132,8.021228790283203,87265.1171875,0.0861685574054718,0.0731446295976638,0.0308430586010217,0.4047924876213074,0.0602049604058265,0.030842987820506,0.4328185319900512,1.4185317754745483,0.0787511765956878,2.5232250690460205,1.0727723836898804,0.0367908142507076,0.0379473231732845,1.130162477493286,0.0367908142507076,0.0393518544733524,1133.708251953125,377701.40625,5.858145236968994,,0.0372053422033786,0.0390546061098575,,0.0372053422033786,0.0392678156495094,0.0022401842288672,0.0178532339632511,0.0377417877316474,0.0303358118981122,0.0284783709794282,5.671258449554443,0.0302222594618797,0.0284783709794282,6.297735691070557,1.6658613681793213,85626.8359375,0.0535223856568336,0.0209998078644275,0.0307173989713192,,0.0237878039479255,0.0307173989713192,,163.0,0.1275104651697816,0.0298924279828743,0.0805589909283905,0.9995027967602724,0.0016653308024556,0.0085859594735316,0.0121904330945291,0.6657809622083267,0.011902189707852,0.6659016830509563
modern_skunk_20260905_161137,ABUPT,44,False,False,12019425.0,12019269.438761689,400,441,444,376,18.75,0.98132769692358,0.0419954974204301,0.0170744024217128,0.1207714676856994,0.1478117704391479,4008.787109375,0.1167034804821014,0.1396466940641403,0.8338257074356079,0.327147364616394,0.4142393171787262,32882.41015625,0.0186907164752483,0.0189671665430068,0.0124729434028267,1.761273980140686,2.3222811222076416,3846.50732421875,0.0155184771865606,0.0160277355462312,0.0072722039185464,0.0039126025512814,0.0334574989974498,0.0902161002159118,0.0161305926740169,0.2559677064418793,0.0716683715581893,0.0161306280642747,0.2897957265377044,6.045421123504639,20031.751953125,0.0470353849232196,0.0641626119613647,0.0174172930419445,0.2685305476188659,0.0497803688049316,0.0174172818660736,0.2906277477741241,1.1048322916030884,0.031751275062561,0.9638562202453612,0.9440289735794068,0.0194914098829031,0.0179216675460338,1.007232666015625,0.0194914098829031,0.0186199061572551,924.9210815429688,162558.828125,1.6852481365203855,,0.0197278372943401,0.0176535975188016,,0.0197278372943401,0.0185868330299854,0.0010775780538097,0.0037560886703431,0.0282267332077026,0.019448097795248,0.0160708576440811,5.248302936553955,0.0193517655134201,0.0160708576440811,5.778315544128418,0.8589421510696411,19230.7421875,0.0378182902932167,0.0136695215478539,0.0173674337565898,,0.0153578864410519,0.0173674337565898,,163.0,0.0779873850768691,0.0222937957186296,0.5973112158625007,0.9997029538086484,0.0010733213644689,0.0065237145769476,0.0119322875575349,0.6646051549952205,0.011902189707852,0.6659016830509563
moral_bee_20260904_145744,ABUPT,43,False,False,3004856.0,3003003.8381809667,100,504,503,36,-0.234375,0.3665011170412643,0.0683832988142967,0.045229997485876,0.2382922172546386,0.2794511020183563,5188.666015625,0.2148952335119247,0.2714431583881378,1.0131573677062988,0.3355392515659332,0.3585883677005768,50736.90625,0.0363510623574256,0.0373987220227718,0.0397746115922927,2.6172635555267334,3.6880500316619873,4933.4755859375,0.024597929790616,0.0252340529114007,0.0087250191718339,0.0072723617777228,0.1007137894630432,0.09355229139328,0.0267551559954881,0.594569206237793,0.0767601430416107,0.0267553497105836,0.608489990234375,6.500687122344971,25930.05078125,0.1390920877456665,0.0679959952831268,0.0278614256531,0.5488282442092896,0.0528911724686622,0.0278613902628421,0.6117860078811646,1.1368132829666138,0.0706542134284973,1.360753059387207,0.9342426657676696,0.0348277688026428,0.0375472605228424,0.8402417898178101,0.0348277688026428,0.0388152152299881,880.0178833007812,251919.859375,2.319457769393921,,0.0347625911235809,0.0379395298659801,,0.0347625911235809,0.0387167856097221,0.002352129900828,0.0069173295050859,0.0936257317662239,0.0304254610091447,0.0266070868819952,7.794757843017578,0.0306585803627967,0.0266070868819952,9.176162719726562,1.5655920505523682,24663.994140625,0.1267993748188018,0.0214747712016105,0.0277210883796215,,0.0239905342459678,0.0277210883796215,,163.0,0.1186556654376835,0.0357863522693414,0.1981921587158773,0.9987345631193753,0.0016217419515609,0.0122021631277065,0.0124688004533402,0.6659502872192201,0.011902189707852,0.6659016830509563
moral_cobra_20260904_162020,ABUPT,44,False,False,3004856.0,3003003.8381809667,100,504,503,36,-0.234375,0.3665011170412643,0.0670058745890855,0.0205106269568204,0.1395524144172668,0.1656823605298996,7325.64599609375,0.1277613490819931,0.1564382463693618,1.1245702505111694,0.3736779987812042,0.6082622408866882,30885.681640625,0.0340209007263183,0.034995462745428,0.0142753254622221,1.3846427202224731,1.960919737815857,7193.52734375,0.025773536413908,0.0274616628885269,0.0115638738498091,0.0102680996060371,0.0345786437392234,0.1027060374617576,0.0265709683299064,0.2893802225589752,0.0907302796840667,0.0265711452811956,0.3101900815963745,8.375751495361328,36611.37890625,0.0493932887911796,0.0736826211214065,0.0278520695865154,0.2817493677139282,0.0655143857002258,0.02785200253129,0.3116552233695984,1.4945420026779177,0.0426814071834087,1.2955429553985596,1.0540441274642944,0.0312164016067981,0.0357735119760036,1.4681156873703003,0.0312164016067981,0.0369316935539245,1120.679443359375,152181.859375,2.5975959300994877,,0.0313065685331821,0.0367352291941642,,0.0313065685331821,0.036839909851551,0.0031910678371787,0.0100863743573427,0.0274540595710277,0.0340936630964279,0.0264845807105302,4.093349933624268,0.0343739762902259,0.0264845807105302,4.85468339920044,2.0947556495666504,35963.37890625,0.0349705703556537,0.0237695630639791,0.0277775079011917,,0.0273037422448396,0.0277775079011917,,163.0,0.0985695916831714,0.0249153159522433,0.0993457561383425,0.998775229734306,0.0013683260160212,0.0103558771873941,0.0124454584126149,0.6706413333106355,0.011902189707852,0.6659016830509563
moral_gecko_20260911_214340,ABUPT,45,True,False,12019425.0,12008783.049324974,400,1,397,397,19.999999962747097,1.0,0.0550358444452285,0.0206779297441244,0.1367938220500946,0.1726777851581573,4600.60693359375,0.1536270081996917,0.1633457392454147,1.099980115890503,0.3955238163471222,0.6886429190635681,23209.1484375,0.0234644003212451,0.0230392515659332,0.0145952673628926,1.873834729194641,2.8294570446014404,4496.052734375,0.0185080599039793,0.0193482339382171,0.0133643560111522,0.0045568165369331,0.0360520556569099,0.1099834665656089,0.0181331019848585,0.2822648584842682,0.0963973626494407,0.018133208155632,0.3262304663658142,10.871050834655762,22981.13671875,0.0785610228776931,0.0767553746700286,0.0198478903621435,0.3642777502536773,0.0712304562330246,0.0198478773236274,0.3272099494934082,1.631719708442688,0.0224760435521602,1.1069927215576172,1.141383409500122,0.0230703167617321,0.0221177898347377,1.6872613430023191,0.0230703167617321,0.0228107906877994,1345.281494140625,113351.1796875,2.0011255741119385,,0.0235692001879215,0.0233596004545688,,0.0235692001879215,0.0227742753922939,0.0042298971675336,0.0044561265967786,0.0300302077084779,0.0245404969900846,0.0180419273674488,5.578921794891357,0.0242356210947036,0.0180419273674488,7.040386199951172,3.3387346267700195,22473.451171875,0.0677380859851837,0.0172510631382465,0.019765056669712,,0.0191398225724697,0.019765056669712,,163.0,0.0817174058867633,0.0248331672819442,0.6954717795621179,0.9996481521098736,0.0010726023999524,0.0070158096411661,0.0121493652193467,0.665513742057926,0.011902189707852,0.6659016830509563
more_swift_20260904_151158,ABUPT,43,False,False,3004856.0,3002844.7837300897,100,765,765,12,-2.5,0.1687694706206921,0.0919949635863304,0.0458341911435127,0.2522031366825104,0.2900011241436004,10757.232421875,0.2216676175594329,0.281950443983078,1.2174257040023804,0.3821695148944855,0.6517627239227295,45802.83203125,0.0421016737818717,0.0458835177123546,0.0392361171543598,2.1452152729034424,2.9389216899871826,10561.109375,0.0300371050834655,0.0327975414693355,0.0133896488696336,0.0163776818662881,0.0930069833993911,0.1068723201751709,0.0289263222366571,0.6208107471466064,0.0953210294246673,0.0289264041930437,0.6152185201644897,9.332439422607422,53767.23046875,0.1321167349815368,0.0805805996060371,0.0300046373158693,0.554417610168457,0.0686694458127021,0.0300045907497406,0.6212042570114136,1.6804521083831787,0.0690112709999084,1.3286066055297852,1.0612808465957642,0.0337746925652027,0.0514529757201671,1.560436725616455,0.0337746925652027,0.0520826578140258,1225.608154296875,226557.15625,2.8919484615325928,,0.0339259803295135,0.0502773635089397,,0.0339259803295135,0.0518622808158397,0.0039766617119312,0.0160832442343235,0.0860719978809356,0.0426557213068008,0.0288404840975999,6.36414909362793,0.0439486056566238,0.0288404840975999,7.288935661315918,2.4636330604553223,52800.38671875,0.1166105717420578,0.0301466844975948,0.0299275256693363,,0.0342325493693351,0.0299275256693363,,163.0,0.12946122168931,0.0334990849990982,0.1754226736630878,0.9990336262452256,0.0017311412957091,0.0128393305433741,0.0115245717035432,0.658819621336643,0.011902189707852,0.6659016830509563
needed_bird_20260904_025940,ABUPT,45,False,False,1502428.0,1500731.36350362,50,186,186,25,0.99609375,0.5268769275125783,0.1558478847146034,0.0424896739423275,0.1738649308681488,0.208037331700325,60320.84375,0.1797978729009628,0.198015809059143,3.075141906738281,0.433321475982666,0.5899952054023743,267678.1875,0.0823499262332916,0.0813354551792144,0.0254340507090091,1.5857640504837036,2.3344640731811523,59158.91796875,0.0633071288466453,0.0661288872361183,0.0237658321857452,0.0498549155890941,0.0575308948755264,0.1394019573926925,0.0640492290258407,0.3181435465812683,0.125400885939598,0.0640493333339691,0.3626677989959717,19.557273864746094,301564.8125,0.1386618018150329,0.0941944792866706,0.0729018151760101,0.3722973167896271,0.0941423624753952,0.0729017034173011,0.3644462823867798,1.4994230270385742,0.2208564132452011,6.078003406524658,1.1419615745544434,0.0804158076643943,0.0775870308279991,1.3547005653381348,0.0804158076643943,0.080079361796379,1228.40087890625,1335906.5,13.894647598266602,,0.0841490998864173,0.0805507525801658,,0.0841490998864173,0.0799286365509033,0.0154349403455853,0.0488968640565872,0.0237017534673213,0.0807476490736007,0.0637769326567649,4.612767696380615,0.0790581926703453,0.0637769326567649,5.725214004516602,12.732690811157228,295769.0,0.061291255056858,0.053964726626873,0.0726495310664177,,0.0628685653209686,0.0726495310664177,,163.0,0.2460024178549142,0.0424159855846577,-1.218299080237319,0.9967993621107504,0.0030902697752928,0.0190267541080815,0.0118271394410742,0.6650932821077697,0.011902189707852,0.6659016830509563
needed_coyote_20260905_090638,ABUPT,43,False,False,6009712.0,6009597.125590071,200,581,584,118,1.8389778956770897,0.6356612324865993,0.0468278136104345,0.0520775504410266,0.2452016174793243,0.2823573648929596,3230.08935546875,0.2150377631187439,0.273112028837204,0.8638311624526978,0.3722569048404693,0.4087332785129547,21806.185546875,0.0222715660929679,0.0231489036232233,0.047500692307949,3.3762426376342773,4.260501861572266,3125.987548828125,0.0164029728621244,0.0174189638346433,0.0090459436178207,0.0033766347914934,0.1194596141576767,0.1015483513474464,0.0161680933088064,0.617888331413269,0.0814381465315818,0.0161681268364191,0.616371214389801,7.421456813812256,16135.291015625,0.15611132979393,0.0728889778256416,0.0174269452691078,0.554797351360321,0.0559045150876045,0.0174269247800111,0.6181620955467224,1.4562748670578003,0.022312045097351,0.692146897315979,1.072457194328308,0.020241679623723,0.0240717977285385,0.987234115600586,0.020241679623723,0.0244781598448753,1203.36083984375,106621.2265625,1.4911967515945437,,0.0205993372946977,0.0239437948912382,,0.0205993372946977,0.0244236886501312,0.0008793494198471,0.0032705063931643,0.1162371337413787,0.0220100507140159,0.0160949621349573,10.090622901916504,0.0221305694431066,0.0160949621349573,10.621076583862305,0.6727191209793091,15628.294921875,0.1485818326473236,0.015448055230081,0.0173578895628452,,0.017449501901865,0.0173578895628452,,163.0,0.0719744699176906,0.0235678161719611,0.658440791175519,0.9997080743970396,0.0009812282090229,0.0063069447358618,0.0119752354354614,0.6645036981617366,0.011902189707852,0.6659016830509563
new_bull_20260904_191430,ABUPT,45,False,False,3004856.0,3003003.8381809667,100,504,503,36,-0.234375,0.3665011170412643,0.0718737244606018,0.033608641475439,0.1839737594127655,0.2331767529249191,8351.0576171875,0.184834286570549,0.2223231792449951,1.6095478534698486,0.4747104942798614,0.8720989227294922,46534.609375,0.037812054157257,0.0392008423805236,0.0247238613665103,1.9032273292541504,3.0484015941619877,8137.640625,0.02599105425179,0.0276100393384695,0.0173422023653984,0.011703691445291,0.060827549546957,0.1247992441058158,0.0266791619360446,0.4004428386688232,0.114295907318592,0.0266793072223663,0.4553063213825226,12.592341423034668,41729.90234375,0.1023108586668968,0.0903927832841873,0.0278932936489582,0.4362167418003082,0.0844572484493255,0.0278932992368936,0.4574040472507477,2.4862842559814453,0.0642165318131446,1.505476951599121,1.34941565990448,0.0332861356437206,0.0414297617971897,2.121370553970337,0.0332861356437206,0.0422337353229522,1850.583740234375,228966.109375,2.8821046352386475,,0.0333463065326213,0.042277805507183,,0.0333463065326213,0.0421281121671199,0.0034127705730497,0.0114101879298686,0.0526917874813079,0.0344586819410324,0.0265458170324563,5.648677349090576,0.0347248688340187,0.0265458170324563,7.573006629943848,2.2216286659240723,40683.5859375,0.086635485291481,0.0242123752832412,0.0277697332203388,,0.0275301914662122,0.0277697332203388,,163.0,0.0982180526214736,0.0339904136574375,0.3226187620126851,0.9986058930135744,0.0013757561242983,0.0113193057317543,0.0123706164398607,0.6688305131301354,0.011902189707852,0.6659016830509563
next_quail_20260905_131130,ABUPT,44,False,False,6009712.0,6008679.382554986,200,1301,1301,43,-1.484375,0.2409485402050424,0.0741798840463161,0.0455794036388397,0.2209591269493103,0.2730666995048523,9794.232421875,0.2118739932775497,0.2620154321193695,0.9405084848403932,0.3795075714588165,0.7282963991165161,28412.81640625,0.0245496816933155,0.0262524243444204,0.0405348129570484,1.981700420379639,3.174812793731689,9689.92578125,0.035615935921669,0.0428229458630085,0.0372288264334201,0.0136154266074299,0.0699119716882705,0.1319757252931594,0.0254027415066957,0.5054989457130432,0.1181776970624923,0.0254025664180517,0.5517877340316772,23.88709831237793,48923.16015625,0.1123313307762146,0.0931343510746955,0.0263086501508951,0.5161789655685425,0.0861437544226646,0.0263082291930913,0.5557407140731812,1.674267292022705,0.0388574786484241,0.6575751304626465,1.088492512702942,0.0214082822203636,0.0286219604313373,1.781245231628418,0.0214082822203636,0.0287915915250778,1218.58447265625,139624.078125,1.4169816970825195,,0.0213918332010507,0.0277075320482254,,0.0213918332010507,0.0286827199161052,0.0279907751828432,0.0134740257635712,0.0666092410683631,0.0671100541949272,0.0253862962126731,5.852604866027832,0.0660986304283142,0.0253862962126731,7.858240127563477,17.143638610839844,48415.1328125,0.1049911826848983,0.0449312627315521,0.0263006053864955,,0.0510841161012649,0.0263006053864955,,163.0,0.0913951854468251,0.0187489369551607,0.0946157138909824,0.9996894046282658,0.0013277064455921,0.0065130446724296,0.011984107961831,0.6653813042366327,0.011902189707852,0.6659016830509563
normal_ferret_20260906_143857,ABUPT,45,False,False,12019425.0,12019140.142637894,400,727,726,306,4.375,0.8436767605651034,0.0371092222630977,0.0255061779171228,0.1517341136932373,0.1924228370189666,1633.44287109375,0.1665635704994201,0.1827136129140854,0.9052513837814332,0.4016506373882293,0.690595269203186,22111.69140625,0.0156028345227241,0.0158960055559873,0.0205486100167036,2.1328041553497314,3.278719663619995,1518.7490234375,0.0132257714867591,0.0138014806434512,0.0101104322820901,0.0017703452613204,0.0527698397636413,0.1079357415437698,0.013171904720366,0.3340947031974792,0.092003509402275,0.0131719196215271,0.3824675977230072,8.123620986938477,8150.76220703125,0.1024955958127975,0.0754490718245506,0.0141423633322119,0.4100992381572723,0.0660116299986839,0.0141423288732767,0.3837012052536011,1.7072970867156982,0.0234163794666528,0.5441234111785889,1.1736890077590942,0.0155569743365049,0.0157059896737337,1.7027034759521484,0.0155569743365049,0.016006126999855,1373.74169921875,107809.1640625,0.9041866064071656,,0.0157401897013187,0.0154654793441295,,0.0157401897013187,0.015973912551999,0.0005325622623786,0.0016491705318912,0.0500143766403198,0.0177624858915805,0.0131163680925965,6.367533683776856,0.0176123194396495,0.0131163680925965,8.172628402709961,0.4163380563259125,7592.71630859375,0.0979941487312316,0.0123573755845427,0.0140941673889756,,0.013655137270689,0.0140941673889756,,163.0,0.0633288225953208,0.0158394720394376,0.7073114996521921,0.9997646040446092,0.0008813271205665,0.0054103258840867,0.0121550694785002,0.6657780340878947,0.011902189707852,0.6659016830509563
novel_toucan_20260905_151047,ABUPT,43,False,False,12019425.0,12017477.897648329,400,1014,1013,257,2.36328125,0.6933314863604254,0.0359216667711734,0.0297111757099628,0.1996507942676544,0.2257455885410308,606.2523803710938,0.1732823848724365,0.2162326425313949,0.611748993396759,0.3635910451412201,0.4431536793708801,2008.6041259765625,0.013849077746272,0.0146015239879488,0.0264289826154708,2.6692047119140625,3.364288806915283,598.3594970703125,0.0134117230772972,0.0140501568093895,0.0083301812410354,0.0005957758985459,0.0656498670578002,0.0999248549342155,0.012814168818295,0.486213356256485,0.078119084239006,0.0128141744062304,0.4798378050327301,6.937196254730225,3017.211669921875,0.0878374874591827,0.0701410323381424,0.0138391973450779,0.4358669221401214,0.0525013357400894,0.0138391405344009,0.4811606705188751,1.3985440731048584,0.0015222724759951,0.1300672590732574,1.0624525547027588,0.0132246483117342,0.0150959827005863,1.086039900779724,0.0132246483117342,0.0152319399639964,1166.5662841796875,7709.30908203125,0.2896390259265899,,0.0134163722395896,0.0142817823216319,,0.0134163722395896,0.0151940993964672,0.0004855540464632,0.0005905620637349,0.0652916207909584,0.0187746435403823,0.0128029370680451,7.976036548614502,0.0184243209660053,0.0128029370680451,8.385896682739258,0.3933629691600799,2990.83740234375,0.0867108553647995,0.0129872672259807,0.0138361789286136,,0.0141571462154388,0.0138361789286136,,163.0,0.0569770219278316,0.0157175028841042,0.8863023110634803,0.9997874990465812,0.000758333604342,0.0057997225057078,0.012240888637492,0.6672920728515298,0.011902189707852,0.6659016830509563
open_bison_20260903_164932,ABUPT,43,False,False,3004856.0,3004299.5644759163,100,112,114,91,19.2219502851367,0.9772066413093844,0.2006782665848732,0.0602386966347694,0.2353383153676986,0.2840505540370941,68717.234375,0.2411922663450241,0.2762418389320373,4.392698764801025,0.433893471956253,0.561562716960907,371103.5625,0.1142150461673736,0.1088161692023277,0.0358972996473312,2.4791135787963867,3.196152687072754,67023.1640625,0.0768896117806434,0.0810624063014984,0.0242598131299018,0.0562032684683799,0.0982352867722511,0.1447005569934845,0.0861256942152977,0.4751887321472168,0.134682297706604,0.0861262679100036,0.5323809385299683,21.068775177001957,343543.625,0.1945985108613968,0.1000752002000808,0.0970972776412963,0.5264043211936951,0.106938250362873,0.0970972403883934,0.5351176857948303,1.4028468132019043,0.3031471669673919,9.427326202392578,1.0835803747177124,0.1247145384550094,0.093385599553585,1.242214560508728,0.1247145384550094,0.099335104227066,1237.2286376953125,1853001.25,20.99871826171875,,0.1281203776597976,0.1003097146749496,,0.1281203776597976,0.0991640612483024,0.0164767559617757,0.0548194460570812,0.0458567664027214,0.0846057906746864,0.0853324458003044,7.267402648925781,0.0856312289834022,0.0853324458003044,7.862083911895752,14.202739715576172,335087.25,0.0777808427810669,0.0574514605104923,0.0963277667760849,,0.0734297186136245,0.0963277667760849,,163.0,0.3322866243003282,0.0579428411568206,-4.075875955049181,0.9965741386656176,0.0043199379771783,0.0197954581755059,0.0130510362918496,0.661032479346398,0.011902189707852,0.6659016830509563
open_grub_20260907_175520,ABUPT,45,False,False,24038851.0,24038068.119517595,800,880,880,760,18.75,0.9843204858321644,0.0287171220406889,0.0276546124368906,0.2027088850736618,0.2719705700874328,158.5195770263672,0.2589226365089416,0.2625366151332855,0.722269594669342,0.4122880697250366,0.6125019788742065,1841.301513671875,0.0116927959024906,0.011863425374031,0.0237340703606605,2.8283536434173584,4.191366672515869,149.0356903076172,0.0110345007851719,0.0117074074223637,0.0100149763748049,0.0001341137540293,0.059054497629404,0.1132020428776741,0.0104356966912746,0.4844889044761657,0.0946908295154571,0.0104357032105326,0.5800177454948425,8.424864768981934,775.4506225585938,0.1487383991479873,0.0785496085882186,0.0114310886710882,0.6867871284484863,0.0677582621574401,0.0114310253411531,0.5828678011894226,1.730200171470642,0.0010885611409321,0.0749295502901077,1.2135552167892456,0.0117070702835917,0.0116018969565629,1.5136003494262695,0.0117070702835917,0.0118011627346277,1456.0341796875,6294.1015625,0.1692392230033874,,0.0120344897732138,0.0113511011004447,,0.0120344897732138,0.0117778936401009,0.0003048427170142,0.0001287390186917,0.0589659661054611,0.015415440313518,0.0104118566960096,8.459233283996582,0.015265492722392,0.0104118566960096,10.457944869995115,0.2532617449760437,744.3746948242188,0.1486243158578872,0.0106569258496165,0.0114120757207274,,0.0118550732731819,0.0114120757207274,,163.0,0.0419498736250728,0.0142269511609149,0.937057535104674,0.9998463868956046,0.0005542178746487,0.0045378951360725,0.0120083744516319,0.6654565580940925,0.011902189707852,0.6659016830509563
pet_mantis_20260905_005107,ABUPT,43,False,False,6009712.0,6009652.147609755,200,221,222,188,19.921875,0.9807205892000048,0.0878236815333366,0.0708987191319465,0.2826323211193084,0.3425164520740509,35594.5234375,0.262675017118454,0.3344723284244537,2.6735451221466064,0.3814071118831634,0.4156446456909179,174798.640625,0.0474382191896438,0.0460432954132556,0.0562769547104835,3.888150215148926,4.59774923324585,34815.0546875,0.0300340540707111,0.0297315474599599,0.01017383672297,0.03499685972929,0.1495745182037353,0.1049375012516975,0.0358400493860244,0.7071194052696228,0.0866336151957511,0.0358402840793132,0.7517373561859131,8.632381439208984,177954.96875,0.1886686086654663,0.0735473111271858,0.0399840511381626,0.674493670463562,0.0618021190166473,0.0399840511381626,0.7543866634368896,1.3050378561019895,0.1714333593845367,5.293107986450195,1.053498387336731,0.0487960129976272,0.0419268049299716,0.9708083271980286,0.0487960129976272,0.0439052805304527,1121.746337890625,871728.5,10.606685638427734,,0.050445906817913,0.0444305278360843,,0.050445906817913,0.0438419878482818,0.0028647296130657,0.0342331565916538,0.1207110732793808,0.0287834201008081,0.0356377847492694,11.60002899169922,0.029137048870325,0.0356377847492694,11.447418212890623,2.3491098880767822,174070.3125,0.130171537399292,0.0202792268246412,0.0397888794541358,,0.0247028823941946,0.0397888794541358,,163.0,0.1730319595058292,0.0382739515915174,-1.2480524573998082,0.9975822518897776,0.0023172947453719,0.0133770577950902,0.0124553165559934,0.6606450859932,0.011902189707852,0.6659016830509563
picked_raptor_20260905_124108,ABUPT,44,False,False,6009712.0,6009652.147609755,200,221,222,188,19.921875,0.9807205892000048,0.0817759186029434,0.0342806987464427,0.1372797936201095,0.1638516038656234,39535.09375,0.1330569684505462,0.1558377295732498,2.6542980670928955,0.3446905612945556,0.4511123597621918,154780.90625,0.044278010725975,0.0430914610624313,0.0195610858500003,1.725265622138977,2.2498061656951904,38889.7109375,0.0292558521032333,0.0298319961875677,0.0107225365936756,0.0388705693185329,0.0555439293384552,0.0997409671545028,0.0321703515946865,0.2799280285835266,0.0841218382120132,0.0321704745292663,0.309421956539154,8.996588706970215,197657.28125,0.0954525768756866,0.069876417517662,0.0357828848063945,0.2935115694999695,0.0614025481045246,0.0357827879488468,0.310300350189209,1.065585374832153,0.1518331319093704,5.494242668151856,0.9502221941947936,0.0438022837042808,0.0400471873581409,1.0639925003051758,0.0438022837042808,0.0418872758746147,910.1393432617188,772061.875,11.157781600952148,,0.0456217192113399,0.0429343022406101,,0.0456217192113399,0.0418263301253318,0.0047648302279412,0.038238238543272,0.0250187665224075,0.0324282683432102,0.0319934301078319,5.111375331878662,0.032524537295103,0.0319934301078319,5.575994491577148,3.90696382522583,194440.6875,0.0333299338817596,0.0229085553437471,0.0356031470000743,,0.0269464198499918,0.0356031470000743,,163.0,0.1440989222435909,0.0333226461343836,-0.5909454006350214,0.9985976826019366,0.0019610700922174,0.0120257742711223,0.0123364838298959,0.6614490019733079,0.011902189707852,0.6659016830509563
poetic_perch_20260911_210630,ABUPT,44,True,False,6009712.0,6008674.553966716,200,1,200,200,19.999999962747097,1.0,0.111725490540266,0.0497528500854969,0.1599686294794082,0.2025043070316314,55433.58203125,0.1665757596492767,0.1955675929784774,3.121212720870972,0.2864204943180084,0.4083536267280578,181924.21875,0.05527313798666,0.0545612275600433,0.0325006023049354,2.085911512374878,2.8882293701171875,54725.23046875,0.0455859005451202,0.0493781305849552,0.0200535356998443,0.0584877990186214,0.0750846862792968,0.100680224597454,0.0456002652645111,0.3336253762245178,0.0921304747462272,0.045600414276123,0.3913300931453705,16.453887939453125,277134.78125,0.1160158067941665,0.0701919123530387,0.0511336736381053,0.3784016966819763,0.0709537491202354,0.0511334538459777,0.3923985362052917,0.6724842190742493,0.1917248219251632,7.0346856117248535,0.7536877393722534,0.0556416325271129,0.0499321334064006,0.9400182962417604,0.0556416325271129,0.0530449226498603,568.7908935546875,908460.75,11.374460220336914,,0.0577463768422603,0.0527999028563499,,0.0577463768422603,0.0529686585068702,0.0163698494434356,0.0577419027686119,0.0360106937587261,0.0587176159024238,0.0454217940568923,6.153595447540283,0.0590672343969345,0.0454217940568923,7.138794898986816,13.33529281616211,273599.375,0.0527942664921283,0.0401948168873786,0.0509769804775714,,0.0485787093639373,0.0509769804775714,,163.0,0.1629537215590956,0.041150030359427,-1.459409492674678,0.9979249051007262,0.0020682269242435,0.0136886061584919,0.0124707518462891,0.6606165272201031,0.011902189707852,0.6659016830509563
proper_bedbug_20260904_184406,ABUPT,45,False,False,1502428.0,1501361.4356329143,50,448,447,1,-6.25,0.0583843645841616,0.1853427290916443,0.0625075921416282,0.2630165517330169,0.313122034072876,16072.548828125,0.2757610082626343,0.3002056777477264,2.4411003589630127,0.4857806861400604,0.9501428604125975,114818.484375,0.0881849527359008,0.0978573337197303,0.0490943379700183,1.6469825506210327,3.615878582000733,15518.478515625,0.0726068466901779,0.0807018354535102,0.0524595975875854,0.0410285405814647,0.0832951068878173,0.1546917557716369,0.0653286278247833,0.5690292716026306,0.1553288400173187,0.0653284043073654,0.5948120951652527,27.13120651245117,80308.1484375,0.1641175150871276,0.120222121477127,0.0664896890521049,0.6405711770057678,0.11653932929039,0.0664894133806228,0.6007301807403564,2.939669132232666,0.2914882600307464,3.0173373222351074,1.2750402688980105,0.0732343718409538,0.109067402780056,2.227820873260498,0.0732343718409538,0.1109189689159393,1764.6373291015625,570552.5,5.317443370819092,,0.0729440450668335,0.1034258529543876,,0.0729440450668335,0.1103139817714691,0.0361712202429771,0.0396232455968856,0.0667530000209808,0.109290562570095,0.0651229470968246,4.766533851623535,0.1145074218511581,0.0651229470968246,8.89262866973877,17.32319450378418,77557.46875,0.1350508779287338,0.0789150968194007,0.0662986040115356,,0.0879034548997879,0.0662986040115356,,163.0,0.3710198933101307,0.1466222385285973,-3.660326402885792,0.9884785279472252,0.004970485346258,0.0532880017459043,0.0096176399650967,0.6129609366436791,0.011902189707852,0.6659016830509563
proud_trout_20260906_082121,ABUPT,45,False,False,12019425.0,12019269.438761689,400,441,444,376,18.75,0.98132769692358,0.042631559073925,0.0422457121312618,0.2095329761505127,0.2856296002864837,5322.484375,0.2658933997154236,0.2767318189144134,1.0884875059127808,0.4006564617156982,0.6010409593582153,24901.498046875,0.0205514319241046,0.0203981027007102,0.0363552868366241,3.2308108806610107,4.869049072265625,5212.93994140625,0.0158307552337646,0.0162270050495862,0.010462281294167,0.0051943934522569,0.0925547927618026,0.1071808114647865,0.0172699801623821,0.5041481256484985,0.0918100029230117,0.0172700807452201,0.6136288642883301,8.70821475982666,26594.576171875,0.2140252739191055,0.0754424035549163,0.0187297016382217,0.7035080194473267,0.0662673413753509,0.0187297016382217,0.616197407245636,1.700240135192871,0.0237631853669881,1.0090969800949097,1.1620529890060425,0.0205396618694067,0.0193767547607421,1.4721641540527344,0.0205396618694067,0.0201682820916175,1420.933837890625,121661.65625,1.986275553703308,,0.0209260564297437,0.0201768092811107,,0.0209260564297437,0.0201341267675161,0.0009285928681492,0.0050905440002679,0.0874143540859222,0.0184027180075645,0.0172107964754104,9.656818389892578,0.0184990167617797,0.0172107964754104,12.145519256591797,0.7400619983673096,26062.810546875,0.2040824890136718,0.0129846530035138,0.0186768565326929,,0.0150020793080329,0.0186768565326929,,163.0,0.0632449503356153,0.0198590698509451,0.7733025360291688,0.999636100007752,0.0008497050528347,0.0064562363954621,0.0119310157277775,0.6649263992579122,0.011902189707852,0.6659016830509563
proven_emu_20260901_235311,ABUPT,43,False,False,1502428.0,1501334.855406992,50,317,316,13,-1.46484375,0.2270293395878073,0.1164730712771415,0.0297293365001678,0.1603390276432037,0.1897448152303695,20003.8515625,0.1554372012615203,0.1812658160924911,1.6586074829101562,0.3858788311481476,0.4746900498867035,102549.828125,0.0634736791253089,0.0653566941618919,0.020547654479742,1.329689383506775,2.0359983444213867,19540.451171875,0.0417089536786079,0.0428354442119598,0.0130245350301265,0.0290027558803558,0.0467974245548248,0.1115094721317291,0.0458484105765819,0.3236591815948486,0.0975603461265564,0.0458486527204513,0.353877305984497,9.68092918395996,99999.71875,0.0897716954350471,0.0805583745241165,0.0493029616773128,0.3364502489566803,0.0719939842820167,0.049302902072668,0.3565191030502319,1.451887845993042,0.1480565965175628,2.620602607727051,1.030823826789856,0.0589629560708999,0.0678497999906539,1.088747262954712,0.0589629560708999,0.0684963837265968,1120.910888671875,510497.28125,5.033659934997559,,0.0595092661678791,0.0674380883574485,,0.0595092661678791,0.0682804137468338,0.0048982473090291,0.028334055095911,0.0323038697242736,0.0494454689323902,0.0455847270786762,3.894038200378418,0.049153633415699,0.0455847270786762,5.018050193786621,3.404850959777832,97695.3203125,0.0618897080421447,0.0343513675034046,0.0490665435791015,,0.0397198945283889,0.0490665435791015,,163.0,0.1779845570723213,0.0529352339516782,-0.3778044942649443,0.9982309463486928,0.0022904112140947,0.0168062531829772,0.0120899926444636,0.6675977147331555,0.011902189707852,0.6659016830509563
quiet_marten_20260902_012046,ABUPT,43,False,False,1502428.0,1501111.5636470914,50,382,385,5,-2.563819326460361,0.1540515617252974,0.1226839087903499,0.0650892555713653,0.2660202383995056,0.3009392917156219,21553.529296875,0.2333184331655502,0.2927436530590057,1.65837824344635,0.3759762048721313,0.5210181474685669,66581.5,0.0649542659521102,0.0687993168830871,0.0561078079044818,2.3390469551086426,3.1984341144561768,21301.91015625,0.0433555468916893,0.0449195504188537,0.0157802551984787,0.0381365679204463,0.1278745979070663,0.1098150238394737,0.0446690842509269,0.6435765624046326,0.0992260426282882,0.0446691736578941,0.6307876110076904,10.318029403686523,107746.6328125,0.1849595606327057,0.0806226506829261,0.0469228886067867,0.5724097490310669,0.0719549655914306,0.0469228513538837,0.6364426612854004,1.4374949932098389,0.1171047240495681,2.6498982906341557,0.9976055026054382,0.0559102334082126,0.0744129121303558,1.19927978515625,0.0559102334082126,0.0753105133771896,1021.37744140625,330853.5625,5.595517158508301,,0.0563588589429855,0.0735496655106544,,0.0563588589429855,0.0750195384025573,0.0077493051066994,0.0376954413950443,0.1136724948883056,0.0571990199387073,0.0444591157138347,6.915482521057129,0.0570354685187339,0.0444591157138347,7.916820049285889,4.606656551361084,106500.0234375,0.1544683575630188,0.0399973653256893,0.0467137284576892,,0.0440224595367908,0.0467137284576892,,163.0,0.170995368290782,0.0474818372824346,-0.0592450485208404,0.9988602777352408,0.0021667122881096,0.0139717996099706,0.0124004926514373,0.6637359311630188,0.011902189707852,0.6659016830509563
rested_wolf_20260904_061113,ABUPT,43,False,False,3004856.0,3003862.355948098,100,373,372,48,0.8984375,0.5141089830733248,0.0798389427363872,0.0317054390907287,0.1869739294052124,0.2243276685476303,13864.8623046875,0.1765881180763244,0.2159323543310165,1.7725483179092407,0.3756957948207855,0.514441192150116,92697.7578125,0.0444620884954929,0.0446232557296752,0.0218952782452106,2.0680973529815674,2.881237506866455,13421.900390625,0.0283708609640598,0.0289486199617385,0.0099486950784921,0.0144507950171828,0.0620894990861415,0.1016951948404312,0.0315982773900032,0.4276283085346222,0.0860108584165573,0.0315984077751636,0.459009051322937,7.775018692016602,69308.5390625,0.1114357262849807,0.0716319605708122,0.0346027947962284,0.4235295951366424,0.061326790601015,0.0346028767526149,0.4612026214599609,1.380045771598816,0.0961789488792419,3.0032358169555664,1.0411200523376465,0.0415168516337871,0.0444504357874393,1.2194637060165403,0.0415168516337871,0.04588083922863,1093.6246337890625,461287.5625,6.981317520141602,,0.0422926098108291,0.0466315671801567,,0.0422926098108291,0.0457885786890983,0.0022165151312947,0.0139916045591235,0.0455258786678314,0.0322699435055255,0.0314278230071067,6.140594482421875,0.0323826894164085,0.0314278230071067,7.154996871948242,1.6464996337890625,67106.0546875,0.0727121382951736,0.0222933758050203,0.0344483479857444,,0.0261987559497356,0.0344483479857444,,163.0,0.1422179755897687,0.0334773022263721,-0.3536709683702563,0.9994925192303998,0.0019024052074776,0.0090239564209837,0.0124826335402278,0.6666840712663575,0.011902189707852,0.6659016830509563
right_akita_20260903_152102,ABUPT,45,False,False,1502428.0,1502079.0524169356,50,56,58,48,19.999999962747097,0.9725103510974054,0.3017554581165313,0.0878188237547874,0.2624340653419494,0.312208741903305,222592.203125,0.2928155660629272,0.3046161830425262,6.813995361328125,0.516140878200531,0.7830354571342468,683153.75,0.2100241780281067,0.1976131051778793,0.0501162596046924,2.0769972801208496,3.13474702835083,220015.828125,0.1313421577215194,0.1258028000593185,0.0308703258633613,0.1508632749319076,0.1132450848817825,0.1591272354125976,0.1761982589960098,0.4519766569137573,0.154974490404129,0.1762004196643829,0.5374471545219421,28.14673614501953,1112904.125,0.2911577522754669,0.1116107255220413,0.1913546621799469,0.5754812955856323,0.1258969008922577,0.1913557946681976,0.5399656891822815,1.5650639533996582,0.4626319408416748,15.23861026763916,1.1545164585113523,0.2260020971298217,0.1679040938615799,1.6629688739776611,0.2260020971298217,0.1816186904907226,1460.4027099609375,3412771.0,38.49985504150391,,0.2301982641220092,0.1898501068353653,,0.2301982641220092,0.1813205033540725,0.0222039148211479,0.1491198986768722,0.0285267829895019,0.1032271087169647,0.1754113882780075,5.952353477478027,0.1072389930486679,0.1754113882780075,7.641922950744629,20.056228637695312,1100038.875,0.0771275460720062,0.072062112390995,0.1906221956014633,,0.0933930873870849,0.1906221956014633,,163.0,0.5902381513749324,0.1376689284223898,-14.456948523911503,0.9829117606798738,0.0077160368424734,0.0463926110886371,0.0118552326004173,0.6434463048179186,0.011902189707852,0.6659016830509563
safe_mutt_20260906_153935,ABUPT,45,False,False,12019425.0,12019270.344973443,400,871,872,276,3.046875,0.7634300086880108,0.0349405277520418,0.0194399990141391,0.1651890873908996,0.2158492058515548,1943.0982666015625,0.1834096610546112,0.2059361189603805,0.7826624512672424,0.4092051684856415,0.5452785491943359,14799.8310546875,0.0159201584756374,0.0163219459354877,0.0151316467672586,2.049175500869751,3.084701538085937,1870.7298583984373,0.0129824262112379,0.0134776681661605,0.0100420163944363,0.0018582959892228,0.0376288369297981,0.1116052642464637,0.0126857757568359,0.3712761998176574,0.0923196300864219,0.0126857841387391,0.4409605264663696,8.336587905883789,9698.65625,0.0809189304709434,0.077962689101696,0.0138245793059468,0.4584417045116424,0.0649615451693534,0.0138245355337858,0.442966490983963,1.7095221281051636,0.0136337773874402,0.2403171360492706,1.1958743333816528,0.0156947597861289,0.0160464532673358,1.3388113975524902,0.0156947597861289,0.0165376402437686,1421.230712890625,71155.640625,0.5277496576309204,,0.0159645266830921,0.0158757902681827,,0.0159645266830921,0.0165006555616855,0.0004491555737331,0.0017920207465067,0.0364839471876621,0.0175947062671184,0.0126300547271966,6.117301940917969,0.0172983705997467,0.0126300547271966,7.688140392303467,0.3613471388816833,9352.76953125,0.0783896371722221,0.0121890734881162,0.0137757798656821,,0.0133286118507385,0.0137757798656821,,163.0,0.0632368567174596,0.0179227148192565,0.6940099593243783,0.9998090121464336,0.0009061340219603,0.0053058562381969,0.0122834571726643,0.6664560904070728,0.011902189707852,0.6659016830509563
saved_jackal_20260904_062055,ABUPT,45,False,False,1502428.0,1501407.3319852576,50,252,251,19,-0.546875,0.3305284272767433,0.1438091099262237,0.0413123480975627,0.2161868512630462,0.2771532237529754,37490.75390625,0.2516443729400635,0.270181268453598,2.187874317169189,0.3834076821804046,0.67097407579422,184316.96875,0.0742298364639282,0.0744480192661285,0.0292234532535076,1.9928361177444456,3.1333413124084477,36668.9765625,0.0548465028405189,0.0547764264047145,0.0140676386654376,0.03696109354496,0.0707326754927635,0.116433285176754,0.0587704665958881,0.4733567535877228,0.1065014526247978,0.0587702840566635,0.5569964051246643,11.411306381225586,187430.578125,0.1808200180530548,0.0805680677294731,0.0662384107708931,0.6081266403198242,0.0809386894106864,0.0662380903959274,0.5613954067230225,1.2838666439056396,0.1813179850578308,4.095160484313965,1.0076277256011963,0.0699147805571556,0.0726804435253143,1.5668082237243652,0.0699147805571556,0.0756695196032524,1048.4793701171875,919468.75,9.549321174621582,,0.0723808258771896,0.0760788396000862,,0.0723808258771896,0.0754816085100174,0.0068979770876467,0.0361530818045139,0.0480841249227523,0.0642820298671722,0.0585562773048877,5.85567045211792,0.0623927973210811,0.0585562773048877,7.741682529449463,5.55559778213501,183333.515625,0.1280920505523681,0.0436389632523059,0.0660540461540222,,0.0491376146674156,0.0660540461540222,,163.0,0.1852612514252544,0.0561484727544698,-0.8279038159870469,0.9980558625856364,0.0024204832104483,0.0162692430135625,0.0129117076092764,0.66774313488971,0.011902189707852,0.6659016830509563
saved_marten_20260904_185418,ABUPT,45,False,False,3004856.0,3004650.442347668,100,242,243,66,2.5,0.6868367106887564,0.1296775713562965,0.0501658618450164,0.2292587459087371,0.2956410050392151,31573.927734375,0.273615300655365,0.2854911983013153,1.88080096244812,0.3607579469680786,0.5659960508346558,150265.34375,0.058031216263771,0.0570197515189647,0.0398602485656738,2.554121494293213,3.811578750610352,30908.666015625,0.0547497645020484,0.0633966028690338,0.0328421778976917,0.0298326667398214,0.0776561498641967,0.1442236602306366,0.0436235330998897,0.4999290406703949,0.1333680301904678,0.0436235442757606,0.5839226245880127,27.02695846557617,157815.171875,0.2031504064798355,0.0978455990552902,0.0489078685641288,0.6740923523902893,0.1019735112786293,0.0489077046513557,0.5873005390167236,1.1435949802398682,0.141663983464241,3.487575054168701,0.972137987613678,0.0568036697804927,0.0533321574330329,1.3303664922714231,0.0568036697804927,0.0562217533588409,952.408203125,749406.3125,7.79157543182373,,0.0588164590299129,0.0572459697723388,,0.0588164590299129,0.0561213977634906,0.026569502428174,0.0292059332132339,0.058478157967329,0.0913548991084098,0.0433963872492313,7.527613162994385,0.0897801369428634,0.0433963872492313,9.417468070983888,21.801002502441406,154499.40625,0.160443514585495,0.060808952897787,0.0486905761063098,,0.0707496106624603,0.0486905761063098,,163.0,0.1618191708545244,0.0433628850719417,-0.9463763165656552,0.9985770969023264,0.0021516093723182,0.0125590336473796,0.0125259455339392,0.6672059444884394,0.011902189707852,0.6659016830509563
secure_dove_20260903_030140,ABUPT,44,False,False,1502428.0,1501334.855406992,50,317,316,13,-1.46484375,0.2270293395878073,0.1168534941971302,0.0379048250615596,0.1993650048971176,0.232849508523941,23587.833984375,0.1825118064880371,0.222665935754776,2.075502872467041,0.4497222900390625,0.7009832262992859,125998.5859375,0.0597691386938095,0.0631061419844627,0.0264180898666381,1.634568691253662,2.332721471786499,23013.765625,0.039344348013401,0.0417053401470184,0.0176039971411228,0.0341975279152393,0.0600593015551567,0.1277074664831161,0.0400333665311336,0.4303542077541351,0.1149507611989975,0.0400335863232612,0.4471562206745147,12.91137409210205,117913.140625,0.1031649634242057,0.0908826291561126,0.0427202023565769,0.4139325618743896,0.0847406536340713,0.0427201427519321,0.4505640864372253,2.081054449081421,0.1817952990531921,3.0168046951293945,1.23063862323761,0.0515516325831413,0.0669766962528228,1.6579327583312988,0.0515516325831413,0.0687496289610862,1576.432373046875,626827.9375,6.045793056488037,,0.0522577948868274,0.0672804862260818,,0.0522577948868274,0.0685303062200546,0.0059524956159293,0.0333703383803367,0.0434075631201267,0.052235472947359,0.0398429036140441,4.811627388000488,0.0515467599034309,0.0398429036140441,5.760335445404053,4.082103729248047,115060.53125,0.0696678161621093,0.0361473709344863,0.0425413250923156,,0.0412873476743698,0.0425413250923156,,163.0,0.1661001186893121,0.0411023020070373,-0.8325325148614764,0.998748622303194,0.0022706359305815,0.0130153511189853,0.0127070939666696,0.6662499523552372,0.011902189707852,0.6659016830509563
secure_ghost_20260905_151508,ABUPT,43,False,False,12019425.0,12018312.631440155,400,1157,1155,242,1.6796875,0.6172854965727198,0.0335151422768831,0.0281331874430179,0.1816829144954681,0.2135441750288009,1927.3349609375,0.1669069826602935,0.2046977579593658,0.5139972567558289,0.3363471031188965,0.3909486830234527,2823.071044921875,0.0143629573285579,0.0150929661467671,0.0253908522427082,2.494616270065308,3.388073682785034,1922.321533203125,0.0138743808493018,0.0146126076579093,0.0071880472823977,0.0020602471195161,0.0621147975325584,0.0930929481983184,0.0130108697339892,0.4389449059963226,0.072942316532135,0.0130108948796987,0.4544126391410827,5.785676002502441,9624.931640625,0.0855779945850372,0.0658603832125663,0.0138681912794709,0.4209923148155212,0.049170434474945,0.0138681074604392,0.4556398391723633,1.171256184577942,0.0026160003617405,0.1124291718006134,0.9799073338508606,0.0137759363278746,0.0153580950573086,0.9547412395477296,0.0137759363278746,0.0157425552606582,946.9775390625,12220.95703125,0.2219868749380111,,0.013867937028408,0.0148579766973853,,0.013867937028408,0.0157054793089628,0.0006163729121908,0.0020571607165038,0.0618321672081947,0.0201044846326112,0.0129933273419737,7.450750827789307,0.0197023302316665,0.0129933273419737,8.443985939025879,0.4719154834747314,9610.494140625,0.0848096385598182,0.0138910533860325,0.013857708312571,,0.0149900587275624,0.013857708312571,,163.0,0.0538333482697903,0.0124411689566493,0.8894626059254027,0.9997650212749828,0.0007012388293279,0.0055030838920721,0.0119708413891417,0.6676902378147297,0.011902189707852,0.6659016830509563
smart_cow_20260906_133320,ABUPT,45,False,False,12019425.0,12019392.132866204,400,584,585,336,6.8359375,0.9164548531947364,0.0380301047116518,0.0261168181896209,0.1776350438594818,0.2389042824506759,1590.5755615234375,0.2038233131170272,0.2289402931928634,1.0208951234817505,0.4362196624279022,0.612002432346344,22416.716796875,0.0167784634977579,0.0169119909405708,0.0205102637410163,2.332947254180908,3.29119610786438,1474.2109375,0.0139486715197563,0.0145770190283656,0.0116763701662421,0.0015590111725032,0.0528361685574054,0.1200688928365707,0.0140499733388423,0.3987862467765808,0.1033990383148193,0.0140499919652938,0.4868366122245788,9.852869033813477,7932.97998046875,0.0957795828580856,0.0841649770736694,0.0154466591775417,0.5118582844734192,0.0753305703401565,0.0154466098174452,0.4892969131469726,1.99337899684906,0.0213642809540033,0.5481765270233154,1.275766372680664,0.0168939065188169,0.0159987136721611,1.5048160552978516,0.0168939065188169,0.0167430415749549,1684.001953125,108713.765625,0.9072522521018982,,0.017312828451395,0.0162440985441207,,0.017312828451395,0.0167115703225135,0.0004901405773125,0.0014483307022601,0.0500613525509834,0.017944149672985,0.0139929885044693,6.966904640197754,0.0178456548601388,0.0139929885044693,8.203147888183594,0.402724951505661,7370.06689453125,0.0912345498800277,0.0124989990144968,0.0153983430936932,,0.0141663551330566,0.0153983430936932,,163.0,0.0690011721521121,0.0190813789614144,0.5770684875426016,0.9997165805816252,0.0009456712107917,0.0062553046794329,0.0121622326233085,0.6647864734978038,0.011902189707852,0.6659016830509563
smart_macaw_20260905_132542,ABUPT,45,False,False,6009712.0,6009652.147609755,200,221,222,188,19.921875,0.9807205892000048,0.0949698500335216,0.0557192675769329,0.2061670124530792,0.2673005759716034,57518.58984375,0.2541024684906006,0.2588855922222137,3.4804835319519043,0.4200029075145721,0.632317066192627,217560.53125,0.0549728572368621,0.0526766292750835,0.0365004129707813,2.6896066665649414,3.9543704986572266,56624.0625,0.0352990888059139,0.0347520820796489,0.0142222708091139,0.056552518159151,0.0967996418476104,0.1167910993099212,0.0426280423998832,0.4590818583965301,0.1028888598084449,0.0426282174885273,0.544048547744751,11.933321952819824,287568.65625,0.2084516435861587,0.0817039832472801,0.0469551384449005,0.6336482763290405,0.0773567706346511,0.0469550639390945,0.5463796854019165,1.568243384361267,0.2133952677249908,7.026268005371094,1.1558237075805664,0.0574326552450656,0.0467523373663425,1.5027055740356443,0.0574326552450656,0.049370739609003,1337.8291015625,1085101.75,12.63957405090332,,0.059424452483654,0.0505212657153606,,0.059424452483654,0.0493027195334434,0.0054486971348524,0.0556755140423774,0.0579645745456218,0.0338622108101844,0.0424115881323814,7.992546081542969,0.0338324718177318,0.0424115881323814,9.830887794494627,4.447606563568115,283111.125,0.1387888640165329,0.0238682683557271,0.0467299111187458,,0.0287631675601005,0.0467299111187458,,163.0,0.1619822188997416,0.031895504604688,-0.5208501498280795,0.9984460324510436,0.0020971785231427,0.0108455549052712,0.0126275531295766,0.6644968211923195,0.011902189707852,0.6659016830509563
smooth_weasel_20260905_125720,ABUPT,44,False,False,6009712.0,6009668.327847078,200,401,401,141,3.75,0.8018528742573375,0.0597328674048185,0.021365201100707,0.1507458984851837,0.1999470740556717,5519.13623046875,0.1689816117286682,0.1907607764005661,1.256109595298767,0.373988538980484,0.4882372319698334,35181.3671875,0.0270267315208911,0.0277671292424201,0.0144035518169403,1.795924186706543,2.686858892440796,5352.28955078125,0.0191321484744548,0.0195081550627946,0.0096964407712221,0.0059589678421616,0.0407370775938034,0.1045002117753028,0.0210979785770177,0.3266395032405853,0.0863518193364143,0.0210981518030166,0.4029667973518371,7.739668369293213,27580.048828125,0.0763818100094795,0.073915384709835,0.0224770214408636,0.410552442073822,0.0607710927724838,0.0224770586937665,0.4048923254013061,1.4157207012176514,0.037509761750698,1.7057985067367554,1.0682601928710938,0.0266044177114963,0.0271010566502809,1.1790454387664795,0.0266044177114963,0.028245486319065,1147.486083984375,173605.828125,3.019530773162842,,0.0269158482551574,0.02713761664927,,0.0269158482551574,0.0281927697360515,0.0017582330619916,0.0057815113104879,0.031359888613224,0.0225818455219268,0.0210020057857036,5.344188690185547,0.0225943680852651,0.0210020057857036,6.684051990509033,1.304606318473816,26758.71875,0.0597867667675018,0.0158788040280342,0.0223854947835207,,0.0180694852024316,0.0223854947835207,,163.0,0.0903230908036606,0.0254397550766295,0.4772496121367826,0.9992208036751956,0.0012212934560297,0.0091166552292401,0.0120674547615753,0.664727960784805,0.011902189707852,0.6659016830509563
social_dory_20260905_131131,ABUPT,44,False,False,6009712.0,6008727.283630662,200,941,940,79,-0.15625,0.3848948458393663,0.0472397822886705,0.0207770317792892,0.1579062342643737,0.1962306350469589,5781.99609375,0.1553262174129486,0.18654265999794,0.7673435211181641,0.3711201846599579,0.4678829312324524,25796.505859375,0.0212683044373989,0.0222891867160797,0.0165643617510795,1.7538033723831177,2.797643184661865,5669.82421875,0.0164987724274396,0.0173169318586587,0.0090790791437029,0.0066405469551682,0.0395432263612747,0.1019821390509605,0.0160897616297006,0.3556467592716217,0.0812432840466499,0.0160897448658943,0.4012883901596069,7.112483501434326,28895.62109375,0.0677864551544189,0.0725090950727462,0.0170931629836559,0.3763764202594757,0.0547548085451126,0.0170931089669466,0.4030552506446838,1.4311906099319458,0.02912088483572,0.4726077914237976,1.0707800388336182,0.0197090450674295,0.0228715520352125,1.136310577392578,0.0197090450674295,0.0235422998666763,1132.077392578125,126716.359375,1.0058493614196775,,0.0199194755405187,0.0226171314716339,,0.0199194755405187,0.0234740413725376,0.0010489919222891,0.0065145124681293,0.0371046587824821,0.0230158269405365,0.016013890504837,5.2223801612854,0.0228189341723918,0.016013890504837,6.963282108306885,0.7599381804466248,28347.474609375,0.0624931380152702,0.0159740801900625,0.0170234646648168,,0.0174636654555797,0.0170234646648168,,163.0,0.0737944232530366,0.0150620464552659,0.6229254070385204,0.9995497855856932,0.0010338349943401,0.0065528761392815,0.0121868745056525,0.6671717633658327,0.011902189707852,0.6659016830509563
social_gecko_20260904_191431,ABUPT,45,False,False,3004856.0,3003447.1558601856,100,634,634,24,-1.328125,0.2569048825032909,0.0723537020385265,0.0255448129028081,0.1655199527740478,0.197053000330925,10485.7451171875,0.1566559225320816,0.1859355419874191,1.6656213998794556,0.4540685415267944,0.7805706858634949,63501.76171875,0.0343412384390831,0.0362754352390766,0.0163129810243845,1.3792275190353394,2.2317559719085693,10188.9921875,0.0275815576314926,0.028509272262454,0.017338965088129,0.014397575519979,0.0393242798745632,0.1243554428219795,0.0259533002972602,0.3462511301040649,0.1084298714995384,0.0259532164782285,0.3712259829044342,12.974042892456056,52402.63671875,0.0721893161535263,0.0902037546038627,0.0272071342915296,0.3525568544864654,0.077569380402565,0.0272068567574024,0.3736660778522491,2.3761236667633057,0.0862433686852455,1.7448080778121948,1.293080449104309,0.0310307219624519,0.0380944348871707,1.896950840950012,0.0310307219624519,0.0389603972434997,1800.2918701171875,313900.90625,3.652074813842773,,0.0311684105545282,0.0375140644609928,,0.0311684105545282,0.0388289466500282,0.0040282132104039,0.0139954835176467,0.0297564975917339,0.0407024063169956,0.0258500296622514,4.071130275726318,0.0389513410627841,0.0258500296622514,5.52751350402832,2.8872499465942383,50939.08203125,0.0520979091525077,0.0280535090714693,0.0271096061915159,,0.0292091034352779,0.0271096061915159,,163.0,0.1033434170622228,0.0275076220037355,0.2745854005951582,0.9991083652770218,0.0014268910674656,0.0115105591773215,0.011647787110971,0.6622660557280989,0.011902189707852,0.6659016830509563
sought_tomcat_20260907_175520,ABUPT,45,False,False,24038851.0,24038118.11969437,800,950,949,732,13.75,0.9712497193584916,0.0307002924382686,0.0147481560707092,0.140517458319664,0.1812759488821029,472.131103515625,0.1530225574970245,0.1718478202819824,0.689106285572052,0.3955304622650146,0.6180669069290161,3841.690673828125,0.0118454480543732,0.012106112204492,0.0109431184828281,1.841270923614502,2.6829347610473637,453.14453125,0.0111581981182098,0.0118714123964309,0.0093865394592285,0.000408283813158,0.0272797066718339,0.107471577823162,0.0102543802931904,0.3038263916969299,0.0906696245074272,0.0102543691173195,0.3573930561542511,7.869301795959473,2344.803466796875,0.0566944219172,0.0746897235512733,0.0112954182550311,0.3730825185775757,0.0650861263275146,0.0112953521311283,0.3588857054710388,1.6128716468811035,0.0028734086081385,0.1084573939442634,1.1630953550338743,0.0117442142218351,0.0117517318576574,1.5271729230880735,0.0117442142218351,0.012122269719839,1352.76318359375,16502.474609375,0.2265394628047943,,0.012121788226068,0.0115691078826785,,0.012121788226068,0.0120982751250267,0.0003381117130629,0.0003943967167288,0.0268224868923425,0.0159954987466335,0.0102293044328689,5.497588157653809,0.0156873855739831,0.0102293044328689,6.686534881591797,0.279904156923294,2265.05126953125,0.0557376742362976,0.0110416859388351,0.0112747093662619,,0.0121697653084993,0.0112747093662619,,163.0,0.0503169203621099,0.0131956947288249,0.8806398498334008,0.9997889409801728,0.0006947063983128,0.0051012908358875,0.0119315590618886,0.6655327587209897,0.011902189707852,0.6659016830509563
sound_gnu_20260907_175520,ABUPT,44,False,False,24038851.0,24010301.015561983,800,1301,1301,639,5.703125,0.8866302294683038,0.0275662019848823,0.0106387352570891,0.1215744465589523,0.1562502235174179,194.0764923095703,0.1302122473716735,0.1469340473413467,0.552668035030365,0.3583163321018219,0.4488233029842376,2164.192626953125,0.0115365302190184,0.0120364278554916,0.0075786942616105,1.515074372291565,2.198554515838623,182.98980712890625,0.0119447689503431,0.0124916331842541,0.0076760142110288,0.0001545079430798,0.0188435688614845,0.1002903804183006,0.0110441409051418,0.2533887922763824,0.0786699652671814,0.0110441334545612,0.3064334988594055,6.418750286102295,957.4732055664062,0.0358792953193187,0.0698447003960609,0.0120964189991354,0.3086956441402435,0.0536660328507423,0.0120963556692004,0.3076209127902984,1.3041753768920898,0.0013938739430159,0.0767978206276893,1.051647663116455,0.0111811310052871,0.0121202133595943,1.1041219234466553,0.0111811310052871,0.0123458206653594,1091.4930419921875,8637.66015625,0.1586308479309082,,0.0114717604592442,0.0116012999787926,,0.0114717604592442,0.0123187601566314,0.0003553659189492,0.0001475405006203,0.0185175985097885,0.0171497501432895,0.0110343135893344,4.517038822174072,0.0166592858731746,0.0110343135893344,5.474209308624268,0.291544109582901,914.2955322265624,0.0351887866854667,0.0117951110005378,0.0120944259688258,,0.0126902358606457,0.0120944259688258,,163.0,0.0455289755295652,0.014405863183274,0.9032570162139704,0.9998230422192084,0.0006322723055942,0.0049653673217417,0.012058949584237,0.6661827937009527,0.011902189707852,0.6659016830509563
stable_caiman_20260901_231128,ABUPT,43,False,False,1502428.0,1501407.3319852576,50,252,251,19,-0.546875,0.3305284272767433,0.1405824013054371,0.040841169655323,0.2149113118648529,0.255189299583435,31692.171875,0.2014415711164474,0.248175099492073,2.208346128463745,0.3898138105869293,0.5987459421157837,142695.953125,0.0752525925636291,0.0764466226100921,0.0286511480808258,2.03789496421814,2.733917236328125,31070.671875,0.0456860288977623,0.0464690625667572,0.0120527474209666,0.0312450490891933,0.0744276493787765,0.110527291893959,0.0510874092578887,0.4831191897392273,0.0994795858860015,0.0510875955224037,0.5129498839378357,9.79641342163086,158441.0,0.1368424892425537,0.0772215202450752,0.0574369989335536,0.4696661829948425,0.0754182636737823,0.057437065988779,0.5163009166717529,1.3211390972137451,0.140266016125679,4.129593372344971,1.0251246690750122,0.0677868723869323,0.0765299350023269,1.38310444355011,0.0677868723869323,0.0798670947551727,1084.62548828125,711292.9375,8.784411430358887,,0.0699924379587173,0.0805127397179603,,0.0699924379587173,0.0796737223863601,0.0046614678576588,0.0306344386190176,0.0516491904854774,0.0499305948615074,0.050827756524086,6.01292610168457,0.0499005392193794,0.050827756524086,6.759478569030762,3.727481842041016,155345.734375,0.0882240757346153,0.0341760478913784,0.0571960099041461,,0.0411055944859981,0.0571960099041461,,163.0,0.2381411209340732,0.0533281190864879,-2.485501364837837,0.9978122587368908,0.003235091096741,0.0169137391846711,0.0135082588701104,0.6626106435095174,0.011902189707852,0.6659016830509563
strong_horse_20260911_224334,ABUPT,45,True,False,24038851.0,24024123.57446395,800,1,798,798,19.999999962747097,1.0,0.0321580274030566,0.0361887104809284,0.2101816833019256,0.2905015051364898,400.4109802246094,0.2751989960670471,0.2850951254367828,0.4233824610710144,0.2971400618553161,0.611629843711853,2269.56298828125,0.0118130166083574,0.0120806014165282,0.0340049862861633,3.3324546813964844,5.01432466506958,389.9163818359375,0.0122301029041409,0.0131885046139359,0.0061611011624336,0.0003529557434376,0.0841341987252235,0.0813342183828353,0.0109371561557054,0.5382736325263977,0.0733175277709961,0.0109371421858668,0.6474676728248596,5.141676902770996,1991.343505859375,0.2140750437974929,0.0566081888973712,0.0120366010814905,0.7569521069526672,0.0564929731190204,0.0120365340262651,0.6502265334129333,0.9743079543113708,0.0017227655043825,0.0832868963479995,0.8678321242332458,0.0117083918303251,0.0118796695023775,1.5110622644424438,0.0117083918303251,0.0121581451967358,813.91943359375,9719.6591796875,0.1584038436412811,,0.0119746169075369,0.0116514153778553,,0.0119746169075369,0.0121335936710238,0.0006987053784541,0.000345274223946,0.084141120314598,0.0178737640380859,0.0109216906130313,9.968568801879885,0.0176691822707653,0.0109216906130313,12.51268196105957,0.57819664478302,1947.9967041015625,0.214394137263298,0.0124312909319996,0.0120289148762822,,0.0137682994827628,0.0120289148762822,,163.0,0.0512126536764207,0.0134838140944821,0.8608869835225149,0.9997713385814734,0.000699168809645,0.0053210096205114,0.011976324468454,0.6662875756762675,0.011902189707852,0.6659016830509563
subtle_lemur_20260905_114603,ABUPT,43,False,False,6009712.0,6007820.22114443,200,1121,1126,57,-0.703125,0.3207102045510107,0.0485425200313329,0.0282189138233661,0.1889108717441558,0.2125277072191238,5138.0068359375,0.1653414964675903,0.2030568420886993,0.7638686895370483,0.3716046810150146,0.491439014673233,18455.13671875,0.0222523882985115,0.0235684532672166,0.0240708626806736,2.004402875900269,2.790178775787353,5063.43896484375,0.0180064756423234,0.0190825406461954,0.0095899645239114,0.006129905115813,0.0578923635184764,0.1005874946713447,0.0169453099370002,0.4491997957229614,0.0827222615480423,0.0169453229755163,0.4401243925094604,7.374485015869141,25675.119140625,0.0824520140886306,0.072423443198204,0.0178030990064144,0.405797928571701,0.0565648041665554,0.0178030505776405,0.4421757459640503,1.4860692024230957,0.021478172391653,0.4128635227680206,1.069597244262695,0.0199659205973148,0.025250943377614,1.193202018737793,0.0199659205973148,0.0254126228392124,1156.427978515625,89961.3203125,0.7567130327224731,,0.0200377572327852,0.0244670175015926,,0.0200377572327852,0.0253338012844324,0.001256939722225,0.0060440003871917,0.0558982193470001,0.0262630358338356,0.0168886985629796,5.970056533813477,0.0260448642075061,0.0168886985629796,6.940957546234131,0.8888355493545532,25315.259765625,0.0786550194025039,0.0182594526559114,0.0177534986287355,,0.0197470635175704,0.0177534986287355,,163.0,0.07661525679314,0.0166846353798889,0.6747943514275059,0.999651894786383,0.0010545241601037,0.0068581904621883,0.0118232658272452,0.6650822520419946,0.011902189707852,0.6659016830509563
sunny_pika_20260904_185419,ABUPT,45,False,False,3004856.0,3003862.355948098,100,373,372,48,0.8984375,0.5141089830733248,0.0778589211404323,0.0270970053970813,0.1535514593124389,0.1907981485128402,19407.111328125,0.162155270576477,0.1819153279066085,1.734781265258789,0.3816364705562591,0.582780659198761,100078.9609375,0.0442620329558849,0.0443998984992504,0.0174688212573528,1.6850260496139526,2.6004180908203125,18953.96484375,0.0277721025049686,0.0281783789396286,0.010268434882164,0.0202285274863243,0.0473598130047321,0.1043196693062782,0.0306111834943294,0.3257234990596771,0.0905560925602912,0.0306112486869096,0.3711336255073547,8.027639389038086,97019.296875,0.1018938049674034,0.0727588161826133,0.0331125184893608,0.3805944621562958,0.0653722733259201,0.0331124626100063,0.3728598356246948,1.379958152770996,0.1038738563656807,2.9050583839416504,1.0586981773376465,0.0431186407804489,0.0430925972759723,1.3906381130218506,0.0431186407804489,0.0447542928159236,1094.0377197265625,498193.5625,6.592804908752441,,0.0438815578818321,0.0446425080299377,,0.0438815578818321,0.0446590632200241,0.0025329201016575,0.0197586584836244,0.0312598049640655,0.0327796675264835,0.0304136369377374,4.991884708404541,0.0326747819781303,0.0304136369377374,6.453164100646973,1.8939323425292969,94765.90625,0.0653137043118476,0.0226276386529207,0.0329165644943714,,0.0258092880249023,0.0329165644943714,,163.0,0.1283053866079528,0.0311160658112048,-0.4430293703873362,0.9991761762349723,0.0017188996882988,0.0103536241427216,0.0123153384749694,0.6656463509440582,0.011902189707852,0.6659016830509563
super_eel_20260907_151036,ABUPT,43,False,False,24038851.0,24038068.119517595,800,880,880,760,18.75,0.9843204858321644,0.0292348666116595,0.0448104254901409,0.2518753409385681,0.3042925000190735,323.8000793457031,0.2311489880084991,0.2958724200725555,0.4911862015724182,0.3365309536457062,0.3781034052371979,2487.150390625,0.0115209138020873,0.0115597583353519,0.0422914884984493,3.819225549697876,4.788060665130615,311.6724548339844,0.0116232801228761,0.0121420221403241,0.0068042180500924,0.0002779693750198,0.1050828546285629,0.0928906872868537,0.0108394250273704,0.6518959403038025,0.0736489817500114,0.010839425958693,0.6816624999046326,5.749857902526856,1607.2254638671875,0.1376002430915832,0.064577966928482,0.0118015324696898,0.6170674562454224,0.0502132773399353,0.0118014784529805,0.6835669279098511,1.1422468423843384,0.0018164089415222,0.0848103985190391,0.9866229295730592,0.0118199959397315,0.0111499726772308,0.928040623664856,0.0118199959397315,0.0113079221919178,966.4125366210938,10502.548828125,0.1889300793409347,,0.0121064847335219,0.0109353428706526,,0.0121064847335219,0.0112863956019282,0.0003947351069655,0.0002693559217732,0.1051993072032928,0.016679186373949,0.0108202900737524,11.430177688598633,0.0161304920911788,0.0108202900737524,11.948612213134766,0.3269928693771362,1557.4337158203125,0.1373134404420852,0.0114595871418714,0.0117869740352034,,0.012319547124207,0.0117869740352034,,163.0,0.0457089852716072,0.0112678905679375,0.9177861093248728,0.9998856905198016,0.0005989435140787,0.0041000071166972,0.0120288649808673,0.6656635901426998,0.011902189707852,0.6659016830509563
super_kodiak_20260901_102416,ABUPT,43,False,False,1502428.0,1500731.36350362,50,186,186,25,0.99609375,0.5268769275125783,0.1313889361917972,0.0398273281753063,0.1939720958471298,0.210753783583641,35854.73046875,0.1681743115186691,0.2019725143909454,3.00398588180542,0.4309411942958832,0.5215829610824585,243642.875,0.078851968050003,0.0782056972384452,0.0231423173099756,2.004709005355835,2.344259738922119,34689.4296875,0.0484416335821151,0.0480748452246189,0.0145874097943305,0.0296346731483936,0.070163570344448,0.1185624152421951,0.0552044659852981,0.4081494212150574,0.1011148989200592,0.0552048832178115,0.398167073726654,11.98907470703125,179249.421875,0.1243267953395843,0.0809190794825553,0.0638071671128273,0.3597966432571411,0.0732580423355102,0.0638071820139885,0.3997696042060852,1.5155519247055054,0.2009844928979873,5.893920421600342,1.1438400745391846,0.0721587166190147,0.076824814081192,1.1880995035171509,0.0721587166190147,0.0797785967588424,1241.2396240234375,1215705.375,13.27463436126709,,0.0753689259290695,0.0823350027203559,,0.0753689259290695,0.0796240791678428,0.0061161546036601,0.0286736991256475,0.0374027900397777,0.0485825911164283,0.0548677742481231,5.910676956176758,0.0488315522670745,0.0548677742481231,5.784383773803711,5.051261901855469,173436.953125,0.0502778589725494,0.0333791747689247,0.0635040923953056,,0.0403602235019207,0.0635040923953056,,163.0,0.2374658564410974,0.0522261140130802,-1.7405328641808522,0.99740539366724,0.0031372965391445,0.0162159965346979,0.0125605518456364,0.6585392317516674,0.011902189707852,0.6659016830509563
sure_corgi_20260906_051009,ABUPT,44,False,False,12019425.0,12019270.344973443,400,871,872,276,3.046875,0.7634300086880108,0.0353711042553186,0.0177396368235349,0.1421970278024673,0.1729796975851059,955.2133178710938,0.1345901191234588,0.1623592227697372,0.7692674994468689,0.4106309413909912,0.5868228077888489,6045.96240234375,0.0144570246338844,0.0148293310776352,0.0134975109249353,1.8605546951293943,2.427037477493286,926.4988403320312,0.0130860898643732,0.0138579756021499,0.0102931950241327,0.0009118457091972,0.0335999727249145,0.1133066043257713,0.0122959585860371,0.300988495349884,0.0936442464590072,0.0122959725558757,0.332656979560852,8.518234252929688,4758.9306640625,0.049513429403305,0.0788632929325103,0.0133203752338886,0.3115866780281067,0.0653540715575218,0.0133203389123082,0.3338837623596191,1.7361934185028076,0.0052404073067009,0.1843551397323608,1.203049659729004,0.0143157262355089,0.0145274437963962,1.4449232816696167,0.0143157262355089,0.0149758933112025,1439.414306640625,27350.0703125,0.4568261802196502,,0.0146039193496108,0.0143101289868354,,0.0146039193496108,0.0149420369416475,0.0005489423638209,0.000887434463948,0.0327511169016361,0.018653592094779,0.0122625473886728,5.550748348236084,0.018330130726099,0.0122625473886728,6.043132305145264,0.4394295215606689,4631.5205078125,0.0472202599048614,0.0128789590671658,0.0132932206615805,,0.0141403516754508,0.0132932206615805,,163.0,0.0585121210951157,0.0136549934123707,0.7423271134412912,0.9997481395157208,0.0008023633583945,0.0058272323016391,0.0122521450844211,0.6672403777501447,0.011902189707852,0.6659016830509563
sweet_hyena_20260907_160708,ABUPT,43,False,False,24038851.0,24010301.015561983,800,1301,1301,639,5.703125,0.8866302294683038,0.0286597162485122,0.0206000786274671,0.1549315005540847,0.2098046541213989,232.38980102539065,0.1904695332050323,0.2014417499303817,0.4983066916465759,0.3404058516025543,0.4979301393032074,1454.2286376953125,0.0117258969694376,0.0121362134814262,0.0179038997739553,2.294605493545532,3.540383100509644,225.5289764404297,0.0116656105965375,0.0122790085151791,0.0069465022534132,0.0001855920127127,0.0444609001278877,0.0935157015919685,0.0106375804170966,0.360641211271286,0.0797374993562698,0.0106375785544514,0.4394553303718567,5.811468124389648,1150.099853515625,0.1130768582224845,0.064797043800354,0.0116629675030708,0.4949485659599304,0.0566396340727806,0.0116629097610712,0.4411332607269287,1.1765148639678955,0.0008553664083592,0.0688241571187973,0.9975793957710266,0.0115103432908654,0.0121278231963515,1.2267274856567385,0.0115103432908654,0.0123427361249923,985.1155395507812,5300.59814453125,0.1569163054227829,,0.011777926236391,0.0116738677024841,,0.011777926236391,0.0123153580352664,0.0003438343992456,0.0001818410673877,0.0443249940872192,0.0169716589152812,0.0106219705194234,6.856223106384277,0.0165154132992029,0.0106219705194234,8.829132080078125,0.2829479575157165,1126.853271484375,0.1128331273794174,0.0116766057908535,0.0116546154022216,,0.0125912055373191,0.0116546154022216,,163.0,0.0432055588293793,0.0153370812263002,0.9048630001505577,0.9998319190216708,0.0005972338444987,0.0047474179350786,0.0121203820647344,0.6671655100986683,0.011902189707852,0.6659016830509563
tender_beagle_20260907_165513,ABUPT,44,False,False,24038851.0,24038561.47832408,800,1160,1159,670,7.34375,0.9230065408949566,0.0278403460979461,0.0237503293901681,0.1589927673339843,0.2008188962936401,342.5209655761719,0.1533533781766891,0.1903546303510666,0.717754065990448,0.4095369577407837,0.6472625732421875,1490.30908203125,0.0109494123607873,0.0112270088866353,0.0198341812938451,2.3344156742095947,2.97050404548645,336.0456848144531,0.0117673566564917,0.0124900983646512,0.0101156216114759,0.0003124697250314,0.0491039641201496,0.1134724840521812,0.0109956627711653,0.3525101542472839,0.0965311452746391,0.0109956376254558,0.4000183045864105,8.433794975280762,1695.6107177734375,0.0632190257310867,0.0791352167725563,0.0119468448683619,0.3689780533313751,0.0685629099607467,0.0119467750191688,0.4013502597808838,1.7336366176605225,0.0008400590741075,0.0603284761309623,1.2066247463226318,0.0109370034188032,0.0110491150990128,1.601409673690796,0.0109370034188032,0.0112782008945941,1446.386474609375,4558.54833984375,0.1119240373373031,,0.0111720953136682,0.0107267294079065,,0.0111720953136682,0.0112544670701026,0.000388566229958,0.0003094924613833,0.0490421429276466,0.0167374666780233,0.0109927449375391,6.975517272949219,0.0165046211332082,0.0109927449375391,7.404258728027344,0.3180941641330719,1679.46630859375,0.0629475861787796,0.0115834977477788,0.0119512155652046,,0.0127595392987132,0.0119512155652046,,163.0,0.0454524167366103,0.0150901476906436,0.92140115283329,0.9998154298995064,0.0006026356374153,0.0048453450231383,0.0119433758537076,0.6665660937858862,0.011902189707852,0.6659016830509563
tidy_drum_20260911_210554,ABUPT,43,True,False,3004856.0,3004756.8657952696,100,1,101,101,19.999999962747097,1.0,0.1854298561811447,0.0780482739210128,0.2669716775417328,0.2976978719234466,83050.40625,0.2409581393003463,0.2899795174598694,5.015440940856934,0.4420745074748993,0.554629921913147,416723.90625,0.1150027811527252,0.1088171005249023,0.0503155402839183,3.3762824535369877,4.015352725982666,81179.90625,0.065839871764183,0.0634446069598198,0.0163482781499624,0.0664045065641403,0.1455701440572738,0.1248759105801582,0.0842062383890152,0.5918328762054443,0.1126757115125656,0.0842068418860435,0.5894656181335449,14.395673751831056,415222.71875,0.2477732300758361,0.0871891528367996,0.0941800996661186,0.5415051579475403,0.0867572128772735,0.0941803306341171,0.5911014080047607,1.4415279626846311,0.3327960669994354,10.930675506591797,1.1090426445007324,0.1243764236569404,0.0928043723106384,1.22505784034729,0.1243764236569404,0.099328801035881,1281.8489990234375,2081008.5,23.614761352539062,,0.1280786246061325,0.1019269451498985,,0.1280786246061325,0.0991863310337066,0.0083021726459264,0.0649107322096824,0.0850313156843185,0.0542573630809783,0.0835440382361412,9.991045951843262,0.0554602965712547,0.0835440382361412,9.941149711608888,7.240049362182617,405884.84375,0.1165729388594627,0.038149531930685,0.0935302078723907,,0.048401802778244,0.0935302078723907,,163.0,0.3851336567903463,0.0622108261569272,-6.32428996790764,0.9910260132953832,0.0050039761451759,0.026321633056776,0.0135173072180757,0.6555503738474155,0.011902189707852,0.6659016830509563
top_gibbon_20260903_121148,ABUPT,44,False,False,1502428.0,1501111.5636470914,50,382,385,5,-2.563819326460361,0.1540515617252974,0.1239774711430072,0.0328508093953132,0.173538863658905,0.2078025341033935,14750.8876953125,0.1607334315776825,0.1979941427707672,1.7142438888549805,0.3915780782699585,0.5297666192054749,51832.8515625,0.0592541769146919,0.0641956105828285,0.0233578849583864,1.3347162008285522,2.024688720703125,14543.001953125,0.0433939285576343,0.0470140986144542,0.0167270321398973,0.0260975658893585,0.0523512102663517,0.1166855990886688,0.0414024107158184,0.3625285923480987,0.1064324602484703,0.0414024926722049,0.3923726081848144,11.039573669433594,73732.1875,0.0830297172069549,0.0848673582077026,0.0436568669974803,0.3536760807037353,0.077102430164814,0.0436567179858684,0.3960545659065246,1.6176294088363647,0.0909118726849556,2.6225242614746094,1.0553655624389648,0.0491536445915699,0.0702149718999862,1.228144645690918,0.0491536445915699,0.0716950744390487,1151.448486328125,256851.3125,5.025450706481934,,0.0497856624424457,0.0687226876616478,,0.0497856624424457,0.0714005827903747,0.007683047093451,0.0257341358810663,0.0378445945680141,0.0632085278630256,0.0412803180515766,3.8996596336364746,0.0632912144064903,0.0412803180515766,4.977790832519531,4.596887588500977,72705.703125,0.0551158115267753,0.0432417280972003,0.0435461290180683,,0.0487480759620666,0.0435461290180683,,163.0,0.189535669793787,0.0439877075999602,-0.6430467082494105,0.9984059353141732,0.0024902754362075,0.0158759530636312,0.0118869647375798,0.6622846878384919,0.011902189707852,0.6659016830509563
tops_kitten_20260907_163930,ABUPT,44,False,False,24038851.0,24038804.561455272,800,1090,1093,687,8.75,0.9416038086302386,0.0286975549533963,0.0134125053882598,0.1236925274133682,0.154317244887352,351.58404541015625,0.1248921006917953,0.1435668915510177,0.6660439372062683,0.3981011211872101,0.4754501283168793,1649.075439453125,0.011721714399755,0.0120400274172425,0.0097279082983732,1.6534279584884644,2.345977306365967,344.2957763671875,0.0117875188589096,0.0123028559610247,0.0093537541106343,0.0003247424028813,0.0240151397883892,0.1114120781421661,0.0111248744651675,0.2485406249761581,0.0882530137896537,0.011124868877232,0.2919776141643524,7.855644702911377,1742.120361328125,0.0442213118076324,0.07706218957901,0.0120850838720798,0.2855290174484253,0.0600132718682289,0.0120850224047899,0.2928614616394043,1.603612184524536,0.001034473767504,0.0609803944826126,1.1706255674362185,0.0116009851917624,0.0120768565684556,1.1706416606903076,0.0116009851917624,0.0121831744909286,1347.803955078125,5549.513671875,0.1273652017116546,,0.0118036130443215,0.0116398157551884,,0.0118036130443215,0.012158234603703,0.0003510593669489,0.0003207715926691,0.0238083265721797,0.0166426412761211,0.0111121824011206,4.932528972625732,0.0162300057709217,0.0111121824011206,5.843157768249512,0.2889537513256073,1720.8134765625,0.0437570586800575,0.0114949345588684,0.0120801040902733,,0.0124142318964004,0.0120801040902733,,163.0,0.0509671554082959,0.0150641722931683,0.8251604421782853,0.9998238852747536,0.0007378697263232,0.0049961790583818,0.0120046191660221,0.6668370766192118,0.011902189707852,0.6659016830509563
vital_mole_20260911_210656,ABUPT,43,True,False,12019425.0,12008783.049324974,400,1,397,397,19.999999962747097,1.0,0.0485441796481609,0.0446622781455516,0.2198485732078552,0.2773621082305908,4258.02197265625,0.2262581437826156,0.2685095369815826,1.1990357637405396,0.3753638565540313,0.5322621464729309,45379.6640625,0.0227026734501123,0.0226529538631439,0.0381663553416729,3.395665407180786,4.623751640319824,4027.50048828125,0.0162316653877496,0.0166659746319055,0.0090448269620537,0.0042186407372355,0.1005015447735786,0.1000016331672668,0.0179475117474794,0.5415965914726257,0.086841732263565,0.0179476663470268,0.5975897312164307,7.539149284362793,21274.734375,0.1486198306083679,0.0703818276524543,0.0193147920072078,0.5890778303146362,0.062343094497919,0.0193147882819175,0.5992733836174011,1.468337893486023,0.0445027314126491,1.506999969482422,1.081275463104248,0.023539450019598,0.0212767571210861,1.296797752380371,0.023539450019598,0.0220877919346094,1228.37109375,224436.265625,2.653524875640869,,0.0238557662814855,0.0215495806187391,,0.0238557662814855,0.0220515467226505,0.0008126598550006,0.0039927791804075,0.0926068350672721,0.0189689975231885,0.0178362485021352,10.150191307067873,0.0189987421035766,0.0178362485021352,11.531461715698242,0.6521830558776855,20135.9296875,0.1345525085926056,0.013253316283226,0.0192100144922733,,0.0153939574956893,0.0192100144922733,,163.0,0.0987903108797933,0.0239820588679951,0.374244314795834,0.9995264611454348,0.0013516399388954,0.0072439401956397,0.0123084938234032,0.6649175933281193,0.011902189707852,0.6659016830509563
vocal_buck_20260904_133952,ABUPT,45,False,False,1502428.0,1501334.855406992,50,317,316,13,-1.46484375,0.2270293395878073,0.1153738535940647,0.0337670892477035,0.1661107391119003,0.1979902982711792,25513.951171875,0.1601476222276687,0.188371405005455,2.158052682876587,0.4541820585727691,0.6973249316215515,112437.546875,0.0632262676954269,0.0652698203921318,0.0217837952077388,1.27897846698761,1.9208654165267944,25025.01953125,0.0404088273644447,0.0421657226979732,0.0209147948771715,0.0369888320565223,0.0450085140764713,0.126662328839302,0.041152998805046,0.3305168449878692,0.1150948852300643,0.041153147816658,0.3593043088912964,15.212635040283203,127539.1640625,0.0818088874220848,0.0913701057434082,0.0440810248255729,0.3449917137622833,0.0867534652352333,0.0440808683633804,0.3621346354484558,2.179414987564087,0.1620852798223495,3.134674310684204,1.2367385625839231,0.0590203776955604,0.0667872503399849,1.6454670429229736,0.0590203776955604,0.0683349519968032,1653.4910888671875,558868.25,6.256431579589844,,0.0595790408551692,0.0668734908103942,,0.0595790408551692,0.0681152194738388,0.0087362080812454,0.0362852215766906,0.0275806691497564,0.0533659197390079,0.0408434681594371,3.7427258491516113,0.0524777248501777,0.0408434681594371,4.729264259338379,5.968881607055664,125113.0703125,0.046946246176958,0.0370322912931442,0.0437853671610355,,0.0413559004664421,0.0437853671610355,,163.0,0.1987353189858612,0.0624562738705839,-1.553952765264245,0.9972269393043592,0.002722887903815,0.0184084920929831,0.013334315854002,0.6707944339146732,0.011902189707852,0.6659016830509563
vocal_chimp_20260907_150758,ABUPT,45,False,False,12019425.0,12017477.897648329,400,1014,1013,257,2.36328125,0.6933314863604254,0.0383492894470691,0.0219337381422519,0.1614016592502594,0.2148357629776001,1184.9075927734375,0.1828026175498962,0.2048770040273666,0.8271712064743042,0.3976029455661773,0.5361202359199524,5996.361328125,0.015514563769102,0.0158706698566675,0.0173947159200906,2.052856206893921,3.139412641525269,1157.822265625,0.0154603645205497,0.0164089631289243,0.0101381577551364,0.0011664774501696,0.0441129431128501,0.112167589366436,0.0129567384719848,0.3590806126594543,0.0910305380821228,0.0129567449912428,0.4395805299282074,8.41580867767334,5907.521484375,0.092558853328228,0.0778845995664596,0.0141237145289778,0.456399530172348,0.0634011924266815,0.0141236558556556,0.4417294859886169,1.629304051399231,0.0053837345913052,0.4359320402145386,1.162427544593811,0.0145563995465636,0.0158248990774154,1.316630482673645,0.0145563995465636,0.0163918416947126,1357.1805419921875,27265.0546875,1.1950783729553225,,0.0149020971730351,0.0161270294338464,,0.0149020971730351,0.0163549557328224,0.0009967309888452,0.001142747583799,0.0419186800718307,0.0246790498495101,0.0129271252080798,6.120962142944336,0.0234712176024913,0.0129271252080798,7.818596839904785,0.8009166717529297,5787.3369140625,0.0863870978355407,0.0168194863945245,0.0141012435778975,,0.017562823370099,0.0141012435778975,,163.0,0.0524028007145615,0.0130689009481263,0.8888941268831192,0.999778868777468,0.0007104732210173,0.0054733599040054,0.0120219732979095,0.6664616758203106,0.011902189707852,0.6659016830509563
vocal_molly_20260902_131708,ABUPT,44,False,False,1502428.0,1502375.0498843938,50,121,121,34,2.6953125,0.7040764737392962,0.1874401867389679,0.0641455352306366,0.2362872660160064,0.3081842362880707,97391.625,0.2929543256759643,0.3048128187656402,4.841485023498535,0.3866461217403412,0.436802476644516,526002.5625,0.1277994364500045,0.1224029585719108,0.0373201593756675,2.3886756896972656,3.3675408363342285,94991.6171875,0.0735179707407951,0.0719905793666839,0.0153197403997182,0.0760924071073532,0.106997899711132,0.1129553392529487,0.0884332582354545,0.5074731707572937,0.1042253822088241,0.0884341448545456,0.6220181584358215,13.014942169189451,486931.53125,0.2855423092842102,0.0789261013269424,0.1039384007453918,0.69599848985672,0.0829929783940315,0.1039387285709381,0.6270697116851807,1.0170841217041016,0.4107168912887573,10.881269454956056,0.9201523661613464,0.1326526999473571,0.1071333736181259,0.9114786386489868,0.1326526999473571,0.1142012849450111,860.07861328125,2628240.0,26.27453994750977,,0.1392192095518112,0.1163796707987785,,0.1392192095518112,0.1139948368072509,0.0096630547195672,0.0742196291685104,0.0465275347232818,0.0630243122577667,0.0876621827483177,7.015340328216553,0.0645765662193298,0.0876621827483177,8.310444831848145,8.231802940368652,474941.34375,0.1396247446537017,0.0438244678080081,0.1032114773988723,,0.0563801303505897,0.1032114773988723,,163.0,0.3696523527787454,0.0817454220291177,-5.762355546054756,0.9957472394208666,0.0046525442428896,0.0204385969750246,0.013093178159887,0.6639672369485228,0.011902189707852,0.6659016830509563
witty_cow_20260907_160708,ABUPT,43,False,False,24038851.0,24038561.47832408,800,1160,1159,670,7.34375,0.9230065408949566,0.0287808086723089,0.0696735754609108,0.2885820865631103,0.3361083567142486,281.5079040527344,0.2566325664520263,0.3263134956359863,0.6029855012893677,0.3734067380428314,0.3903822302818298,2289.21240234375,0.0120186526328325,0.0120867537334561,0.0666650533676147,4.522819995880127,5.57171630859375,270.23931884765625,0.0119611695408821,0.0124650867655873,0.0083983223885297,0.000256702536717,0.1656572520732879,0.1028856039047241,0.0109139438718557,0.7519466280937195,0.0793246030807495,0.0109139438718557,0.7554893493652344,7.063116550445557,1392.99951171875,0.2069356739521026,0.0715505927801132,0.0118667194619774,0.6864803433418274,0.0526937060058116,0.0118666654452681,0.7571566700935364,1.4263732433319092,0.0016666946467012,0.0802570506930351,1.0962071418762207,0.0122314263135194,0.0117815714329481,0.9578988552093506,0.0122314263135194,0.0119409393519163,1200.7232666015625,9044.2607421875,0.1771802604198455,,0.0124275274574756,0.0116097778081893,,0.0124275274574756,0.0119163673371076,0.0003950763784814,0.0002488035825081,0.1661431491374969,0.0175194926559925,0.0108877047896385,13.540051460266112,0.0169115401804447,0.0108877047896385,13.90693473815918,0.3257568180561065,1350.1309814453125,0.2071102857589721,0.0120753441005945,0.0118469959124922,,0.0127741321921348,0.0118469959124922,,163.0,0.054692544507817,0.0143537950392983,0.8819681548962677,0.9997792491401236,0.0007244487442517,0.0050556420089575,0.0121690447534091,0.6659532066283961,0.011902189707852,0.6659016830509563
witty_grub_20260911_180216,ABUPT,44,True,False,1502428.0,1501245.79355672,50,1,52,52,19.999999962747097,1.0,0.339156374335289,0.0836473330855369,0.2324236333370208,0.2613403499126434,187812.546875,0.2370051592588424,0.2543654441833496,6.386020660400391,0.4287232160568237,0.4819682240486145,580343.0625,0.2193464636802673,0.2063515186309814,0.0483025833964347,1.971135497093201,2.812798023223877,185619.34375,0.1465736031532287,0.1410218924283981,0.0302420519292354,0.1340423226356506,0.1118551343679428,0.1549940556287765,0.1917126625776291,0.3505641222000122,0.1523456126451492,0.1917153000831604,0.4051475524902344,26.935453414916992,939008.375,0.2339425683021545,0.1089046671986579,0.2093922346830368,0.3927185237407684,0.1250866800546646,0.2093933224678039,0.4061302542686462,0.8778908252716064,0.4139747023582458,14.880172729492188,0.8716728091239929,0.2432121336460113,0.1712847799062729,0.8972072005271912,0.2432121336460113,0.1861072778701782,810.473876953125,2900029.75,32.28443145751953,,0.2474064975976944,0.1912864446640014,,0.2474064975976944,0.1858240216970443,0.0254513770341873,0.1324777752161026,0.0290661938488483,0.1214057505130767,0.1909067183732986,5.6010942459106445,0.1249279975891113,0.1909067183732986,6.811614036560059,22.50713539123535,928051.625,0.0542045012116432,0.0844703838229179,0.2086768150329589,,0.1071944385766983,0.2086768150329589,,163.0,0.6278797276316196,0.1758048375953743,-13.925494852620089,0.975727082501484,0.0081444111885064,0.0546369451445171,0.0128554048558092,0.6593355446420578,0.011902189707852,0.6659016830509563
able_badger_20260902_032528,Transolver,44,False,False,1502428.0,1501407.3319852576,50,252,251,19,-0.546875,0.3305284272767433,0.1153406761586666,15.227025032043455,2.659977912902832,3.130200147628784,28371.53125,2.549819231033325,3.128511905670166,2.355271577835083,0.4928594529628753,1.1984186172485352,101061.515625,0.0530336312949657,0.0538244508206844,15.299717903137209,46.00070190429688,63.57828521728516,27964.203125,0.0415922924876213,0.0412834249436855,0.0210464503616094,0.0279375314712524,38.03254699707031,0.1308522522449493,0.0436424203217029,7.805438995361328,0.1290866732597351,0.0436425358057022,7.674592018127441,16.906034469604492,141672.125,75.86119079589844,0.0894309505820274,0.0491911098361015,7.510835647583008,0.1012830212712287,0.0491911098361015,7.695401191711426,2.664391040802002,0.0987994894385337,3.1743884086608887,1.376894474029541,0.0478529967367649,0.0538308657705783,2.9160704612731934,0.0478529967367649,0.0560493841767311,2138.17626953125,501014.96875,8.12162971496582,,0.0496641620993614,0.05640310049057,,0.0496641620993614,0.055904597043991,0.0061376439407467,0.0275404118001461,38.22938537597656,0.0493249297142028,0.0435946732759475,137.9091796875,0.047512449324131,0.0435946732759475,158.8763885498047,4.941372871398926,139658.65625,76.24348449707031,0.0340065211057662,0.049178060144186,,0.0373361036181449,0.049178060144186,,163.0,0.2162434012195614,0.0598371861062018,-1.6256511278387515,0.9986552596210704,0.0028055164414586,0.0129206394710883,0.0128534177509444,0.6649913657574497,0.011902189707852,0.6659016830509563
actual_panda_20260903_163424,Transolver,43,False,False,24038851.0,24038561.47832408,800,1160,1159,670,7.34375,0.9230065408949566,0.0221499130129814,19.55129051208496,2.6847143173217773,3.151822566986084,192.8441619873047,2.5742626190185547,3.143795728683472,1.0910673141479492,0.4717642366886139,1.2288246154785156,1216.9146728515625,0.007104521151632,0.0071927295066416,19.65551376342773,65.05120086669922,85.39851379394531,187.0859832763672,0.010774771682918,0.010645012371242,0.0154616925865411,0.0001430676493328,48.86269378662109,0.1190242767333984,0.0088069643825292,7.926311492919922,0.1168092936277389,0.008806949481368,7.758343696594238,12.539999008178713,776.349853515625,81.39547729492188,0.0808661207556724,0.0095441518351435,7.63237714767456,0.0908529907464981,0.0095441043376922,7.763864517211914,2.6929078102111816,0.000316904624924,0.034601867198944,1.400971531867981,0.0071645113639533,0.0071567837148904,3.061286211013794,0.0071645113639533,0.007193149998784,2182.3720703125,1719.67138671875,0.0789234116673469,,0.0072221374139189,0.0069869048893451,,0.0072221374139189,0.0071780262514948,0.000366131105693,0.0001421021588612,49.13834762573242,0.0174303725361824,0.0088196024298667,195.1273651123047,0.0156864002346992,0.0088196024298667,213.4761962890625,0.3058457374572754,771.1101684570312,81.85404968261719,0.0119853764772415,0.0095641668885946,,0.0111854337155818,0.0095641668885946,,163.0,0.0331085303648778,0.0085055383761505,0.9420516188921264,0.9999348121408412,0.0004556303227958,0.0026980091715934,0.0118082135454579,0.6660134293695553,0.011902189707852,0.6659016830509563
alert_crab_20260909_160033,Transolver,43,True,False,3004856.0,3004756.8657952696,100,1,101,101,19.999999962747097,1.0,0.1645801663398742,17.90608024597168,2.8459129333496094,3.261005401611328,57411.90234375,2.667822360992432,3.254653215408325,3.7979495525360103,0.5046626329421997,1.208198070526123,198068.34375,0.0888594910502433,0.0851401090621948,17.98590087890625,65.80899810791016,82.00870513916016,56625.1875,0.0721783488988876,0.0687275156378746,0.0221740305423736,0.0458756275475025,44.72008514404297,0.1416133344173431,0.0824107974767685,8.313714981079102,0.1408708393573761,0.082411304116249,7.970437049865723,19.43079376220703,286863.90625,78.3682861328125,0.09726532548666,0.0925792381167411,7.81362247467041,0.1121220141649246,0.0925792604684829,7.978221893310547,2.4359118938446045,0.1576891988515854,6.9801177978515625,1.345508337020874,0.0932404249906539,0.0752392411231994,2.89382004737854,0.0932404249906539,0.0800549760460853,2131.26220703125,986046.5,16.304346084594727,,0.0955777466297149,0.0821412354707717,,0.0955777466297149,0.0799212977290153,0.0085586151108145,0.0452498868107795,44.933570861816406,0.0750970095396041,0.0822714418172836,197.2696075439453,0.0721002295613288,0.0822714418172836,204.90850830078125,7.518258094787598,282953.46875,78.71915435791016,0.0518396757543087,0.0925170183181762,,0.0568327605724334,0.0925170183181762,,163.0,0.2967944860081075,0.0705995983202634,-2.8230888037101742,0.9948280266480836,0.0038805754332444,0.0234175870501588,0.0114672413514111,0.6623986765437421,0.011902189707852,0.6659016830509563
alert_hyena_20260903_163420,Transolver,45,False,False,12019425.0,12019269.438761689,400,441,444,376,18.75,0.98132769692358,0.0343239121139049,21.97809410095215,2.7557477951049805,3.231543779373169,3208.0478515625,2.62695837020874,3.2227399349212646,1.376089096069336,0.4881854355335235,1.245289325714111,13348.2158203125,0.0115382280200719,0.0116080297157168,22.094356536865234,68.76732635498047,90.18841552734376,3151.42724609375,0.0132358921691775,0.0130371497943997,0.0169527046382427,0.0030942934099584,54.926734924316406,0.1235429495573043,0.0126693872734904,8.131031036376953,0.1214934512972831,0.0126694096252322,7.951030731201172,13.645537376403809,15842.0966796875,85.42575073242188,0.0841710269451141,0.0135982111096382,7.783105373382568,0.094839870929718,0.0135982213541865,7.9552106857299805,2.89249587059021,0.0121265975758433,0.5416635274887085,1.4418201446533203,0.0115727065131068,0.0111635215580463,3.0958471298217773,0.0115727065131068,0.0115897050127387,2326.912109375,62085.21484375,1.0188170671463013,,0.0116868810728192,0.0113895749673247,,0.0116868810728192,0.0115686040371656,0.0007386602810584,0.0030439468100667,55.23362731933594,0.0182500444352626,0.0126773975789546,206.2710418701172,0.0169811993837356,0.0126773975789546,225.44772338867188,0.6012188196182251,15584.1298828125,85.9017333984375,0.0128565328195691,0.0136152515187859,,0.0127480998635292,0.0136152515187859,,163.0,0.0552340276766113,0.0120506967364961,0.7035382395298129,0.999821461676667,0.0007584778587248,0.004449807179168,0.0120653436474466,0.6656929803048713,0.011902189707852,0.6659016830509563
alert_raptor_20260904_081146,Transolver,44,False,False,3004856.0,3004299.5644759163,100,112,114,91,19.2219502851367,0.9772066413093844,0.1244476176798343,18.367359161376957,2.80920934677124,3.2679531574249268,36604.3828125,2.6577937602996826,3.262181520462036,2.501990795135498,0.4844707548618316,1.142683982849121,126209.9765625,0.0660416483879089,0.0622522681951522,18.45698547363281,64.36060333251953,80.62923431396484,36102.828125,0.0519245043396949,0.0493598021566867,0.0209592580795288,0.0299099385738372,45.88247680664063,0.1337319165468216,0.0586333461105823,8.235261917114258,0.1322427093982696,0.0586340092122554,8.008322715759277,18.178220748901367,182820.46875,82.53466796875,0.0924390405416488,0.0658491998910904,7.81509256362915,0.1051942855119705,0.0658495724201202,8.017333984375,2.402867317199707,0.1025556400418281,3.800832271575928,1.3282564878463743,0.0702965557575225,0.0548593178391456,2.7641866207122803,0.0702965557575225,0.0573752075433731,2078.586669921875,626875.5625,8.557540893554688,,0.0721896365284919,0.0598936602473259,,0.0721896365284919,0.0572835877537727,0.0075238081626594,0.0295033603906631,46.12018585205078,0.0536332689225673,0.0584907606244087,192.9696807861328,0.0513906702399253,0.0584907606244087,201.4924468994141,6.5560479164123535,180335.125,82.95230102539062,0.0381000973284244,0.0657489076256752,,0.041165255010128,0.0657489076256752,,163.0,0.2353899924143954,0.0532302962063183,-2.1673494470294656,0.9971623638607534,0.003108970016819,0.0187935470868188,0.0125196516027304,0.6628841947994211,0.011902189707852,0.6659016830509563
alive_dane_20260903_163420,Transolver,44,False,False,12019425.0,12019269.438761689,400,441,444,376,18.75,0.98132769692358,0.0359587464481592,21.688810348510746,2.771244764328003,3.24673080444336,2865.476318359375,2.6369781494140625,3.238819122314453,1.2256911993026731,0.4647562801837921,1.2118730545043943,10423.099609375,0.011052943766117,0.0112761221826076,21.804283142089844,68.64298248291016,89.88418579101562,2823.232177734375,0.0135409971699118,0.0132953524589538,0.0155294816941022,0.0027608703821897,54.205116271972656,0.1180218309164047,0.0117809176445007,8.183931350708008,0.1163715273141861,0.0117809008806943,7.994565010070801,12.47124481201172,14134.3984375,84.02067565917969,0.080312892794609,0.0126200336962938,7.818001270294189,0.0915576368570327,0.0126199983060359,7.999179840087891,2.6185219287872314,0.0093587851151824,0.4410268664360046,1.3722329139709473,0.0108746252954006,0.011161376722157,3.012779951095581,0.0108746252954006,0.0114653715863823,2099.58837890625,47914.69140625,0.814486563205719,,0.0109401894733309,0.0111656980589032,,0.0109401894733309,0.0114440890029072,0.0008511453634127,0.002724033081904,54.50849533081055,0.0205847714096307,0.0117857679724693,205.89659118652344,0.0187631696462631,0.0117857679724693,224.6858062744141,0.701217770576477,13945.779296875,84.48994445800781,0.0144492778927087,0.0126327164471149,,0.0136266713961958,0.0126327164471149,,163.0,0.0499260482014331,0.0077426885711682,0.8646185869114421,0.9998351479746828,0.0006694376793251,0.0042348453908307,0.0119475851219278,0.6654707896432479,0.011902189707852,0.6659016830509563
ample_moose_20260903_163426,Transolver,44,False,False,12019425.0,12019270.344973443,400,871,872,276,3.046875,0.7634300086880108,0.0285328533500432,17.701269149780273,2.6360487937927246,3.1071670055389404,447.3175964355469,2.519416570663452,3.1002087593078613,1.1132333278656006,0.4687343537807464,1.261353611946106,1205.302734375,0.0082136066630482,0.0085996128618717,17.794879913330078,59.97448348999024,79.96150970458984,443.04833984375,0.0112634506076574,0.0112315006554126,0.0154345445334911,0.0003946820506826,44.23754119873047,0.1180725768208503,0.0089189568534493,7.781154632568359,0.1158278733491897,0.008918940089643,7.647629737854004,12.28793716430664,2059.876220703125,76.06792449951172,0.0801388099789619,0.0096413353458046,7.468469619750977,0.0896436721086502,0.0096412962302565,7.656057357788086,2.6715545654296875,0.0003404192102607,0.1113587915897369,1.3896464109420776,0.0074998438358306,0.0090568112209439,3.1405253410339355,0.0074998438358306,0.0091087836772203,2124.63818359375,1776.67138671875,0.2831246852874756,,0.007621940691024,0.0088052731007337,,0.007621940691024,0.0090884491801261,0.0004571241443045,0.0003949925303459,44.48654556274414,0.0186697989702224,0.0089278789237141,179.89584350585938,0.0168597046285867,0.0089278789237141,199.8824462890625,0.3760644197463989,2061.498779296875,76.49535369873047,0.0128704756498336,0.0096564246341586,,0.0120190391317009,0.0096564246341586,,163.0,0.0302176484395423,0.0085272442305022,0.9723271746657216,0.9998945106195728,0.0003957449876916,0.0031516566704132,0.0119545142017512,0.6659514937912462,0.011902189707852,0.6659016830509563
apt_rat_20260904_114608,Transolver,44,False,False,3004856.0,3004650.442347668,100,242,243,66,2.5,0.6868367106887564,0.0816540755331516,17.583866119384766,2.721560478210449,3.2089099884033203,21728.671875,2.609050750732422,3.203632116317749,2.2228946685791016,0.4743416011333465,1.2053096294403076,66799.546875,0.0371583253145217,0.0365436635911464,17.670650482177734,58.93132019042969,77.69176483154297,21476.076171875,0.0298002138733863,0.028464825823903,0.0169853903353214,0.0205013584345579,43.932430267333984,0.1221928149461746,0.0322492606937885,8.010239601135254,0.1203831583261489,0.0322493873536586,7.885766983032227,13.845610618591309,108454.9765625,80.34487915039062,0.0832789242267608,0.0358514562249183,7.70802116394043,0.0947187170386314,0.0358514003455638,7.896435260772705,2.518919944763184,0.0623587518930435,3.0071375370025635,1.3520911931991575,0.0357887931168079,0.0351448580622673,2.9587926864624023,0.0357887931168079,0.0365868136286735,2051.59228515625,329879.53125,7.505852699279785,,0.036585871130228,0.0377307832241058,,0.036585871130228,0.0365225598216056,0.0028746197931468,0.0202669128775596,44.16361999511719,0.0341040790081024,0.0322063937783241,176.72764587402344,0.0321128517389297,0.0322063937783241,194.1811981201172,2.352491855621338,107214.171875,80.75605773925781,0.0237661115825176,0.0358343161642551,,0.0247800815850496,0.0358343161642551,,163.0,0.1138632658107472,0.0287482284684034,0.1722000217029763,0.9989906427162129,0.0015004725379245,0.0092478521905034,0.0119812915770121,0.6636553163608147,0.011902189707852,0.6659016830509563
awake_tapir_20260903_163426,Transolver,45,False,False,6009712.0,6009597.125590071,200,581,584,118,1.8389778956770897,0.6356612324865993,0.03721809014678,20.778793334960938,2.8315999507904053,3.302610397338867,2391.904052734375,2.692843437194824,3.296551465988159,1.4058395624160769,0.4598618745803833,1.322062373161316,9627.7216796875,0.0135797476395964,0.0139713026583194,20.888158798217773,60.17405319213867,82.73628997802734,2351.40087890625,0.0150451064109802,0.0148239256814122,0.0158454459160566,0.0024600450415164,51.92990493774414,0.1144040450453758,0.0133563010022044,8.367039680480957,0.1135339736938476,0.0133563047274947,8.136313438415527,11.958233833312988,11755.791015625,89.90621185302734,0.0779475048184394,0.0141674755141139,7.986415386199951,0.0893469452857971,0.0141674345359206,8.144947052001953,2.668348550796509,0.0092326616868376,0.8416337966918945,1.3525327444076538,0.0127868931740522,0.0142659684643149,3.2841806411743164,0.0127868931740522,0.0145818218588829,2007.60400390625,44119.57421875,1.91365659236908,,0.0128118451684713,0.0143476501107215,,0.0128118451684713,0.0145510323345661,0.0008922578999772,0.002422179095447,52.218292236328125,0.0226575676351785,0.0133544625714421,180.48614501953125,0.0209093540906906,0.0133544625714421,206.81314086914065,0.7071325778961182,11574.78515625,90.40239715576172,0.0159159731119871,0.0141742387786507,,0.0151487700641155,0.0141742387786507,,163.0,0.0490849645144701,0.0131912141308959,0.8656090704456825,0.9999008165245958,0.0006617912971384,0.0037123525211589,0.0119430419441042,0.665651351613117,0.011902189707852,0.6659016830509563
better_possum_20260903_163420,Transolver,44,False,False,24038851.0,24038068.119517595,800,880,880,760,18.75,0.9843204858321644,0.0260383943095803,20.124753952026367,2.691303253173828,3.1267268657684326,192.2242889404297,2.5514450073242188,3.118192434310913,1.085839033126831,0.4757851362228393,1.2280133962631226,1168.626953125,0.0071029458194971,0.00730104977265,20.23221969604492,68.36959075927734,88.5769271850586,186.7291717529297,0.0110781695693731,0.0109687782824039,0.0154125364497303,0.0001327082718489,50.29640197753906,0.1205093115568161,0.0089409491047263,7.944459915161133,0.1182446703314781,0.0089409360662102,7.694101333618164,12.68886947631836,767.331787109375,84.2059555053711,0.0817193835973739,0.0097789764404296,7.562836647033691,0.091747798025608,0.0097789131104946,7.698843955993652,2.6797356605529785,0.0002478732785675,0.0347377136349678,1.4129743576049805,0.0069382791407406,0.0074426676146686,3.059107542037964,0.0069382791407406,0.0074566407129168,2204.88525390625,1433.21240234375,0.0759252458810806,,0.0070203118957579,0.0071855797432363,,0.0070203118957579,0.0074414191767573,0.0003899133589584,0.0001320681039942,50.5800895690918,0.0180469676852226,0.0089577557519078,205.08177185058597,0.0161948762834072,0.0089577557519078,221.421630859375,0.3278947472572326,763.6294555664062,84.68031311035156,0.0123517718166112,0.0098045673221349,,0.011550884693861,0.0098045673221349,,163.0,0.0302351433986881,0.0095632691777057,0.9677332144017712,0.9999194414086344,0.0003941238916071,0.0028258574890782,0.0119036609374241,0.6658835542684891,0.011902189707852,0.6659016830509563
big_foal_20260903_012649,Transolver,44,False,False,6009712.0,6009597.125590071,200,581,584,118,1.8389778956770897,0.6356612324865993,0.0373349171131849,18.12861633300781,2.6383485794067383,3.1033475399017334,3745.789794921875,2.5195560455322266,3.0962777137756348,1.477752447128296,0.4807601869106293,1.3070495128631592,12589.0673828125,0.0139795579016208,0.0143933556973934,18.22258949279785,55.980010986328125,77.39810180664062,3696.36474609375,0.014314972795546,0.0141207566484808,0.0167383253574371,0.0038809361867606,45.30286407470703,0.1204431056976318,0.0131021784618496,7.781499862670898,0.117715984582901,0.0131021551787853,7.634101867675781,12.761773109436035,18545.73046875,78.84740447998047,0.0821093693375587,0.0138834323734045,7.462674617767334,0.0907420367002487,0.0138833988457918,7.643010139465332,2.833986759185791,0.012268072925508,0.8542602062225342,1.4145309925079346,0.0131003735587,0.0146491834893822,3.2460274696350098,0.0131003735587,0.0150463469326496,2158.2705078125,58624.75390625,2.020644187927246,,0.0131522715091705,0.0148068442940711,,0.0131522715091705,0.0150138977915048,0.0008518042741343,0.0038341130129992,45.55370330810547,0.0209789779037237,0.0130953583866357,167.9059600830078,0.0194601733237504,0.0130953583866357,193.46923828125,0.6618888974189758,18321.939453125,79.28076171875,0.0147460298612713,0.0138839157298207,,0.0142391771078109,0.0138839157298207,,163.0,0.0461592575990424,0.0128431730896904,0.8416535382675809,0.9998722339574374,0.0006087424943827,0.0039300789318065,0.0119212555177316,0.6659364575013546,0.011902189707852,0.6659016830509563
brave_martin_20260902_233909,Transolver,44,False,False,6009712.0,6009652.147609755,200,221,222,188,19.921875,0.9807205892000048,0.0654187500476837,20.902795791625977,2.7205348014831543,3.164844512939453,22460.181640625,2.5727667808532715,3.156222105026245,2.4158802032470703,0.486181229352951,1.1978483200073242,86340.78125,0.0294644962996244,0.0283223688602447,21.0072021484375,67.09597778320312,86.1720962524414,22102.78515625,0.0240896549075841,0.0233280081301927,0.0172825381159782,0.0220480933785438,52.22867965698242,0.1246053650975227,0.0253412593156099,8.01165771484375,0.1223155632615089,0.0253413822501897,7.777125358581543,14.338768005371094,112115.2109375,78.51069641113281,0.0848254561424255,0.0281168054789304,7.605357646942139,0.0953659564256668,0.0281169507652521,7.781130790710449,2.6281700134277344,0.0840376317501068,3.369511604309082,1.402631163597107,0.0291362944990396,0.0267761796712875,2.9524312019348145,0.0291362944990396,0.0276212804019451,2181.40380859375,427326.21875,7.435377597808838,,0.0298065263777971,0.0291224662214517,,0.0298065263777971,0.0275802910327911,0.0025568215642124,0.0217013638466596,52.50459671020508,0.0286546200513839,0.0252842735499143,201.23399353027344,0.0269435420632362,0.0252842735499143,215.39065551757807,2.1158266067504883,110351.875,78.91171264648438,0.0201020762324333,0.028077233582735,,0.0209533981978893,0.028077233582735,,163.0,0.1048583038263407,0.019825633638574,-0.5331537329785039,0.9993454745248684,0.0014566015911225,0.0077426883025405,0.0123438306662669,0.6649458158931147,0.011902189707852,0.6659016830509563
caring_goose_20260901_202332,Transolver,43,False,False,1502428.0,1501111.5636470914,50,382,385,5,-2.563819326460361,0.1540515617252973,0.0997721850872039,14.584856986999512,2.65578556060791,3.1381161212921143,24760.814453125,2.532163619995117,3.1429367065429688,2.883498191833496,0.515830934047699,1.6536554098129272,59179.6171875,0.0457490980625152,0.0516899526119232,14.650973320007324,36.27400207519531,58.96814727783203,24568.109375,0.0360339172184467,0.0365364365279674,0.0276275277137756,0.0437627062201499,36.412635803222656,0.1275023967027664,0.0334856621921062,7.806367874145508,0.1267853081226349,0.0334856733679771,7.701762199401855,16.082542419433594,123642.265625,64.8195571899414,0.0878758952021598,0.0350197963416576,7.473595142364502,0.0984233096241951,0.0350196473300457,7.741408824920654,3.674294471740722,0.1032332330942154,3.4828343391418457,1.4543932676315308,0.0322957411408424,0.0608038306236267,4.056477069854736,0.0322957411408424,0.0615135878324508,2110.29833984375,291662.75,7.376771926879883,,0.0325524359941482,0.0589457564055919,,0.0325524359941482,0.0612587183713912,0.0070685297250747,0.0434297583997249,36.59864807128906,0.0519461780786514,0.0334898643195629,108.73656463623048,0.0503286197781562,0.0334898643195629,147.35328674316406,4.2733330726623535,122701.71875,65.14390563964844,0.0370302684605121,0.0350375659763813,,0.0372858718037605,0.0350375659763813,,163.0,0.1447471672494494,0.0361154888886234,-0.0122252582711435,0.9993660053960316,0.0018430843994021,0.0102334599222387,0.0118057489712696,0.660206232194556,0.011902189707852,0.6659016830509563
casual_ray_20260903_163422,Transolver,45,False,False,12019425.0,11995016.790014043,400,1301,1301,222,1.2109375,0.5574272502061667,0.0268238941207528,20.20409393310547,2.7901551723480225,3.2726800441741943,1032.1849365234375,2.665449857711792,3.2656638622283936,1.256418228149414,0.4860190153121948,1.4430248737335205,3698.91064453125,0.0093709751963615,0.0097941337153315,20.31100082397461,59.36723327636719,84.0775375366211,1017.2169189453124,0.0125255854800343,0.0123836984857916,0.0172325894236564,0.0010143149411305,50.49249267578125,0.1204530447721481,0.0100372144952416,8.239974975585938,0.1188451051712036,0.0100372256711125,8.057835578918457,13.07593059539795,4953.947265625,90.41290283203124,0.081882007420063,0.0106362989172339,7.9038310050964355,0.0924195498228073,0.0106362840160727,8.066422462463379,2.960099697113037,0.0028686490841209,0.1795115321874618,1.4389342069625854,0.008906333707273,0.0102165108546614,3.592862367630005,0.008906333707273,0.0102467127144336,2241.55810546875,14010.607421875,0.4140386879444122,,0.0089387446641922,0.0098032057285308,,0.0089387446641922,0.0102218287065625,0.0006415900425054,0.0010039269691333,50.77635955810547,0.0207155179232358,0.0100451214239001,178.07093811035156,0.0187270194292068,0.0100451214239001,210.1700897216797,0.5114593505859375,4903.220703125,90.92040252685548,0.014401264488697,0.0106499064713716,,0.0132505940273404,0.0106499064713716,,163.0,0.0380194351971856,0.0076062400981105,0.8810195525256784,0.9998961583212485,0.0005367324868298,0.0031056069022193,0.0118500916748573,0.6656802363648577,0.011902189707852,0.6659016830509563
causal_fish_20260905_035118,Transolver,45,False,False,3004856.0,3004650.442347668,100,242,243,66,2.5,0.6868367106887564,0.0841485783457756,19.29387855529785,2.834227561950684,3.3117597103118896,18402.40234375,2.697521686553955,3.3063766956329346,1.998799562454224,0.485236644744873,1.2425942420959473,66617.5625,0.038872729986906,0.0374256521463394,19.391551971435547,61.52024459838867,80.62538146972656,18132.0234375,0.0311726778745651,0.0297466274350881,0.0179082788527011,0.0173543263226747,48.208106994628906,0.125033438205719,0.032974686473608,8.344675064086914,0.1237723380327224,0.0329747647047042,8.139139175415039,14.606447219848633,91806.9765625,87.90840148925781,0.0852679088711738,0.0373382307589054,7.969958305358887,0.097708873450756,0.0373381972312927,8.149564743041992,2.656193494796753,0.062145497649908,2.30973219871521,1.382622241973877,0.0381221212446689,0.0349655225872993,3.050914764404297,0.0381221212446689,0.0365097410976886,2162.165771484375,328751.375,6.054673194885254,,0.0393850915133953,0.0383603684604167,,0.0393850915133953,0.0364459306001663,0.0030305166728794,0.0171034429222345,48.46730041503906,0.0359347239136695,0.0329100303351879,184.49188232421875,0.0337103530764579,0.0329100303351879,201.5132751464844,2.4956445693969727,90478.390625,88.37029266357422,0.0250449292361736,0.0373004265129566,,0.0259697251021862,0.0373004265129566,,163.0,0.12127832166722,0.0376504830184092,0.181293956336713,0.9991032417132152,0.0015437618809686,0.0099481143807093,0.0121926989785309,0.6653195345193726,0.011902189707852,0.6659016830509563
choice_eagle_20260904_211450,Transolver,44,False,False,3004856.0,3002844.7837300897,100,765,765,12,-2.5,0.1687694706206921,0.0634857136756181,14.26841640472412,2.6697068214416504,3.1481428146362305,17772.8046875,2.5479979515075684,3.1519737243652344,2.5064492225646973,0.5094537138938904,1.9708837270736692,62959.1953125,0.0286750625818967,0.0309451725333929,14.334871292114258,36.742469787597656,63.8423957824707,17519.56640625,0.0254906006157398,0.0252830386161804,0.0257482305169105,0.0270165428519248,35.63178253173828,0.1235370337963104,0.0240782033652067,7.861504554748535,0.1228931620717048,0.0240782499313354,7.735424518585205,15.160844802856444,88692.796875,70.45339965820312,0.0860917791724205,0.0247915387153625,7.53311014175415,0.0953232645988464,0.0247915349900722,7.772214889526367,3.799778938293457,0.0945237427949905,2.419081687927246,1.469786524772644,0.023993482813239,0.034581072628498,4.880640029907227,0.023993482813239,0.0345727950334548,2235.93310546875,310312.0,6.0530524253845215,,0.0239692069590091,0.0333809182047843,,0.0239692069590091,0.0344331562519073,0.0044705178588628,0.0266383327543735,35.81938934326172,0.0356876216828823,0.0240706242620944,110.16764831542967,0.0347288809716701,0.0240706242620944,159.55923461914062,2.637244701385498,87450.9296875,70.8169937133789,0.0261899977922439,0.0247912053018808,,0.0255289562046527,0.0247912053018808,,163.0,0.0910901042476886,0.0135083112550669,-0.065899350376372,0.9997587804115649,0.001303921924758,0.0051656486672554,0.0122310076968777,0.6645373934207257,0.011902189707852,0.6659016830509563
civil_boxer_20260902_233910,Transolver,43,False,False,6009712.0,6009597.125590071,200,581,584,118,1.8389778956770897,0.6356612324865993,0.0360382199287414,19.929861068725582,2.81878924369812,3.295347213745117,2931.344482421875,2.666954755783081,3.289031982421875,1.3511583805084229,0.4791679680347442,1.347171664237976,8020.56103515625,0.0131178945302963,0.0137481959536671,20.03473281860352,59.24635314941406,81.08907318115234,2902.889404296875,0.0139898937195539,0.0138842677697539,0.0167869087308645,0.0030263729859143,49.80635070800781,0.1195811405777931,0.0124703096225857,8.324316024780273,0.1177479922771453,0.0124703124165534,8.114385604858398,12.71380615234375,14461.734375,84.780029296875,0.0814238488674163,0.0132094183936715,7.906230449676514,0.0919347256422042,0.0132093839347362,8.124040603637695,2.856820106506348,0.0074875536374747,0.517332136631012,1.411167025566101,0.0119328889995813,0.0144040556624531,3.347287893295288,0.0119328889995813,0.014674799516797,2159.974609375,35780.35546875,1.2493669986724854,,0.0119631700217723,0.0142726181074976,,0.0119631700217723,0.0146407093852758,0.0007731195073574,0.0030014445073902,50.08455657958984,0.0209997743368148,0.0124718118458986,177.70559692382812,0.0194372031837701,0.0124718118458986,202.697021484375,0.6050513982772827,14342.734375,85.25122833251953,0.0147611303254961,0.0132186571136116,,0.014217073097825,0.0132186571136116,,163.0,0.0415449749298519,0.0139626632994976,0.8452079514362447,0.9998680456676068,0.000559129092617,0.0040051754051695,0.0120065655435767,0.6667543267238106,0.011902189707852,0.6659016830509563
clear_orca_20260902_233907,Transolver,44,False,False,6009712.0,6009668.327847078,200,401,401,141,3.75,0.8018528742573375,0.042466789484024,20.655256271362305,2.7231385707855225,3.1902410984039307,7550.8359375,2.590646743774414,3.182796001434326,1.565565586090088,0.4720786809921264,1.2814306020736694,31131.078125,0.015912439674139,0.0161358602344989,20.76300430297852,62.198974609375,83.92427062988281,7419.1162109375,0.0160666462033987,0.0156713034957647,0.0167978592216968,0.0081160590052604,51.617286682128906,0.1182644590735435,0.0154292406514287,8.035721778869629,0.1169527322053909,0.0154292993247509,7.850934982299805,12.743541717529297,37563.4375,82.62732696533203,0.0805099457502365,0.0162798166275024,7.675149917602539,0.0914498716592788,0.0162798017263412,7.857399940490723,2.7822418212890625,0.0327197276055812,1.1153122186660769,1.3850021362304688,0.0152650671079754,0.0159688424319028,3.1793458461761475,0.0152650671079754,0.0165980663150548,2107.461669921875,151435.984375,2.242098331451416,,0.0152741074562072,0.0165507737547159,,0.0152741074562072,0.0165667366236448,0.0012047796044498,0.0079786609858274,51.90231323242188,0.0224482864141464,0.0154243083670735,186.55905151367188,0.0208879448473453,0.0154243083670735,209.78207397460935,0.9314975738525392,36927.55859375,83.08077239990234,0.0158492121845483,0.016284080222249,,0.0153649169951677,0.016284080222249,,163.0,0.0601082823444092,0.0101223360083587,0.6180744491967638,0.9998316260314472,0.0008358227806828,0.0045760006418761,0.0121438061718748,0.6663767013350256,0.011902189707852,0.6659016830509563
clever_bison_20260903_163425,Transolver,43,False,False,12019425.0,12019140.142637894,400,727,726,306,4.375,0.8436767605651034,0.0295792398974299,22.766265869140625,2.8357913494110107,3.3075520992279053,1197.6092529296875,2.675222158432007,3.2997424602508545,1.2329829931259155,0.4798932373523712,1.289297342300415,4638.50146484375,0.0095071475952863,0.0097271688282489,22.88779640197754,66.49949645996094,88.93889617919922,1178.322998046875,0.0118412934243679,0.011615821160376,0.0163018777966499,0.0012581790797412,56.89872741699219,0.1197607591748237,0.0100927436724305,8.377520561218262,0.1178739666938781,0.0100927324965596,8.14595890045166,12.592613220214844,5792.474609375,85.19300842285156,0.0812175050377845,0.0107842059805989,7.933664798736572,0.0920216143131256,0.0107841566205024,8.151942253112793,2.81846284866333,0.0040926663205027,0.2619485557079315,1.420641303062439,0.0090671684592962,0.0099712051451206,3.2086431980133057,0.0090671684592962,0.010066426359117,2174.3837890625,18842.669921875,0.5349223613739014,,0.0090904189273715,0.0099238771945238,,0.0090904189273715,0.0100455451756715,0.000500320107676,0.001242313766852,57.21836853027344,0.01854676194489,0.0100974962115287,199.4698486328125,0.0168231911957263,0.0100974962115287,222.3253631591797,0.4011707901954651,5719.47119140625,85.6705322265625,0.0128860035911202,0.0107965832576155,,0.0120254410430789,0.0107965832576155,,163.0,0.0401541765624801,0.0080061128773912,0.8909958099542451,0.9998795564997952,0.0005504713897321,0.0034247104973607,0.0120691878248475,0.6666053019393585,0.011902189707852,0.6659016830509563
clever_troll_20260902_233918,Transolver,43,False,False,6009712.0,6007820.22114443,200,1121,1126,57,-0.703125,0.3207102045510107,0.0389909315854311,17.16012954711914,2.769416332244873,3.2282650470733643,3324.208984375,2.623412132263184,3.22454571723938,1.5051672458648682,0.4965768754482269,1.659903883934021,11398.5546875,0.0151974838227033,0.0160533394664526,17.24850845336914,47.92707824707031,74.07410430908203,3278.97216796875,0.0173230655491352,0.0173294525593519,0.0195450410246849,0.0039245206862688,42.87881088256836,0.1213085502386093,0.0143854925408959,8.172554969787598,0.12016361951828,0.0143855437636375,7.943305969238281,13.55317497253418,16437.923828125,78.00809478759766,0.0827909484505653,0.0150037305429577,7.772441387176514,0.0930351316928863,0.0150037333369255,7.960827350616455,3.230853080749512,0.0125413192436099,0.5257944464683533,1.4589627981185913,0.0130168180912733,0.0177509412169456,4.125622749328613,0.0130168180912733,0.0176286362111568,2230.47412109375,52529.3515625,1.2374783754348757,,0.0130063714459538,0.0173885971307754,,0.0130063714459538,0.0175768230110406,0.0014410098083317,0.0038763170596212,43.11788940429688,0.0278559755533933,0.014395703561604,143.73898315429688,0.0258813649415969,0.014395703561604,185.15219116210935,1.053609848022461,16235.87109375,78.44121551513672,0.0196250826120376,0.0150210466235876,,0.0184836536645889,0.0150210466235876,,163.0,0.0517094326175627,0.0134269322049972,0.7922038365591884,0.9996180308602768,0.0007311589077167,0.0050379921378035,0.0121142347514734,0.6677303343982798,0.011902189707852,0.6659016830509563
cosmic_hound_20260909_160028,Transolver,43,True,False,1502428.0,1501245.79355672,50,1,52,52,19.999999962747097,1.0,0.2936213910579681,18.60621452331543,3.0566797256469727,3.473604679107666,108602.7265625,2.8260817527771,3.463423252105713,5.000856876373291,0.548290491104126,1.4429264068603516,383001.34375,0.1590759456157684,0.1495714336633682,18.68326187133789,68.67974090576172,92.24161529541016,107067.1875,0.1292164772748947,0.122588038444519,0.0379930883646011,0.0774817168712616,46.43879699707031,0.1813513785600662,0.1500328630208969,8.838654518127441,0.1800528764724731,0.1500342935323715,8.428940773010254,34.14874267578125,542780.375,82.48165893554688,0.1259127110242843,0.1659077256917953,8.186424255371094,0.1422389894723892,0.165908083319664,8.433364868164062,2.4075655937194824,0.2727461159229278,9.958203315734863,1.3415762186050415,0.1742024570703506,0.1290928572416305,3.3845760822296143,0.1742024570703506,0.1356388181447982,2141.710205078125,1910677.375,22.977195739746094,,0.1778986304998397,0.1402532756328582,,0.1778986304998397,0.1354078352451324,0.0246264915913343,0.0763890296220779,46.64533233642578,0.133097693324089,0.14975006878376,205.75637817382807,0.1291264444589615,0.14975006878376,230.4000244140625,22.25979423522949,535125.8125,82.81857299804688,0.092702530324459,0.1657304316759109,,0.1010168492794036,0.1657304316759109,,163.0,0.4906998758898327,0.1477325484859699,-6.307001818200654,0.9739357293723852,0.006093899704591,0.0572514968541393,0.0147900500610727,0.6488862830399392,0.011902189707852,0.6659016830509563
crisp_tiger_20260901_101725,Transolver,43,False,False,1502428.0,1500731.36350362,50,186,186,25,0.99609375,0.5268769275125783,0.1072907000780105,16.220251083374023,2.7892541885375977,3.256866216659546,41524.80078125,2.664791345596313,3.251905918121338,2.821249485015869,0.5085963606834412,1.269829511642456,165255.484375,0.0554995015263557,0.0545390732586383,16.29598045349121,55.56842422485352,73.47946166992188,40831.18359375,0.0437988638877868,0.0419467128813266,0.0211506076157093,0.034292135387659,40.51233673095703,0.1333017796278,0.0454734489321708,8.188987731933594,0.1309754550457,0.0454736463725566,7.988453388214111,17.42819595336914,207422.0625,83.54232788085938,0.0902072191238403,0.0517821684479713,7.852384567260742,0.1017803996801376,0.0517821200191974,8.002092361450195,2.63387393951416,0.1358814239501953,4.351308822631836,1.4206135272979736,0.0528263673186302,0.0523490309715271,3.093618869781494,0.0528263673186302,0.0545417144894599,2171.741943359375,821913.0,10.453412055969238,,0.0547382831573486,0.0562607161700725,,0.0547382831573486,0.0544394664466381,0.0064162560738623,0.0337229594588279,40.7166748046875,0.0530251413583755,0.0453778505325317,166.60687255859375,0.0491531565785408,0.0453778505325317,183.62680053710935,5.279109954833984,203977.453125,83.95500183105469,0.0358730182051658,0.0517247095704078,,0.0370577163994312,0.0517247095704078,,163.0,0.1730515584934416,0.0447066372770277,0.2097560916558402,0.998587685365404,0.0020626830601684,0.0134110589453889,0.0119839819841265,0.6618716580809838,0.011902189707852,0.6659016830509563
cute_spider_20260903_163428,Transolver,43,False,False,12019425.0,12019270.344973443,400,871,872,276,3.046875,0.7634300086880108,0.027352774515748,19.697484970092773,2.76230525970459,3.250510931015014,422.3462524414063,2.647888660430908,3.243682146072388,1.156916260719299,0.4797371625900268,1.3292807340621948,1625.783447265625,0.0082703093066811,0.0086582982912659,19.802114486694336,62.98398208618164,84.62001037597656,415.5711059570313,0.0107734324410557,0.010746425949037,0.01625731959939,0.0003662389353848,49.227272033691406,0.11995879560709,0.0088218133896589,8.158135414123535,0.1184571683406829,0.0088217938318848,8.003408432006836,12.891084671020508,1911.4200439453125,87.26451873779297,0.0814927071332931,0.0095022823661565,7.852670669555664,0.0927402004599571,0.0095022274181246,8.011713027954102,2.8303675651550293,0.0006982879713177,0.061574175953865,1.4225366115570068,0.0075381575152277,0.0091366413980722,3.3102269172668457,0.0075381575152277,0.0092059224843978,2242.1044921875,3644.413330078125,0.1474837213754654,,0.0076037449762225,0.0089368736371397,,0.0076037449762225,0.0091855749487876,0.0003920558374375,0.0003643769305199,49.50470733642578,0.0174146108329296,0.0088291736319661,188.9257049560547,0.0158362686634063,0.0088291736319661,211.52978515625,0.3226429522037506,1901.6982421875,87.75592803955078,0.0120304487645626,0.0095164161175489,,0.0113614294677972,0.0095164161175489,,163.0,0.031284472259174,0.0077313381235997,0.9399213451728587,0.9999134518999137,0.0004277332537522,0.0027980140263053,0.0119809423936766,0.6666005047412664,0.011902189707852,0.6659016830509563
decent_minnow_20260903_163420,Transolver,43,False,False,12019425.0,12017477.897648329,400,1014,1013,257,2.36328125,0.6933314863604254,0.027489093132317,21.2319393157959,2.8658409118652344,3.354787588119507,243.0865478515625,2.743117094039917,3.3479487895965576,1.118721604347229,0.4686535894870758,1.3663140535354614,1430.1236572265625,0.0086471987888216,0.0090090138837695,21.345409393310547,63.31010818481445,87.27659606933594,236.4014129638672,0.0116269132122397,0.0116335051134228,0.015808654949069,0.0001971737656276,53.063941955566406,0.118231363594532,0.0090628853067755,8.47022819519043,0.1171960532665252,0.009062866680324,8.265240669250488,12.55868434906006,998.5532836914062,95.88102722167967,0.080423004925251,0.0097729759290814,8.139154434204102,0.0919149070978164,0.0097729312255978,8.273070335388184,2.735206127166748,0.0005548857152462,0.0613207519054412,1.3885343074798584,0.0079923430457711,0.0094341151416301,3.402298212051392,0.0079923430457711,0.009490618482232,2170.091796875,2810.12890625,0.1528725922107696,,0.0080910734832286,0.0092033240944147,,0.0080910734832286,0.009467982687056,0.0004774400731548,0.0001951638405444,53.36295318603516,0.0195039995014667,0.0090698497369885,189.9017639160156,0.0176209080964326,0.0090698497369885,218.1693420410156,0.3944866955280304,988.3761596679688,96.4210205078125,0.0134674785658717,0.0097863478586077,,0.0125570846721529,0.0097863478586077,,163.0,0.0338410898413699,0.0082344789228509,0.9578740128396124,0.9999139272622044,0.0004387673855341,0.0031033525451226,0.0121182932990031,0.6665002259870532,0.011902189707852,0.6659016830509563
decent_toucan_20260903_163420,Transolver,44,False,False,12019425.0,12018312.631440155,400,1157,1155,242,1.6796875,0.6172854965727198,0.0270482972264289,19.80927848815918,2.7153470516204834,3.190753221511841,949.7815551757812,2.584169149398804,3.1830639839172363,1.2819163799285889,0.489158421754837,1.4383971691131592,3390.63671875,0.0096599701792001,0.0100915357470512,19.913833618164062,60.03276062011719,84.82222747802734,936.0416259765624,0.0120474183931946,0.011963210068643,0.0169605910778045,0.0009757104562595,49.50574493408203,0.1208624467253685,0.0102646946907043,8.014914512634277,0.1183711364865303,0.0102646928280591,7.853379249572754,12.767425537109377,4558.01611328125,82.67829895019531,0.0819691121578216,0.0108838221058249,7.659654140472412,0.0912760347127914,0.0108837727457284,7.860941886901855,2.930825710296631,0.0026856095064431,0.2726227343082428,1.447885513305664,0.0088739106431603,0.0107158375903964,3.580845355987549,0.0088739106431603,0.0107109677046537,2202.81787109375,12546.158203125,0.6943885684013367,,0.0089018801227211,0.0104180593043565,,0.0089018801227211,0.0106863640248775,0.0005296555464155,0.0009660966461524,49.783573150634766,0.0189595445990562,0.0102723911404609,180.0690460205078,0.0174501575529575,0.0102723911404609,212.03298950195312,0.4168018698692322,4513.0927734375,83.14086151123047,0.0131965577602386,0.0108982790261507,,0.012495675124228,0.0108982790261507,,163.0,0.0378556336092411,0.0095843525616629,0.928043298944428,0.9998810078779348,0.0005045963392632,0.003486330802867,0.0120531406079838,0.6671500356414155,0.011902189707852,0.6659016830509563
deep_gopher_20260903_163421,Transolver,45,False,False,6009712.0,6009652.147609755,200,221,222,188,19.921875,0.9807205892000048,0.0741397403180599,23.400428771972656,2.877847671508789,3.3614957332611084,21784.7734375,2.740045547485352,3.3536877632141118,2.4064106941223145,0.4765994250774383,1.2170084714889526,78286.90625,0.031678419560194,0.0305332764983177,23.519012451171875,70.91204833984375,92.18959045410156,21468.892578125,0.0261040031909942,0.0251022074371576,0.0167659595608711,0.0213792119175195,58.47361755371094,0.1224258244037628,0.0282796863466501,8.482837677001953,0.1210588961839675,0.0282798651605844,8.268540382385254,13.879679679870604,108711.0546875,92.52493286132812,0.0834385603666305,0.0314047560095787,8.105293273925781,0.0955631136894226,0.0314047783613204,8.272953033447266,2.518771171569824,0.0761573761701583,3.4591760635375977,1.3697972297668457,0.0318440236151218,0.0281570293009281,2.997056007385254,0.0318440236151218,0.0295432098209857,2082.298828125,387255.59375,7.170825958251953,,0.0325991958379745,0.0307576414197683,,0.0325991958379745,0.0295003168284893,0.0026551513001322,0.0210728552192449,58.78433990478516,0.0297705847769975,0.0282286666333675,212.6781463623047,0.0282549150288105,0.0282286666333675,230.4315948486328,2.2136712074279785,107154.0234375,93.00668334960938,0.0208331476897001,0.0313748605549335,,0.0219658836722373,0.0313748605549335,,163.0,0.1076622741861982,0.0221130794545446,0.2115708692748024,0.9992154606482798,0.0013844861781671,0.0084994935898834,0.0120557493034637,0.6636850150178187,0.011902189707852,0.6659016830509563
deep_mouse_20260909_160028,Transolver,43,True,False,12019425.0,12008783.049324974,400,1,397,397,19.999999962747097,1.0,0.0409391801804304,22.203039169311523,2.7872204780578613,3.2217299938201904,2639.24755859375,2.61196231842041,3.213224172592163,1.2987228631973269,0.4700586497783661,1.2402665615081787,14916.783203125,0.0122640747576951,0.0124059347435832,22.321054458618164,69.99551391601562,90.6563720703125,2570.610107421875,0.0149805527180433,0.0150072909891605,0.0161446966230869,0.0025793579407036,55.49016571044922,0.1194343268871307,0.0124612096697092,8.229764938354492,0.1183570027351379,0.0124612376093864,7.929737567901611,12.948819160461426,13007.998046875,81.17051696777344,0.0813164338469505,0.0135608362033963,7.74100923538208,0.0932129770517349,0.013560795225203,7.933067321777344,2.690107822418213,0.0139342295005917,0.5497322678565979,1.3864589929580688,0.011872099712491,0.0118448603898286,3.0821433067321777,0.011872099712491,0.0125869065523147,2154.365234375,70273.125,1.0274914503097534,,0.0120880892500281,0.0124400611966848,,0.0120880892500281,0.0125648584216833,0.0010694162920117,0.0025158817879855,55.80030822753906,0.0235300734639167,0.0124570839107036,209.9505615234375,0.0214170441031456,0.0124570839107036,226.61329650878903,0.8754189014434814,12688.0546875,81.62252044677734,0.0163945686072111,0.0135665377601981,,0.0157276671379804,0.0135665377601981,,163.0,0.0484486776173825,0.0100815855652662,0.7471576317916065,0.9998624846709734,0.0006937806480868,0.0038635675418213,0.011969373091125,0.6654227107583651,0.011902189707852,0.6659016830509563
divine_thrush_20260902_233921,Transolver,43,False,False,6009712.0,6008679.382554986,200,1301,1301,43,-1.484375,0.2409485402050424,0.0414587259292602,15.395828247070312,2.694293737411499,3.146594762802124,6238.85888671875,2.5573415756225586,3.1458115577697754,1.7356780767440796,0.5000550746917725,1.8330780267715452,21775.39453125,0.0170696396380662,0.0186000242829322,15.4729585647583,42.1434440612793,68.68338775634766,6151.7900390625,0.0172971524298191,0.017688138410449,0.0213428512215614,0.008634147234261,38.46391296386719,0.1202928349375724,0.0145973581820726,7.947990894317627,0.1198378801345825,0.0145973926410079,7.739349365234375,13.498600006103516,31024.3984375,71.44869232177734,0.0825947672128677,0.0150816850364208,7.574347972869873,0.0933654159307479,0.0150816878303885,7.763622283935547,3.545677900314331,0.0290584973990917,0.7789879441261292,1.465522289276123,0.013813754543662,0.0208291783928871,4.5547194480896,0.013813754543662,0.0210688319057226,2229.7275390625,104414.0390625,1.7348507642745972,,0.013808162882924,0.0203311163932085,,0.013808162882924,0.0209959540516138,0.0014761218335479,0.0085197612643241,38.67665863037109,0.0272270925343036,0.0145969977602362,126.38850402832033,0.0261449385434389,0.0145969977602362,171.67501831054688,1.0034123659133911,30613.2578125,71.84196472167969,0.0195077322423458,0.0150865735486149,,0.0189889185130596,0.0150865735486149,,163.0,0.0552044330092421,0.0115869732351786,0.6675781833444272,0.9997708484193376,0.0007925814572604,0.0041087035758066,0.0120554792836168,0.666209656987904,0.011902189707852,0.6659016830509563
eager_squid_20260903_163422,Transolver,44,False,False,24038851.0,24038561.47832408,800,1160,1159,670,7.34375,0.9230065408949566,0.0213427636772394,20.517370223999023,2.669255256652832,3.1369893550872803,175.73336791992188,2.560445785522461,3.128626585006714,1.1179310083389282,0.4782615900039673,1.227858304977417,1206.75048828125,0.0068563795648515,0.0070586265064775,20.626842498779297,65.59557342529297,86.22113037109375,169.92758178710938,0.0102408584207296,0.0101635651662945,0.0158067010343074,0.0001253193913726,51.27755737304688,0.1206717118620872,0.0084615685045719,7.878632545471191,0.118265762925148,0.0084615563973784,7.719976425170898,12.84191608428955,680.0380859375,86.47244262695312,0.0819559469819068,0.0091950250789523,7.590186595916748,0.0916172489523887,0.0091949719935655,7.725351333618164,2.762275695800781,0.0002852675388567,0.0324092097580432,1.420959234237671,0.0066814781166613,0.0071441065520048,3.059078931808472,0.0066814781166613,0.0072260978631675,2242.812255859375,1547.9947509765625,0.0665443688631057,,0.0067544165067374,0.0069583426229655,,0.0067544165067374,0.0072107315063476,0.0003209462738595,0.0001244243176188,51.56671905517578,0.0163312572985887,0.0084755597636103,196.7619171142578,0.0147974258288741,0.0084755597636103,215.5337829589844,0.2678202688694,675.1829223632812,86.95968627929688,0.0112652853131294,0.0092164324596524,,0.0106371324509382,0.0092164324596524,,163.0,0.0235365153342794,0.0055838571050958,0.981416310188751,0.9999193095295492,0.0003059645702562,0.0025189540307715,0.0118267724752582,0.66606350588687,0.011902189707852,0.6659016830509563
easy_seal_20260903_163421,Transolver,44,False,False,6009712.0,6008679.382554986,200,1301,1301,43,-1.484375,0.2409485402050424,0.0401967335492372,15.106802940368652,2.5557260513305664,3.0382630825042725,6638.61279296875,2.473105192184448,3.035976886749268,1.7499277591705322,0.5047452449798584,1.7691009044647217,18527.083984375,0.0170032400637865,0.0187646988779306,15.182191848754885,40.88833236694336,68.43443298339844,6571.89990234375,0.017510637640953,0.0177923794835805,0.0232742894440889,0.0091890133917331,37.739139556884766,0.1237713694572448,0.0141003038734197,7.529306411743164,0.1220656484365463,0.0141003336757421,7.466541767120361,14.819992065429688,33018.23046875,72.5970458984375,0.0854715332388877,0.0145391570404171,7.319304466247559,0.0937195867300033,0.014539142139256,7.48895263671875,3.4904708862304688,0.0245327800512313,0.8720819354057312,1.4794577360153198,0.0128429904580116,0.0219349898397922,4.394510746002197,0.0128429904580116,0.0218199454247951,2239.7685546875,88152.0078125,1.934924602508545,,0.0128084616735577,0.0211980175226926,,0.0128084616735577,0.021742820739746,0.0037233142647892,0.0091029927134513,37.94720458984375,0.0283157657831907,0.0141075532883405,122.6225814819336,0.0268271118402481,0.0141075532883405,171.05221557617188,2.271369457244873,32708.966796875,72.99575805664062,0.0204698387533426,0.0145514365285635,,0.0194128490984439,0.0145514365285635,,163.0,0.0557530388926744,0.013334542507292,0.6185359870611131,0.9995579488174284,0.0008113237447905,0.0052038299618955,0.0121130869128676,0.6673535774241461,0.011902189707852,0.6659016830509563
equal_mako_20260905_043638,Transolver,45,False,False,3004856.0,3003003.8381809667,100,504,503,36,-0.234375,0.3665011170412643,0.0566094685345888,18.876728057861328,2.665937900543213,3.1408138275146484,7235.95166015625,2.557213306427002,3.136339902877808,1.764777898788452,0.4945601224899292,1.4766441583633425,32098.140625,0.0242345035076141,0.0255219358950853,18.973308563232425,48.857513427734375,74.27912902832031,7096.9638671875,0.0213401187211275,0.0212692376226186,0.0202885996550321,0.0100955115631222,47.166481018066406,0.120222695171833,0.0207565296441316,7.856833934783935,0.1192829385399818,0.0207566190510988,7.722373008728027,13.507147789001465,35995.25,78.74544525146484,0.0823080018162727,0.0213983505964279,7.567933082580566,0.0925698354840278,0.0213983450084924,7.737580299377441,3.1886448860168457,0.0438219867646694,1.2013893127441406,1.4356156587600708,0.0206674132496118,0.0273972991853952,3.653237581253052,0.0206674132496118,0.0280390344560146,2118.811767578125,156248.796875,2.138965368270874,,0.0206275768578052,0.027841430157423,,0.0206275768578052,0.0279691163450479,0.0024268305860459,0.0099070044234395,47.42588806152344,0.0298922602087259,0.0207468289881944,146.5218963623047,0.0285593308508396,0.0207468289881944,185.65887451171875,1.6367557048797607,35323.19140625,79.17739868164062,0.0212839245796203,0.0213963128626346,,0.0212057009339332,0.0213963128626346,,163.0,0.0794080103765844,0.013299969906129,0.4821180324646857,0.9994199312720052,0.00111125442539,0.0065929965136208,0.0123158428068668,0.6682443816634287,0.011902189707852,0.6659016830509563
exotic_locust_20260903_163420,Transolver,43,False,False,12019425.0,12018312.631440155,400,1157,1155,242,1.6796875,0.6172854965727198,0.0262930672615766,20.32721328735352,2.774657964706421,3.242182970046997,819.7100830078125,2.635426521301269,3.235097885131836,1.3037647008895874,0.4822117984294891,1.469402551651001,3043.87255859375,0.0094145080074667,0.0099759791046381,20.43458747863769,60.877838134765625,85.89875030517578,807.2051391601562,0.0123147312551736,0.0122583210468292,0.0168740600347518,0.000835333019495,50.800743103027344,0.1186216697096824,0.0099555579945445,8.195396423339844,0.1173825114965438,0.0099555635824799,7.983097076416016,12.621953964233398,3902.402099609375,85.45217895507812,0.0804703906178474,0.0105303563177585,7.815278053283691,0.0916006118059158,0.0105303321033716,7.990879058837891,2.9008326530456543,0.0023304920177906,0.357414036989212,1.4274193048477173,0.0084238341078162,0.0107923066243529,3.6585288047790527,0.0084238341078162,0.0107657611370086,2165.26025390625,10887.169921875,0.8365671038627625,,0.0084461625665426,0.0103828534483909,,0.0084461625665426,0.0107408873736858,0.0006150925764814,0.0008269425015896,51.08544158935547,0.0202632006257772,0.0099669257178902,182.6032867431641,0.0184684656560421,0.0099669257178902,214.72341918945312,0.4849649667739868,3863.197021484375,85.92924499511719,0.0140815423801541,0.0105479191988706,,0.0131135219708085,0.0105479191988706,,163.0,0.0344040026954136,0.0097565305151054,0.9331161398237034,0.9998749636803558,0.0004655332220312,0.0033900197878222,0.0119340870920987,0.6668538217683081,0.011902189707852,0.6659016830509563
famous_tapir_20260905_131428,Transolver,45,False,False,3004856.0,3002844.7837300897,100,765,765,12,-2.5,0.1687694706206921,0.0630672965198755,13.590712547302246,2.588860988616944,3.0569169521331787,12578.80078125,2.47998046875,3.060098648071289,2.5079562664031982,0.5142037868499756,1.9947067499160769,46693.36328125,0.0286628529429435,0.0311251785606145,13.6533203125,35.75428771972656,62.42205810546875,12387.705078125,0.0242828093469142,0.0241549760103225,0.0252009127289056,0.019107325002551,33.94202423095703,0.124238297343254,0.0226195212453603,7.619724750518799,0.1236614733934402,0.0226195976138114,7.507320404052734,14.914146423339844,62728.8203125,67.67755126953125,0.0865107700228691,0.0232204627245664,7.330209732055664,0.0959979891777038,0.0232204310595989,7.542638301849365,3.880303382873535,0.0697224363684654,2.3547255992889404,1.484528660774231,0.0220925286412239,0.0359900631010532,4.939921379089356,0.0220925286412239,0.0357991680502891,2281.703857421875,228891.703125,5.847415924072266,,0.022055035457015,0.0352706722915172,,0.022055035457015,0.0356602519750595,0.0034658948425203,0.0188238453119993,34.12042236328125,0.0345810204744339,0.0226155910640954,107.2056655883789,0.0335934311151504,0.0226155910640954,156.01025390625,2.130859375,61798.20703125,68.02650451660156,0.0253429450094699,0.0232226718217134,,0.0246211253106594,0.0232226718217134,,163.0,0.0916755053925966,0.0177749723818194,0.4335880210209134,0.9996580438832372,0.0012649687436913,0.0071012787122089,0.0118531733528156,0.6622855533994875,0.011902189707852,0.6659016830509563
famous_vervet_20260903_163420,Transolver,43,False,False,24038851.0,24038118.11969437,800,950,949,732,13.75,0.9712497193584916,0.0266257757321,23.14133644104004,2.864453792572021,3.344111680984497,194.1744384765625,2.7116894721984863,3.336591482162476,1.0152148008346558,0.4574569463729858,1.2203834056854248,1056.730712890625,0.0072286962531507,0.007486555725336,23.266206741333008,72.17591094970703,93.4568328857422,189.32028198242188,0.0111967381089925,0.0112338392063975,0.0144607555121183,0.0001315026602242,57.83881378173828,0.1155151352286338,0.0088574308902025,8.468988418579102,0.1140242591500282,0.0088574141263961,8.241826057434082,11.856260299682615,755.2406005859375,95.95953369140624,0.0783409476280212,0.0097135249525308,8.047014236450195,0.0897445380687713,0.0097134700044989,8.246877670288086,2.5081138610839844,0.0002043353888439,0.0298208408057689,1.3578002452850342,0.0068670446053147,0.007703541778028,3.0397815704345703,0.0068670446053147,0.0077437059953808,2054.9892578125,1173.532958984375,0.0707528442144393,,0.0070063131861388,0.0074510793201625,,0.0070063131861388,0.007726676762104,0.0003994411963503,0.0001311002270085,58.16505432128906,0.0185036826878786,0.0088726878166198,216.5003662109375,0.0166916735470294,0.0088726878166198,233.62094116210935,0.3349640071392059,752.9310302734375,96.500244140625,0.0126565042883157,0.0097369719296693,,0.0119822714477777,0.0097369719296693,,163.0,0.0285848347373581,0.0082913347749593,0.965896641146338,0.999897092054881,0.00036966566922,0.0030456690844497,0.0118612465468104,0.6663501965431999,0.011902189707852,0.6659016830509563
fine_sponge_20260909_160026,Transolver,43,True,False,24038851.0,24024123.57446395,800,1,798,798,19.999999962747097,1.0,0.0259536169469356,20.090200424194336,2.7017619609832764,3.129600524902344,171.24685668945312,2.539797306060791,3.121068954467773,1.08256995677948,0.4746446907520294,1.2351511716842651,1170.193603515625,0.0070596416480839,0.00723642623052,20.197490692138672,68.45624542236328,88.36305236816406,165.61636352539062,0.0108484718948602,0.0107599245384335,0.0154280150309205,0.0001187632806249,50.21001434326172,0.1206828579306602,0.0088116349652409,7.975790977478027,0.1189030930399894,0.0088116163387894,7.700692653656006,12.793421745300291,670.04833984375,80.29955291748047,0.0819776430726051,0.0096827195957303,7.527731418609619,0.092929869890213,0.0096826590597629,7.704901695251465,2.686924934387207,0.0002476786030456,0.0193762127310037,1.4098235368728638,0.0069407247938215,0.0071698771789669,3.0770740509033203,0.0069407247938215,0.0073336856439709,2226.75439453125,1397.3760986328125,0.0411400645971298,,0.0070721837691962,0.0070470995269715,,0.0070721837691962,0.0073185469955205,0.0003643002419266,0.0001180385079351,50.49330520629883,0.0174773130565881,0.0088266627863049,205.3424530029297,0.0157212819904088,0.0088266627863049,220.8874969482422,0.3091537952423095,665.9590454101562,80.75225830078125,0.0119910463690757,0.0097058964893221,,0.0112869385629892,0.0097058964893221,,163.0,0.0286169410368286,0.0084389396756941,0.9698392049206244,0.999893426405844,0.0003725566815712,0.0032620239725679,0.0118925048598539,0.6661828340638218,0.011902189707852,0.6659016830509563
first_yeti_20260909_160026,Transolver,44,True,False,6009712.0,6008674.553966716,200,1,200,200,19.999999962747097,1.0,0.0715679600834846,22.267139434814453,2.7313249111175537,3.188275098800659,21023.984375,2.59079909324646,3.1792054176330566,2.527559995651245,0.4929434955120086,1.2831785678863523,80444.859375,0.0314956940710544,0.0304836481809616,22.37863540649414,69.3433837890625,91.21114349365234,20691.66015625,0.026511762291193,0.025340000167489,0.0180941298604011,0.0221436321735382,55.63867950439453,0.1255028545856475,0.0288545619696378,8.039617538452148,0.1238884776830673,0.0288547705858945,7.832371711730957,14.772082328796388,104925.921875,82.22799682617188,0.0853394567966461,0.0314754992723465,7.655581951141357,0.0968857780098915,0.0314755402505397,7.835389137268066,2.693790912628174,0.0839568153023719,3.5831308364868164,1.4183470010757446,0.0320220440626144,0.028461480513215,3.162367105484009,0.0320220440626144,0.0295682810246944,2197.1318359375,397817.21875,6.417327880859375,,0.0323986187577247,0.0305927712470293,,0.0323986187577247,0.02952616289258,0.0030029620975255,0.0217980053275823,55.93268203735352,0.0308719296008348,0.0288090817630291,207.9704742431641,0.0291339512914419,0.0288090817630291,227.9843292236328,2.4628615379333496,103288.0703125,82.65583038330078,0.021570960059762,0.0314525663852691,,0.0222837142646312,0.0314525663852691,,163.0,0.109222966949107,0.0265794556712414,0.5103419501803591,0.9987606858080034,0.0013982177992112,0.0104480866606385,0.0120943734619545,0.6628861222564597,0.011902189707852,0.6659016830509563
fond_gator_20260902_233914,Transolver,43,False,False,6009712.0,6008568.416536912,200,761,764,98,0.5859375,0.4858379216348832,0.0369856692850589,18.60575294494629,2.7518973350524902,3.2190544605255127,3355.589599609375,2.6187939643859863,3.213602066040039,1.3670037984848022,0.479689359664917,1.5066572427749634,11179.466796875,0.0142293199896812,0.0148158902302384,18.70308303833008,55.12294387817383,80.91633605957031,3311.747314453125,0.0149579849094152,0.0148052498698234,0.0169221386313438,0.003699560649693,46.49561309814453,0.1182875782251358,0.0134026622399687,8.124000549316406,0.116927221417427,0.0134026771411299,7.924007415771484,12.493364334106444,16590.73828125,81.11097717285156,0.0804432854056358,0.0140491435304284,7.761889457702637,0.0912583619356155,0.0140491146594285,7.935722351074219,2.867201328277588,0.0115222781896591,0.5445471405982971,1.4106216430664062,0.0126892980188131,0.0157571230083704,3.7443864345550537,0.0126892980188131,0.0159120988100767,2111.216796875,51672.2265625,1.3372414112091064,,0.0126991430297493,0.0157594978809356,,0.0126991430297493,0.0158742647618055,0.0008526082383468,0.0036557305138558,46.75502395629883,0.0225941836833953,0.0134052745997905,165.33282470703125,0.0209973976016044,0.0134052745997905,202.26315307617188,0.6598430871963501,16394.294921875,81.56114196777344,0.0158573426306247,0.0140586281195282,,0.0151785612106323,0.0140586281195282,,163.0,0.0512375283492708,0.014208000103646,0.7795675991806083,0.9998087540620914,0.0007184045235089,0.0042827123112722,0.0118575339126114,0.6664960415872098,0.011902189707852,0.6659016830509563
fresh_mayfly_20260903_031728,Transolver,45,False,False,1502428.0,1501111.5636470914,50,382,385,5,-2.563819326460361,0.1540515617252973,0.0948299467563629,14.811331748962402,2.619402408599853,3.096433639526367,16639.94921875,2.50670862197876,3.100689649581909,2.71760630607605,0.5192344784736633,1.6596944332122805,56382.15625,0.0434504598379135,0.0476046614348888,14.879613876342772,36.18161392211914,59.18154144287109,16417.39453125,0.0353742390871048,0.0351405330002307,0.0272903405129909,0.0293889306485652,36.98634338378906,0.1271349042654037,0.0344435274600982,7.696629047393799,0.1263337433338165,0.0344436541199684,7.597528457641602,16.001750946044922,83034.1484375,66.79367065429688,0.0876908898353576,0.0359955132007598,7.396439075469971,0.0977319329977035,0.0359955392777919,7.635993957519531,3.7673940658569336,0.0982435718178749,2.977499961853028,1.4695582389831543,0.0337108224630355,0.0544343255460262,4.077662944793701,0.0337108224630355,0.0547177493572235,2166.0458984375,277565.4375,6.62509822845459,,0.0337908044457435,0.0531101152300834,,0.0337908044457435,0.054511584341526,0.0062049552798271,0.0290036555379629,37.17832946777344,0.0486929342150688,0.0344342365860939,108.4617156982422,0.047279953956604,0.0344342365860939,147.88937377929688,3.877827644348145,81944.9453125,67.1331787109375,0.0347457602620124,0.0360027216374874,,0.0347094386816024,0.0360027216374874,,163.0,0.1936555205356768,0.0370945422919629,-1.31249259523204,0.9992260415241958,0.002603313457264,0.01016343870321,0.0123993173459117,0.6663976229174717,0.011902189707852,0.6659016830509563
full_fly_20260909_160028,Transolver,45,True,False,6009712.0,6008674.553966716,200,1,200,200,19.999999962747097,1.0,0.0689142979681491,19.790437698364254,2.6217620372772217,3.0436794757843018,25148.14453125,2.463984489440918,3.034035444259644,2.6777844429016118,0.5053324103355408,1.289494514465332,95695.640625,0.0312612168490886,0.0305056292563676,19.887149810791016,65.99199676513672,85.80494689941406,24753.955078125,0.0254206322133541,0.024634800851345,0.0188586190342903,0.0265012420713901,49.44398498535156,0.129009336233139,0.0270742215216159,7.709202289581299,0.1268738955259323,0.0270743165165185,7.468788146972656,15.418264389038086,125569.578125,70.15084838867188,0.0877889841794967,0.0295985285192728,7.27456521987915,0.0986407846212387,0.029598481953144,7.471648216247559,2.8130247592926025,0.1000058576464653,3.831433057785034,1.456291913986206,0.0308421868830919,0.0288632195442914,3.1782796382904053,0.0308421868830919,0.0300355590879917,2300.68359375,473863.375,6.71258020401001,,0.0315277725458145,0.0309946630150079,,0.0315277725458145,0.0299945585429668,0.0030998387373983,0.0260905101895332,49.70173263549805,0.0303081348538398,0.0270162336528301,197.91867065429688,0.028696296736598,0.0270162336528301,214.47015380859372,2.5290536880493164,123623.6953125,70.50914001464844,0.0212876293808221,0.029553635045886,,0.0221753865480422,0.029553635045886,,163.0,0.1141726291871762,0.0275919475750554,-0.1987832958990794,0.999244967353592,0.0015302018642192,0.0087307457271128,0.0121873791798469,0.6645608590927065,0.011902189707852,0.6659016830509563
fun_guppy_20260902_233911,Transolver,43,False,False,6009712.0,6009652.147609755,200,221,222,188,19.921875,0.9807205892000048,0.0740716196596622,20.647369384765625,2.7362563610076904,3.188850879669189,24685.94921875,2.593880653381348,3.1808881759643555,2.249370574951172,0.4774746000766754,1.2127777338027954,85472.2578125,0.030941616743803,0.029973492026329,20.75128173828125,67.19445037841797,86.60020446777344,24346.126953125,0.025498354807496,0.0249501559883356,0.0171476639807224,0.0242376793175935,51.58915710449219,0.122845321893692,0.0267671458423137,8.05915641784668,0.1211499944329261,0.0267672799527645,7.837593078613281,14.186722755432127,123244.515625,78.43025970458984,0.0838168561458587,0.0297617930918931,7.668063163757324,0.095582790672779,0.0297618173062801,7.841756820678711,2.558652877807617,0.0832096636295318,3.023168563842773,1.374299168586731,0.0298226047307252,0.0283020846545696,2.9873814582824707,0.0298226047307252,0.0296514965593814,2116.20947265625,423116.21875,6.310927391052246,,0.0307060368359088,0.0311771985143423,,0.0307060368359088,0.0296072214841842,0.0028146917466074,0.0239079780876636,51.86343765258789,0.0302781071513891,0.0267244931310415,201.5263671875,0.0286723189055919,0.0267244931310415,216.4584808349609,2.3317196369171143,121568.296875,78.83731079101562,0.0212594047188758,0.0297373048961162,,0.0225565806031227,0.0297373048961162,,163.0,0.1056558170164059,0.019776479943464,0.1108347838422418,0.9991963444911716,0.0013613040815539,0.0074651734053029,0.012129834125116,0.6631344669797891,0.011902189707852,0.6659016830509563
funny_coyote_20260903_163426,Transolver,43,False,False,24038851.0,24038660.9272973,800,1230,1236,652,6.40625,0.9051351778993636,0.0236434265971183,20.64420509338379,2.7801575660705566,3.2311935424804688,147.88381958007812,2.6281213760375977,3.223268985748291,1.0780916213989258,0.4704650938510895,1.2656091451644895,1144.608642578125,0.0070926523767411,0.0073182894848287,20.754610061645508,66.72196197509766,88.03504943847656,142.2742156982422,0.0101565178483724,0.010169724933803,0.0152913462370634,8.58596758916974e-05,51.595176696777344,0.1187736764550209,0.0084307277575135,8.213268280029297,0.1170805469155311,0.008430722169578,7.956687927246094,12.436721801757812,539.4297485351562,87.55791473388672,0.0806721076369285,0.0092358356341719,7.7944560050964355,0.0915760621428489,0.0092357844114303,7.961978912353516,2.672171115875244,0.0002195086126448,0.0229481235146522,1.397242784500122,0.0066693830303847,0.0074830744415521,3.1530849933624268,0.0066693830303847,0.0076030236668884,2171.9189453125,1379.1021728515625,0.0511871501803398,,0.0067818565294146,0.0074034482240676,,0.0067818565294146,0.0075865061953663,0.0003102803311776,8.51147560751997e-05,51.88616943359375,0.0160223338752985,0.008445275016129,200.14141845703125,0.0146457850933074,0.008445275016129,220.0687561035156,0.2597092986106872,534.7490844726562,88.05128479003906,0.0110546881332993,0.0092583466321229,,0.0106254145503044,0.0092583466321229,,163.0,0.028731592527564,0.0082846352336836,0.966832271470108,0.9999352459515464,0.0003803266036705,0.0026357429531251,0.0119303785705655,0.6666328223551545,0.011902189707852,0.6659016830509563
game_fish_20260902_181926,Transolver,45,False,False,1502428.0,1502375.0498843938,50,121,121,34,2.6953125,0.7040764737392962,0.1473197415471077,15.911279678344728,2.799198865890503,3.2382309436798096,61383.71875,2.654890537261963,3.2335712909698486,2.971915006637573,0.5075441598892212,1.175639510154724,211451.703125,0.0766255483031272,0.0732771456241607,15.98443603515625,57.7093391418457,72.16737365722656,60543.6015625,0.0617432221770286,0.0586028881371021,0.0243155695497989,0.0479294545948505,39.72991943359375,0.1399825811386108,0.0690705701708793,8.188543319702148,0.1383282542228698,0.0690709725022316,7.922713756561279,20.67058563232422,306712.375,82.44224548339844,0.0957629233598709,0.0783881098031997,7.790520191192627,0.1094432324171066,0.0783879831433296,7.935290336608887,2.613890647888184,0.164519801735878,4.733636856079102,1.377326488494873,0.0796071588993072,0.0656988695263862,2.8305177688598637,0.0796071588993072,0.0687774568796157,2223.4306640625,1052787.625,11.955931663513184,,0.0825076624751091,0.0707434341311454,,0.0825076624751091,0.0686618834733963,0.0097078308463096,0.047276884317398,39.92774200439453,0.0656074956059455,0.0689494162797927,172.9934539794922,0.0621310845017433,0.0689494162797927,180.32180786132807,8.244941711425781,302535.84375,82.84059143066406,0.0451647974550724,0.0783216431736946,,0.0487435162067413,0.0783216431736946,,163.0,0.2652416466489299,0.0602889644691312,-1.1783846433866674,0.9973521825699456,0.0032560739724959,0.0199012980725588,0.0114327652926086,0.6596788303946893,0.011902189707852,0.6659016830509563
giving_beagle_20260901_101138,Transolver,43,False,False,1502428.0,1502079.0524169356,50,56,58,48,19.999999962747097,0.9725103510974054,0.2675129622220993,15.787854194641112,2.878499984741211,3.311986207962036,101959.6484375,2.6909823417663574,3.304421186447144,5.071563720703125,0.5323091745376587,1.323014497756958,363479.78125,0.1445974856615066,0.1373980790376663,15.848597526550291,62.65810775756836,82.5938949584961,100495.453125,0.1119626760482788,0.1068369969725608,0.0320013016462326,0.0690789893269538,39.40309143066406,0.167194589972496,0.1307577639818191,8.33754825592041,0.1668452620506286,0.1307585388422012,8.047740936279297,29.38454818725586,509586.28125,76.60094451904297,0.1158041283488273,0.1447748243808746,7.8123674392700195,0.1327889561653137,0.1447749137878418,8.055876731872559,2.3177640438079834,0.2457842379808426,10.238252639770508,1.3237136602401731,0.1527198851108551,0.1204940676689148,3.103224992752075,0.1527198851108551,0.1279513537883758,2115.34619140625,1813115.875,26.15773200988769,,0.1567032039165496,0.1324917674064636,,0.1567032039165496,0.127745509147644,0.0190993845462799,0.068089559674263,39.5683479309082,0.1140508726239204,0.13048155605793,187.72979736328125,0.1113609746098518,0.13048155605793,206.3081512451172,17.61024284362793,502288.28125,76.88681030273438,0.0793443694710731,0.1445809751749038,,0.0879650115966796,0.1445809751749038,,163.0,0.5429402902164013,0.1279021892994804,-10.024153612790371,0.9770990448705764,0.0068291065376893,0.0477295379580183,0.009331840473546,0.6427411821915748,0.011902189707852,0.6659016830509563
giving_molly_20260903_163428,Transolver,45,False,False,12019425.0,12018312.631440155,400,1157,1155,242,1.6796875,0.6172854965727198,0.0262399185448884,19.99168586730957,2.700580358505249,3.16238784790039,1041.837158203125,2.5700559616088867,3.154435873031616,1.29867684841156,0.4952884912490845,1.4693143367767334,2207.63232421875,0.0089978678151965,0.0094928732141852,20.097177505493164,59.961273193359375,84.70286560058594,1035.26708984375,0.0120021775364875,0.0119108604267239,0.0175786260515451,0.001073159626685,49.96109771728516,0.1222787275910377,0.0097713470458984,7.969690322875977,0.1203590184450149,0.0097713395953178,7.78072452545166,13.219390869140623,5013.2880859375,84.72927856445312,0.0830005034804344,0.0103542897850275,7.616812229156494,0.09306201338768,0.0103542720898985,7.787850379943848,3.035022735595703,0.0013872934505343,0.2109756767749786,1.4676105976104736,0.0081001296639442,0.0101547380909323,3.6590476036071777,0.0081001296639442,0.0101884119212627,2278.1376953125,6480.908203125,0.4888571500778198,,0.0081479018554091,0.0098478337749838,,0.0081479018554091,0.0101653588935732,0.0005654052365571,0.0010714014060795,50.241844177246094,0.0196476094424724,0.0097852824255824,179.85438537597656,0.0179181043058633,0.0097852824255824,211.73434448242188,0.4479341506958008,5005.03125,85.2042236328125,0.0136303519830107,0.0103740021586418,,0.0126792900264263,0.0103740021586418,,163.0,0.0359863855143535,0.0089596581301833,0.9166357867621706,0.999911917103423,0.000481210311973,0.0030480338690946,0.0119789064286208,0.6665466128301052,0.011902189707852,0.6659016830509563
golden_moose_20260903_163420,Transolver,45,False,False,12019425.0,12019392.132866204,400,584,585,336,6.8359375,0.9164548531947364,0.0298089208081364,23.79398536682129,2.869833469390869,3.362926483154297,568.6002807617188,2.746582508087158,3.3563873767852783,1.1447515487670898,0.4690929651260376,1.1909196376800537,3786.24072265625,0.0094244563952088,0.0098590217530727,23.92181396484375,67.92740631103516,89.08265686035156,550.5836181640625,0.0112762786448001,0.0111646689474582,0.0155913922935724,0.0005142163136042,59.46911239624024,0.1192442253232002,0.0100104920566082,8.480244636535645,0.1176265925168991,0.0100104985758662,8.284684181213379,12.638399124145508,2616.696533203125,100.51399993896484,0.0812672600150108,0.01084756385535,8.147632598876953,0.0927797481417656,0.0108475275337696,8.292764663696289,2.709549903869629,0.0028577458579093,0.1509003192186355,1.3882588148117063,0.009073763154447,0.0099463947117328,2.9625377655029297,0.009073763154447,0.0102247241884469,2194.46875,14541.859375,0.2023088037967682,,0.0091704726219177,0.0096784401684999,,0.0091704726219177,0.0102032972499728,0.0003999712062068,0.000501129485201,59.80388641357422,0.0167187787592411,0.0100141754373908,203.7554931640625,0.0153805743902921,0.0100141754373908,222.68624877929688,0.3342181146144867,2550.090576171875,101.07955932617188,0.0116931488737463,0.0108594093471765,,0.0113172978162765,0.0108594093471765,,163.0,0.0388245258438732,0.0104080541258021,0.8958684548352469,0.9998713629995624,0.0005263430367457,0.0034906223809927,0.0120227249155908,0.6657556281866169,0.011902189707852,0.6659016830509563
good_ocelot_20260902_025428,Transolver,44,False,False,1502428.0,1500731.36350362,50,186,186,25,0.99609375,0.5268769275125783,0.1119882725179195,14.519619941711426,2.666024923324585,3.1142709255218506,57367.69921875,2.5319900512695312,3.109630584716797,3.123875617980957,0.5048443078994751,1.222835659980774,208512.65625,0.0566505901515483,0.0556205995380878,14.58404541015625,52.7630729675293,69.59971618652344,56521.17578125,0.044887363910675,0.0432823747396469,0.0212971083819866,0.0473907366394996,36.25405502319336,0.1323730051517486,0.0475694276392459,7.818132400512695,0.1293612420558929,0.0475697368383407,7.632530689239502,17.55504608154297,286655.59375,73.906494140625,0.0895849093794822,0.0544805116951465,7.451904773712158,0.1005594134330749,0.0544804818928241,7.646276473999023,2.5512895584106445,0.1716604381799698,5.172569274902344,1.4064699411392212,0.0546938553452491,0.0533691942691803,2.97452974319458,0.0546938553452491,0.055212453007698,2102.327392578125,1038331.5,13.546022415161133,,0.0566461496055126,0.0566550306975841,,0.0566461496055126,0.0551078282296657,0.0070268018171191,0.046694528311491,36.42973709106445,0.0516927503049373,0.0474815033376216,158.19003295898438,0.0484485849738121,0.0474815033376216,173.9271240234375,5.796024799346924,282445.78125,74.24739837646484,0.0353378765285015,0.0544368550181388,,0.0377051383256912,0.0544368550181388,,163.0,0.1994646804204089,0.0399899003181425,-1.1278879446608507,0.9984020636322584,0.0025204701321326,0.013068976316112,0.0126601513067286,0.6631698808815383,0.011902189707852,0.6659016830509563
grand_gnu_20260904_221503,Transolver,44,False,False,3004856.0,3004142.503992088,100,896,898,1,-7.5,0.048012897559903,0.1220540255308151,14.482571601867676,2.4979772567749023,3.0251729488372803,18257.951171875,2.422614336013794,3.037713527679444,3.777428150177002,0.6104058623313904,2.8648905754089355,50543.0,0.0604257881641387,0.0718879327178001,14.543004989624023,30.64335060119629,61.9412841796875,18076.90234375,0.0422667749226093,0.0435980297625064,0.0457573793828487,0.0558720491826534,36.13273239135742,0.1292967796325683,0.0408796891570091,7.323754787445068,0.131143182516098,0.0408796295523643,7.411349296569824,16.826202392578125,91133.65625,61.22257995605469,0.0923081412911415,0.0409339889883995,7.134600639343262,0.1024345457553863,0.0409338101744651,7.471382141113281,6.225427627563477,0.1522145420312881,3.1420352458953857,1.707166075706482,0.0350794456899166,0.0889720991253852,7.053833961486816,0.0350794456899166,0.090853177011013,2209.1376953125,248284.984375,5.872135162353516,,0.0349723063409328,0.0858792662620544,,0.0349723063409328,0.0903457403182983,0.0109242070466279,0.0553317032754421,36.31892395019531,0.0563867539167404,0.0409389920532703,91.83272552490234,0.0595418699085712,0.0409389920532703,154.773193359375,4.462375164031982,90252.515625,61.53483581542969,0.0435383804142475,0.0409951694309711,,0.0448994636535644,0.0409951694309711,,163.0,0.2260832302583607,0.0336757038566213,-0.7133064545959189,0.998387522068644,0.003029903942686,0.0162389093116963,0.0098455359264832,0.6527167548062155,0.011902189707852,0.6659016830509563
great_mayfly_20260903_193341,Transolver,43,False,False,3004856.0,3003003.8381809667,100,504,503,36,-0.234375,0.3665011170412643,0.0524762757122516,20.148176193237305,2.7850728034973145,3.259195327758789,8705.84375,2.645073413848877,3.254997730255127,1.7846381664276123,0.493403673171997,1.4941446781158447,29189.59375,0.0227265451103448,0.0241626948118209,20.251840591430664,50.79998397827149,76.22449493408203,8591.287109375,0.0215420704334974,0.0212524998933076,0.020295662805438,0.0121550085023045,50.34406280517578,0.1204986572265625,0.0194948781281709,8.215224266052246,0.1191239655017852,0.0194949191063642,8.019116401672363,13.461097717285156,43339.66015625,81.31729125976562,0.0824311003088951,0.0200379118323326,7.832750797271728,0.0925301760435104,0.0200378838926553,8.034945487976074,3.18471908569336,0.0397528931498527,1.2569998502731323,1.4348608255386353,0.0192363020032644,0.0261138081550598,3.698995590209961,0.0192363020032644,0.0267481449991464,2101.3916015625,141740.296875,2.438497304916382,,0.0191254019737243,0.0263276882469654,,0.0191254019737243,0.0266813412308692,0.0024548759683966,0.0120009314268827,50.62114715576172,0.0321114882826805,0.0194914080202579,152.34835815429688,0.0301547385752201,0.0194914080202579,190.52133178710935,1.687584638595581,42789.53125,81.76231384277344,0.0230427365750074,0.0200414042919874,,0.0218580476939678,0.0200414042919874,,163.0,0.0793797770363484,0.0204066976706812,0.4378817774016571,0.9994517991477264,0.0011456218307502,0.0072732790825302,0.0124903164009436,0.6696012312027934,0.011902189707852,0.6659016830509563
handy_chow_20260903_163420,Transolver,45,False,False,6009712.0,6008727.283630662,200,941,940,79,-0.15625,0.3848948458393663,0.0392905436456203,16.607458114624023,2.6200742721557617,3.078197717666626,4693.76708984375,2.506972312927246,3.072153329849243,1.4907686710357666,0.4916099011898041,1.593174695968628,13593.005859375,0.0145309288054704,0.0151945380493998,16.69281005859375,50.04520797729492,76.73002624511719,4643.85693359375,0.0151373818516731,0.0151976840570569,0.018345670774579,0.0053536305204033,41.49762344360352,0.1208387240767479,0.0129566071555018,7.726427555084228,0.1184475272893905,0.0129565885290503,7.570568084716797,13.215675354003906,23295.6796875,73.36071014404297,0.0823374763131141,0.0137015720829367,7.424878120422363,0.0909482985734939,0.0137015581130981,7.582584381103516,3.058887481689453,0.0146072031930089,0.6607303619384766,1.4458986520767212,0.0123358368873596,0.0165951065719127,3.960146903991699,0.0123358368873596,0.0166219659149646,2200.20556640625,63561.61328125,1.5057239532470703,,0.0124255465343594,0.0166363101452589,,0.0124255465343594,0.01657903380692,0.0012029635254293,0.0053017470054328,41.728172302246094,0.0236551333218812,0.0129556553438305,150.09901428222656,0.0220279805362224,0.0129556553438305,191.7965545654297,0.8839796185493469,23069.984375,73.76606750488281,0.0165684279054403,0.0137063357979059,,0.0159433595836162,0.0137063357979059,,163.0,0.0450747915728437,0.0102756188210376,0.7946409706498221,0.9997976020942092,0.0006459102708909,0.004378017325585,0.0120944706653869,0.6652923906304373,0.011902189707852,0.6659016830509563
handy_cow_20260903_163422,Transolver,45,False,False,12019425.0,12019140.142637894,400,727,726,306,4.375,0.8436767605651034,0.0311094094067811,22.784847259521484,2.70803165435791,3.207106828689575,810.9632568359375,2.623723030090332,3.199172258377075,1.2527557611465454,0.487939715385437,1.3132922649383545,4378.05078125,0.0093825962394475,0.0096061080694198,22.906381607055664,64.96305084228516,89.03795623779297,790.9703369140625,0.0111018475145101,0.010949526913464,0.0168701000511646,0.0008350348798558,56.94482803344727,0.1212025955319404,0.0099253160879015,7.99296760559082,0.1194297149777412,0.0099253198131918,7.893374919891357,13.026997566223145,3844.41064453125,92.1757354736328,0.0822705700993537,0.0105348946526646,7.778363704681396,0.0932985842227935,0.0105348592624068,7.899364471435547,2.931739091873169,0.003772028023377,0.1982643157243728,1.4448586702346802,0.0094034569337964,0.00955705717206,3.2687973976135254,0.0094034569337964,0.0097317621111869,2261.51416015625,17366.458984375,0.3829775750637054,,0.0093943551182746,0.0093708373606204,,0.0093943551182746,0.0097119845449924,0.0004343655600678,0.0008186037885025,57.26510620117188,0.0167540721595287,0.009923581033945,194.8624725341797,0.0154072232544422,0.009923581033945,222.57452392578125,0.3477702438831329,3768.769287109375,92.69339752197266,0.0116635775193572,0.0105401165783405,,0.0111542334780097,0.0105401165783405,,163.0,0.0373730721906117,0.0093901986118532,0.8996984743027039,0.9998716988555304,0.0005130297998505,0.0033669296222558,0.0119782227999669,0.6669152876193971,0.011902189707852,0.6659016830509563
handy_jay_20260903_163420,Transolver,43,False,False,24038851.0,24038525.670424517,800,1020,1024,711,10.625,0.9557323759160544,0.0238687135279178,20.60135269165039,2.796776294708252,3.251784563064575,181.09068298339844,2.6424694061279297,3.243779420852661,1.055981159210205,0.4687416553497314,1.2246904373168943,1348.9449462890625,0.0070374780334532,0.0071829915978014,20.71166038513184,68.6134262084961,88.53849029541016,174.5233154296875,0.0105494195595383,0.0105055971071124,0.0149922333657741,0.0001236375828739,51.48832702636719,0.1189755946397781,0.008517999202013,8.262834548950195,0.1167329400777816,0.0085179889574646,8.008469581604004,12.363203048706056,709.19921875,85.76390075683594,0.0807274281978607,0.0092834960669279,7.83739709854126,0.0911804884672164,0.0092834429815411,8.013626098632812,2.6104300022125244,0.0004256913380231,0.0293101444840431,1.392055630683899,0.0068630399182438,0.007306374143809,3.050970554351806,0.0068630399182438,0.0073239766061306,2151.3984375,2441.794189453125,0.0669011250138282,,0.0069314818829298,0.0071434741839766,,0.0069314818829298,0.0073087457567453,0.0003568861575331,0.0001219503028551,51.77873229980469,0.0172084439545869,0.0085291378200054,205.8145294189453,0.0155072212219238,0.0085291378200054,221.32644653320312,0.3010577857494354,699.519775390625,86.24734497070312,0.0117961876094341,0.0093026515096426,,0.0111070685088634,0.0093026515096426,,163.0,0.0292930764825479,0.0072666763357572,0.9518292764711036,0.9999240396810748,0.0003964342029704,0.0028015843583937,0.0118302596822811,0.6654967779711385,0.011902189707852,0.6659016830509563
happy_asp_20260909_160026,Transolver,45,True,False,24038851.0,24024123.57446395,800,1,798,798,19.999999962747097,1.0,0.0277993772178888,21.06415367126465,2.7328896522521973,3.1899657249450684,155.88955688476562,2.5829873085021973,3.1820836067199707,1.0632612705230713,0.4664953947067261,1.245600700378418,1067.3680419921875,0.0070797093212604,0.0072848969139158,21.1770133972168,69.69322967529297,90.72233581542967,150.75582885742188,0.0113546662032604,0.0112140150740742,0.0151340616866946,0.0001034856104524,52.64519500732422,0.1180832162499427,0.0091594560071825,8.071426391601562,0.1171703189611435,0.0091594420373439,7.853163719177246,12.526960372924805,583.8541870117188,85.26982116699219,0.0802356228232383,0.0100626507773995,7.658663749694824,0.0924268439412117,0.0100625874474644,7.857750415802002,2.629855871200561,0.0001747786736814,0.028209913522005,1.3851872682571411,0.0067251115106046,0.0075738369487226,3.1031088829040527,0.0067251115106046,0.0075303167104721,2175.316650390625,986.08251953125,0.0622999519109725,,0.0068256980739533,0.0073337205685675,,0.0068256980739533,0.0075144972652196,0.0003926044155377,0.0001030881321639,52.94208908081055,0.0183435659855604,0.0091799115762114,209.0521545410156,0.0164561215788126,0.0091799115762114,226.7847900390625,0.333067238330841,581.6123046875,85.75033569335938,0.0126169091090559,0.0100924223661422,,0.0117748118937015,0.0100924223661422,,163.0,0.0319399290932165,0.0065354469132237,0.9440265267270735,0.9999053495754696,0.000439126949804,0.0030809521086087,0.0119343502527102,0.6665875457352323,0.011902189707852,0.6659016830509563
hip_filly_20260903_163422,Transolver,43,False,False,24038851.0,24038804.561455272,800,1090,1093,687,8.75,0.9416038086302386,0.023850567638874,20.723875045776367,2.738407850265503,3.2039482593536377,177.2877960205078,2.596440076828003,3.195953845977783,1.0756076574325562,0.4682742357254028,1.2286391258239746,1147.4677734375,0.007139652967453,0.0073313266038894,20.83475875854492,67.15390014648438,87.47456359863281,171.82850646972656,0.0109276622533798,0.0108528286218643,0.015277424827218,0.0001293743989663,51.794342041015625,0.1180518865585327,0.0087223062291741,8.088449478149414,0.1159864887595176,0.0087223015725612,7.889523029327393,12.368550300598145,694.0430297851562,83.82940673828125,0.0801857560873031,0.009473062120378,7.6996612548828125,0.0905743837356567,0.0094730136916041,7.894573211669922,2.6566128730773926,0.0002682946214918,0.0322723165154457,1.3903945684432983,0.0069888178259134,0.0074393260292708,3.060610055923462,0.0069888178259134,0.0074936156161129,2148.953857421875,1439.2877197265625,0.0716356039047241,,0.0070380950346589,0.0072412104345858,,0.0070380950346589,0.0074779423885047,0.0003846260369755,0.0001286016631638,52.0864486694336,0.0179941207170486,0.0087344050407409,201.4349822998047,0.0161805674433708,0.0087344050407409,218.66586303710935,0.3211707472801208,689.8964233398438,84.3018569946289,0.012362471781671,0.009492851793766,,0.011532817967236,0.009492851793766,,163.0,0.03105505754737,0.0090228591439351,0.9584251433131552,0.999915729916307,0.0004129626654766,0.0027399903847758,0.0118074557339781,0.6659426721523692,0.011902189707852,0.6659016830509563
huge_crab_20260901_225954,Transolver,44,False,False,1502428.0,1502079.0524169356,50,56,58,48,19.999999962747097,0.9725103510974054,0.2617619782686233,13.943977355957031,2.713153839111328,3.138697385787964,110761.125,2.565242290496826,3.1314525604248047,4.846643924713135,0.5396011471748352,1.323015213012695,404940.0625,0.1414972245693206,0.1331747472286224,13.99554443359375,58.93122863769531,78.4693374633789,109115.453125,0.1105581074953079,0.1056411042809486,0.0342989787459373,0.0750457793474197,34.78812026977539,0.1658505052328109,0.1328398734331131,7.840770721435547,0.1663854420185089,0.1328407973051071,7.613937854766846,31.44414329528809,553603.8125,69.46810150146484,0.1152440980076789,0.1475021541118621,7.432981014251709,0.1332950294017791,0.1475025415420532,7.621585845947266,2.406838893890381,0.273863285779953,9.57283878326416,1.3504393100738523,0.1529672741889953,0.1153969317674636,3.109163761138916,0.1529672741889953,0.1218906193971633,2199.8974609375,2020251.875,24.30141830444336,,0.1561315059661865,0.126862958073616,,0.1561315059661865,0.1216963604092598,0.0209117606282234,0.0739336088299751,34.93098068237305,0.105048231780529,0.1326069682836532,176.5560302734375,0.104748398065567,0.1326069682836532,196.00228881835935,19.208311080932617,545399.4375,69.7241439819336,0.0737445428967475,0.1473716795444488,,0.0847758278250694,0.1473716795444488,,163.0,0.5499894689118213,0.1270875020208609,-12.086602266878977,0.9609397087767312,0.006993716815718,0.0591435428322779,0.0093348551100005,0.6282658361635319,0.011902189707852,0.6659016830509563
huge_glider_20260903_163420,Transolver,44,False,False,24038851.0,24038525.670424517,800,1020,1024,711,10.625,0.9557323759160544,0.0234497832134366,20.800519943237305,2.739555835723877,3.2122998237609863,244.0007781982422,2.630257368087769,3.203807830810547,1.0987392663955688,0.4785804748535156,1.2204201221466064,1529.976806640625,0.007011417299509,0.0071901814080774,20.91169166564941,68.00385284423828,88.76573181152344,236.7669982910156,0.0108315292745828,0.0107129896059632,0.0156615935266017,0.0001766927598509,51.98554611206055,0.1215007156133651,0.0086951209232211,8.088471412658691,0.1189107075333595,0.0086951032280921,7.907491207122803,12.94207763671875,1013.5264282226562,90.2966537475586,0.0824330374598503,0.0094746686518192,7.798863887786865,0.092024840414524,0.0094746192917227,7.91275691986084,2.724971294403076,0.0005489295581355,0.0216021966189146,1.42152738571167,0.0070601212792098,0.0071538328193128,3.040306568145752,0.0070601212792098,0.0072134304791688,2250.54833984375,3148.6962890625,0.0458146631717681,,0.0071746059693396,0.0068482290953397,,0.0071746059693396,0.0071979691274464,0.0003839268465526,0.0001746102934703,52.27875518798828,0.0177199225872755,0.0087072513997554,203.98513793945312,0.0158860459923744,0.0087072513997554,221.8940887451172,0.3239274024963379,1001.5756225585938,90.80571746826172,0.0121688852086663,0.0094941733404994,,0.0113223977386951,0.0094941733404994,,163.0,0.0329041255781994,0.0075287767034039,0.9488476004288968,0.999887000203218,0.0004564109573466,0.0030598591642188,0.0119984190063074,0.6659850786847031,0.011902189707852,0.6659016830509563
humane_kitten_20260903_163420,Transolver,45,False,False,24038851.0,24038804.561455272,800,1090,1093,687,8.75,0.9416038086302386,0.022116532549262,22.716297149658203,2.8219194412231445,3.330922842025757,198.5073089599609,2.732840061187744,3.322533130645752,1.1453015804290771,0.4859699010848999,1.2646414041519165,1153.354248046875,0.0068065812811255,0.0069897137582302,22.838024139404297,69.78990936279297,92.3192138671875,193.1218414306641,0.010673988610506,0.0105786919593811,0.0163192860782146,0.0001440943597117,56.77435302734375,0.1228122115135192,0.0085421027615666,8.334403991699219,0.1205313876271247,0.0085420850664377,8.20250415802002,13.225297927856444,773.0010375976562,96.54244995117188,0.0833630561828613,0.0092628672719001,8.105894088745117,0.0939154028892517,0.0092628160491585,8.207785606384277,2.8440370559692383,0.0002163196040783,0.0191091541200876,1.4442646503448486,0.0065661813132464,0.0070789409801363,3.1511380672454834,0.0065661813132464,0.0071823177859187,2303.1162109375,1160.462890625,0.0376927405595779,,0.0066353287547826,0.0069778333418071,,0.0066353287547826,0.0071669062599539,0.0003744348359759,0.0001436861348338,57.09461212158203,0.0175477936863899,0.0085571631789207,209.34361267089844,0.0157564021646976,0.0085571631789207,230.77801513671875,0.3125168979167938,770.8109130859375,97.0866470336914,0.0120624424889683,0.0092855338007211,,0.0112252701073884,0.0092855338007211,,163.0,0.0327103743239686,0.0089676306289256,0.9461829984419208,0.9998781027078671,0.0004569548221826,0.0030570496718362,0.0120106815877772,0.6663887809773504,0.011902189707852,0.6659016830509563
joint_lizard_20260904_231808,Transolver,45,False,False,3004856.0,3004299.5644759163,100,112,114,91,19.2219502851367,0.9772066413093844,0.1302318051457405,18.62308120727539,2.8844268321990967,3.326946973800659,34231.14453125,2.7100534439086914,3.321629762649536,2.606964588165283,0.4819163084030151,1.1479105949401855,128708.3984375,0.0638061389327049,0.0602675378322601,18.713611602783203,65.4260482788086,81.4949951171875,33702.15234375,0.0487560220062732,0.0460814088582992,0.0188628695905208,0.0279680788516998,46.52485656738281,0.1278641670942306,0.0571270249783992,8.468289375305176,0.1270870864391327,0.0571274012327194,8.16171646118164,16.33331298828125,170956.546875,83.25792694091797,0.087955929338932,0.0634956732392311,7.9787092208862305,0.1012022495269775,0.0634957253932952,8.171123504638672,2.440521240234375,0.1045889556407928,4.024595260620117,1.3242131471633911,0.0686480328440666,0.0528878159821033,2.7800827026367188,0.0686480328440666,0.0553698576986789,2109.7255859375,639304.875,8.841480255126953,,0.0702340453863143,0.0573782324790954,,0.0702340453863143,0.055284284055233,0.0052056023851037,0.027539012953639,46.76505279541016,0.0485575534403324,0.0569772198796272,196.1726226806641,0.0469024181365966,0.0569772198796272,203.662109375,4.527104377746582,168334.359375,83.67820739746094,0.0341332107782363,0.0633788332343101,,0.0374326929450035,0.0633788332343101,,163.0,0.2144630278517132,0.0720642057863664,-0.7017241063680302,0.9969680773578836,0.002694305856988,0.0202160784520195,0.0126943604656967,0.664776680003321,0.011902189707852,0.6659016830509563
key_oryx_20260904_210028,Transolver,44,False,False,3004856.0,3003447.1558601856,100,634,634,24,-1.328125,0.2569048825032909,0.0598055087029933,15.199149131774902,2.562603235244751,3.03428316116333,13045.7265625,2.471021175384521,3.032976627349853,1.98042106628418,0.4880317151546478,1.5049875974655151,51279.8359375,0.0249567627906799,0.0262216608971357,15.273794174194336,40.9731330871582,64.87627410888672,12831.640625,0.0229016412049531,0.0227017402648925,0.0208076350390911,0.0178760271519422,37.96812438964844,0.1225499659776687,0.0205815769731998,7.544677734375,0.1207774579524993,0.0205816365778446,7.454639434814453,13.999560356140137,65063.37109375,68.63221740722656,0.0844111815094947,0.0215214043855667,7.307130336761475,0.0936554968357086,0.0215213727205991,7.478024959564209,3.180123805999756,0.0692733079195022,1.7362916469573977,1.4144560098648071,0.0212538056075572,0.0283852387219667,3.723057985305786,0.0212538056075572,0.0287842601537704,2128.193115234375,252134.96875,3.9084935188293457,,0.0212806351482868,0.0286328922957181,,0.0212806351482868,0.0286921747028827,0.0029942307155579,0.017588285729289,38.172698974609375,0.0339307449758052,0.0205618906766176,122.86491394042967,0.0318066701292991,0.0205618906766176,162.1486053466797,2.076914072036743,64016.05078125,68.99752807617188,0.0242922436445951,0.0215110387653112,,0.0232970938086509,0.0215110387653112,,163.0,0.0915602533537524,0.0143448148155962,-0.0295625987333751,0.9996228440953284,0.0013112196663972,0.0061947526436924,0.0120234011621411,0.6652540662198488,0.011902189707852,0.6659016830509563
large_akita_20260903_163422,Transolver,43,False,False,12019425.0,12019269.438761689,400,441,444,376,18.75,0.98132769692358,0.0349619686603546,19.671890258789062,2.6514132022857666,3.0984818935394287,3877.385498046875,2.514422416687012,3.0898218154907227,1.382431983947754,0.4802148342132568,1.2295286655426023,14255.5732421875,0.0117492834106087,0.0118689062073826,19.775146484375,65.62710571289062,85.49200439453125,3819.45068359375,0.0134453857317566,0.0132377296686172,0.0165774077177047,0.0037523559294641,49.16127014160156,0.1218140497803688,0.0126220369711518,7.819803237915039,0.1199981123208999,0.012622064910829,7.6198954582214355,13.33712100982666,19211.5546875,74.34910583496094,0.0829961970448494,0.0134827326983213,7.44678783416748,0.0938432216644287,0.0134826833382248,7.623970031738281,2.782100200653076,0.0130473542958498,0.6674560904502869,1.4173542261123655,0.0114202927798032,0.0118700740858912,3.0560030937194824,0.0114202927798032,0.0121081937104463,2238.015380859375,66799.296875,1.270781636238098,,0.0114326560869812,0.0120659107342362,,0.0114326560869812,0.0120870321989059,0.0009830531198531,0.0037004856858402,49.435035705566406,0.0190094206482172,0.0126302363350987,196.84967041015625,0.0175992473959922,0.0126302363350987,213.7061004638672,0.7918581962585449,18946.146484375,74.7613296508789,0.0133900931105017,0.0135006783530116,,0.0131062548607587,0.0135006783530116,,163.0,0.041881979539872,0.0109642928503818,0.9144594120712009,0.9998545967729152,0.0005425758574816,0.0038788892592806,0.012060670684006,0.6660813137154334,0.011902189707852,0.6659016830509563
live_kiwi_20260902_130101,Transolver,44,False,False,1502428.0,1501361.4356329143,50,448,447,1,-6.25,0.0583843645841616,0.1371672861278057,15.190815925598145,2.50571346282959,3.017155170440674,44650.0546875,2.434582233428955,3.028376817703247,3.432652950286865,0.5792971849441528,2.3759100437164307,146100.59375,0.0676851049065589,0.0767678841948509,15.257192611694336,31.060888290405277,60.22090911865234,44081.3984375,0.0516237504780292,0.052120391279459,0.0520109198987484,0.1139672398567199,37.8680419921875,0.134363979101181,0.0534621328115463,7.329314231872559,0.135557472705841,0.0534620583057403,7.380599021911621,21.044551849365234,223074.890625,66.64324951171875,0.0951418504118919,0.0539169646799564,7.154687404632568,0.1056164726614952,0.0539167895913124,7.438366889953613,5.12354040145874,0.3710126280784607,3.27258563041687,1.5983673334121704,0.0494902841746807,0.0900339037179946,5.824061393737793,0.0494902841746807,0.0909685343503952,2139.41943359375,726211.625,6.267107009887695,,0.049348060041666,0.0860221460461616,,0.049348060041666,0.0904777944087982,0.0234175324440002,0.1125261038541793,38.06330108642578,0.0661831423640251,0.0534988418221473,93.06298065185548,0.0676928162574768,0.0534988418221473,150.45782470703125,9.096372604370115,220254.828125,66.98399353027344,0.0492865070700645,0.0539609938859939,,0.0512000918388366,0.0539609938859939,,163.0,0.3782114051117976,0.0591323859706925,-3.342325743945226,0.9965715919600092,0.0049212328945326,0.0273576313670031,0.0087010921152391,0.6401978044716582,0.011902189707852,0.6659016830509563
loyal_fowl_20260902_015848,Transolver,44,False,False,1502428.0,1502375.0498843938,50,121,121,34,2.6953125,0.7040764737392962,0.1602002084255218,16.212055206298828,2.821250915527344,3.264127492904663,53369.79296875,2.664687156677246,3.2598190307617188,2.9709293842315674,0.5153585076332092,1.1662876605987549,188465.96875,0.0842728018760681,0.0807104781270027,16.286893844604492,58.07844161987305,72.48885345458984,52612.71875,0.0633616596460342,0.0598694682121276,0.023493655025959,0.0416678786277771,40.48580932617188,0.1400827765464782,0.0738379657268524,8.249832153320312,0.1382340490818023,0.0738385692238807,7.985165596008301,19.969554901123047,266642.53125,83.25028991699219,0.0957772135734558,0.0837980881333351,7.814486503601074,0.1093112379312515,0.0837980583310127,7.998337745666504,2.627528667449951,0.1465563774108886,4.7265167236328125,1.3861716985702517,0.0870334506034851,0.0728704407811164,2.796164035797119,0.0870334506034851,0.0760381892323494,2234.4609375,937837.25,11.82753562927246,,0.0903217494487762,0.0782238617539405,,0.0903217494487762,0.075904831290245,0.008804403245449,0.0410802997648716,40.68788909912109,0.0622586905956268,0.0736847296357154,174.09938049316406,0.0600187145173549,0.0736847296357154,181.12527465820312,7.477583885192871,262881.3125,83.653564453125,0.0430212207138538,0.0837020948529243,,0.047953151166439,0.0837020948529243,,163.0,0.2692856729965468,0.0555546969456076,-1.231659503683539,0.997153258461565,0.0033092168314987,0.0204738415064643,0.0114366544518758,0.664625589274664,0.011902189707852,0.6659016830509563
lucky_grouse_20260903_163420,Transolver,45,False,False,6009712.0,6008679.382554986,200,1301,1301,43,-1.484375,0.2409485402050424,0.0400655064731836,16.323720932006836,2.732949733734131,3.201555728912353,5546.36376953125,2.60180401802063,3.20043420791626,1.7821162939071655,0.5058343410491943,1.8395932912826536,23055.501953125,0.016606306657195,0.0181474089622497,16.40583038330078,43.14908218383789,70.38609313964844,5448.29541015625,0.0167267434298992,0.0170282740145921,0.0219481475651264,0.0076681673526763,40.78352355957031,0.1217015236616134,0.0137263946235179,8.063421249389648,0.1208764165639877,0.0137264113873243,7.876149177551269,13.91941738128662,27553.833984375,75.07246398925781,0.0836773738265037,0.0142149487510323,7.70751953125,0.0938208401203155,0.0142149524763226,7.900156021118164,3.629857063293457,0.0308068599551916,0.810029923915863,1.4837408065795898,0.0126394890248775,0.0211227256804704,4.571676254272461,0.0126394890248775,0.0209875982254743,2288.8623046875,110696.28125,1.750348687171936,,0.0126131763681769,0.0205994360148906,,0.0126131763681769,0.0209145247936248,0.0016102215740829,0.0075385426171123,41.00919723510742,0.0266917534172534,0.0137314358726143,129.40682983398438,0.0255250576883554,0.0137314358726143,175.932861328125,1.093044638633728,27088.318359375,75.48617553710938,0.0192276109009981,0.0142258759588003,,0.018429473042488,0.0142258759588003,,163.0,0.0635081438449439,0.0105331520882326,0.6688269113590153,0.9997622074677044,0.000900465533303,0.0046973015520252,0.0123528027847606,0.6675777507707236,0.011902189707852,0.6659016830509563
lucky_mole_20260903_193041,Transolver,43,False,False,3004856.0,3003862.355948098,100,373,372,48,0.8984375,0.5141089830733248,0.0610076952725648,18.20360946655273,2.786916732788086,3.241741895675659,14140.8046875,2.6409239768981934,3.2364113330841064,1.9576778411865237,0.5054765343666077,1.374943494796753,55088.0625,0.0277557838708162,0.0281289126724004,18.29534149169922,54.93840408325195,76.0088119506836,13911.4482421875,0.0238519124686718,0.0233931243419647,0.019575884565711,0.014702190645039,45.48209381103516,0.1267365664243698,0.0235983487218618,8.21041488647461,0.124833844602108,0.0235983747988939,7.967721462249756,14.686973571777344,70513.578125,80.53584289550781,0.0862895175814628,0.0250580590218305,7.811423778533935,0.0966030582785606,0.0250579379498958,7.98189640045166,3.061262845993042,0.0564722530543804,1.8046954870224,1.462321400642395,0.0252485629171133,0.0288596730679273,3.395170211791992,0.0252485629171133,0.0295642428100109,2291.80126953125,270848.75,3.97712779045105,,0.0253842156380414,0.0301273521035909,,0.0253842156380414,0.0295012574642896,0.0024239199701696,0.0144682386890053,45.72869491577149,0.0324787609279155,0.0235716439783573,164.7591552734375,0.0304237250238657,0.0235716439783573,189.97982788085935,1.845487356185913,69391.6171875,80.96781158447266,0.0226595234125852,0.0250443015247583,,0.0225675366818904,0.0250443015247583,,163.0,0.0875943222114535,0.0171397171526258,0.5168974819506864,0.999605974547248,0.0011620463358359,0.006776502277288,0.0117584040632409,0.6644124865282564,0.011902189707852,0.6659016830509563
lucky_turkey_20260902_233910,Transolver,43,False,False,6009712.0,6009668.327847078,200,401,401,141,3.75,0.8018528742573375,0.0463365316390991,21.8569278717041,2.834291934967041,3.2947163581848145,5809.287109375,2.679205656051636,3.2869553565979004,1.5115280151367188,0.4847052097320556,1.3069593906402588,22723.70703125,0.0164837129414081,0.0165849160403013,21.97182846069336,64.25762939453125,86.0470199584961,5714.87353515625,0.016372513025999,0.0160459093749523,0.0175408776849508,0.0062327734194695,54.62165832519531,0.1217571794986724,0.0157533269375562,8.365364074707031,0.1197249218821525,0.0157533567398786,8.1091890335083,13.308170318603516,28846.888671875,86.46437072753906,0.0829465389251709,0.0167460311204195,7.937924385070801,0.0934491530060768,0.0167459938675165,8.11556625366211,2.9248294830322266,0.0235906671732664,0.8421952724456787,1.4220165014266968,0.0160395205020904,0.0160595998167991,3.2425472736358643,0.0160395205020904,0.0168315637856721,2215.598388671875,109184.2109375,1.5654853582382202,,0.0161544699221849,0.0168129540979862,,0.0161544699221849,0.0168001409620046,0.0011471016332507,0.0061359396204352,54.92535781860352,0.0227693021297454,0.0157418753951787,192.734375,0.0211685635149478,0.0157418753951787,215.0885162353516,0.8886286020278931,28398.703125,86.94322204589844,0.0160010363906621,0.016743991523981,,0.0156968683004379,0.016743991523981,,163.0,0.0630959506783768,0.0169898756847409,0.6736644279515616,0.9997337063061722,0.0008537005062775,0.0057420810318164,0.0120282507512927,0.6664058682725232,0.011902189707852,0.6659016830509563
major_mink_20260903_163420,Transolver,45,False,False,6009712.0,6008568.416536912,200,761,764,98,0.5859375,0.4858379216348832,0.0378804579377174,20.300235748291016,2.811132431030273,3.3046295642852783,2370.315185546875,2.701019763946533,3.2987325191497803,1.474365472793579,0.4864627122879028,1.5104973316192627,10843.4404296875,0.0134228952229022,0.0139923086389899,20.406494140625,56.910640716552734,84.52642822265625,2322.673828125,0.0142159229144454,0.0140066845342516,0.0173640064895153,0.0025962758809328,50.73192596435547,0.1201088204979896,0.0124617787078022,8.300827026367188,0.1187788546085357,0.012461818754673,8.136564254760742,12.86075496673584,11643.13671875,91.35880279541016,0.0817730277776718,0.0130846910178661,8.008201599121094,0.0923618525266647,0.0130846705287694,8.147926330566406,2.9477243423461914,0.011117435991764,0.7326302528381348,1.4325021505355835,0.011772945523262,0.0151129812002182,3.755211353302002,0.011772945523262,0.015145574696362,2178.414306640625,49856.7578125,1.80868935585022,,0.0117563009262084,0.0150894885882735,,0.0117563009262084,0.0151103120297193,0.000842644018121,0.0025483712088316,51.014122009277344,0.0218529198318719,0.0124612189829349,170.69760131835938,0.0201549939811229,0.0124612189829349,211.28970336914065,0.6500752568244934,11428.3408203125,91.86389923095705,0.0153407612815499,0.0130910845473408,,0.0144644845277071,0.0130910845473408,,163.0,0.0490500527978438,0.0085240227311801,0.7520863028854432,0.9999076937594806,0.0007176088417873,0.0033864594437038,0.0118979260862373,0.6660760849099024,0.011902189707852,0.6659016830509563
many_monkey_20260901_102025,Transolver,43,False,False,1502428.0,1501407.3319852576,50,252,251,19,-0.546875,0.3305284272767433,0.1070276759564876,15.535222053527832,2.711743116378784,3.172975540161133,25137.658203125,2.5881659984588623,3.1711366176605225,2.0468482971191406,0.4948946535587311,1.2034358978271484,91882.34375,0.0511772260069847,0.0505458302795887,15.61138916015625,46.74295425415039,64.26652526855469,24763.921875,0.0403263829648494,0.0391285568475723,0.0204858798533678,0.0247486494481563,38.80519104003906,0.1306682825088501,0.0416971482336521,7.962863445281982,0.1287126243114471,0.0416974239051342,7.782877445220947,16.501218795776367,125501.3828125,76.95282745361328,0.0893792286515235,0.0470834858715534,7.628035068511963,0.1005124226212501,0.0470835417509079,7.803787231445312,2.7422986030578613,0.089725024998188,2.3299593925476074,1.3871876001358032,0.0471320338547229,0.0503643713891506,2.9333598613739014,0.0471320338547229,0.0516638047993183,2201.10595703125,454997.78125,5.875563621520996,,0.0485589876770973,0.0537954680621624,,0.0485589876770973,0.0515392571687698,0.0051358076743781,0.0243847258388996,39.01114273071289,0.0488282404839992,0.0416231490671634,140.13841247558594,0.0459001362323761,0.0416231490671634,160.59959411621094,4.180274963378906,123656.5390625,77.35397338867188,0.0336075760424137,0.0470451898872852,,0.035170242190361,0.0470451898872852,,163.0,0.1695605732219326,0.0391957045881412,-0.1019756221200578,0.9987933020967884,0.0021119626983534,0.0125937250735886,0.0122804385260334,0.6677025223519575,0.011902189707852,0.6659016830509563
mighty_fly_20260902_185929,Transolver,45,False,False,1502428.0,1501407.3319852576,50,252,251,19,-0.546875,0.3305284272767433,0.1185507513582706,14.933478355407717,2.6645073890686035,3.116252899169922,29641.552734375,2.536587715148926,3.1148388385772705,2.1353726387023926,0.4831596910953522,1.1924153566360474,105654.2109375,0.050622634589672,0.050819594413042,15.00575828552246,45.92331314086914,62.848236083984375,29216.08984375,0.0394061878323555,0.038257673382759,0.0185539089143276,0.029191967099905,37.30054473876953,0.1267890483140945,0.0419087260961532,7.824824333190918,0.1254318356513977,0.0419089309871196,7.644246101379394,14.888854026794434,148032.0625,72.96180725097656,0.0865822434425354,0.0476084984838962,7.475572109222412,0.0987811908125877,0.0476084798574447,7.664511680603027,2.5936458110809326,0.1033516377210617,2.693110227584839,1.3527255058288574,0.046006690710783,0.0507468990981578,2.9053940773010254,0.046006690710783,0.0526410154998302,2079.0859375,524098.90625,7.021124362945557,,0.0474442914128303,0.0538009814918041,,0.0474442914128303,0.0525072515010833,0.0040314910002052,0.0287769678980112,37.49597930908203,0.0452482551336288,0.0418543107807636,137.68284606933594,0.0430692806839942,0.0418543107807636,157.0565948486328,3.247225284576416,145927.296875,73.33406066894531,0.0312171280384063,0.0475952513515949,,0.0335888862609863,0.0475952513515949,,163.0,0.199385512891708,0.0376967167429491,-1.220849899351625,0.9989973253552116,0.0027001885691814,0.0111085370054499,0.0135389773874517,0.6694388839495847,0.011902189707852,0.6659016830509563
mighty_rabbit_20260903_163428,Transolver,43,False,False,24038851.0,24010301.015561983,800,1301,1301,639,5.703125,0.8866302294683038,0.0218313932418823,21.42081642150879,2.828294277191162,3.2941231727600098,199.44955444335935,2.6915738582611084,3.28546142578125,1.1350475549697876,0.4857543706893921,1.2892252206802368,1267.947021484375,0.0067993681877851,0.0069794184528291,21.535295486450195,68.03501892089844,90.3130874633789,193.4344940185547,0.0107702985405921,0.0106762209907174,0.0161413066089153,0.0001271224609808,53.53583526611328,0.1228204816579818,0.0083177890628576,8.353743553161621,0.1203964427113533,0.0083177788183093,8.11075210571289,13.061588287353516,787.7715454101562,91.676513671875,0.083271250128746,0.0090786749497056,7.9823713302612305,0.0934689342975616,0.0090786330401897,8.115645408630371,2.8095898628234863,0.0002898671664297,0.0278841163963079,1.4436882734298706,0.0065822498872876,0.006992601789534,3.212639808654785,0.0065822498872876,0.0071319788694381,2271.66455078125,1796.270263671875,0.0675237029790878,,0.0067054224200546,0.0068933139555156,,0.0067054224200546,0.0071164164692163,0.0003894781693816,0.000126212980831,53.83778381347656,0.0181274302303791,0.0083326194435358,204.0785980224609,0.0161726363003253,0.0083326194435358,225.7623748779297,0.3250979483127594,782.1361083984375,92.193115234375,0.0124401822686195,0.0091004138812422,,0.0114641245454549,0.0091004138812422,,163.0,0.0281959336774384,0.0081482186900962,0.9621017603492618,0.9999498686216766,0.0003794670650741,0.0024384766725218,0.0119001812123323,0.6660996505568029,0.011902189707852,0.6659016830509563
more_swan_20260902_114310,Transolver,44,False,False,1502428.0,1501334.855406992,50,317,316,13,-1.46484375,0.2270293395878073,0.0956113338470459,17.13417625427246,2.664015293121338,3.171271085739136,25583.40625,2.57589054107666,3.1715829372406006,2.488566875457764,0.4897749125957489,1.2227445840835571,97734.890625,0.0413445010781288,0.0429976768791675,17.216888427734375,42.14861679077149,62.34883499145508,25179.01953125,0.0369674935936927,0.0369603894650936,0.0242338515818119,0.0370432287454605,42.79268646240234,0.1303658783435821,0.0342627950012683,7.827416896820068,0.1283391863107681,0.0342630073428154,7.782707214355469,16.901166915893555,127727.0625,78.08424377441406,0.089903675019741,0.0365726016461849,7.601195335388184,0.0997077003121376,0.0365726128220558,7.810963153839111,3.0512843132019043,0.1404934972524643,3.099886894226074,1.387902021408081,0.0351452678442001,0.0462774224579334,2.9924662113189697,0.0351452678442001,0.0468224883079528,2120.32080078125,484420.15625,6.835068702697754,,0.0356232449412345,0.0470657609403133,,0.0356232449412345,0.0466848984360694,0.0071651581674814,0.0364634469151496,43.016822814941406,0.0531429573893547,0.0342429652810096,126.35846710205078,0.0497641488909721,0.0342429652810096,155.80520629882812,5.039160251617432,125728.046875,78.48629760742188,0.0373629368841648,0.036572054028511,,0.0371545553207397,0.036572054028511,,163.0,0.165372535675628,0.0293321388672618,-1.1660770783731755,0.9990928520390332,0.0021678290210457,0.0103943467535915,0.0122301182963819,0.6685531802977875,0.011902189707852,0.6659016830509563
moved_bear_20260903_163420,Transolver,45,False,False,24038851.0,24038561.47832408,800,1160,1159,670,7.34375,0.9230065408949566,0.0230151293799281,23.39166641235352,2.934238910675049,3.397933959960937,357.14215087890625,2.7706875801086426,3.3902955055236816,1.0687872171401978,0.4648811817169189,1.247802972793579,1636.07177734375,0.0069523686543107,0.0071343989111483,23.51766967773437,71.00413513183594,92.39383697509766,349.94989013671875,0.0103759802877902,0.0103151323273777,0.0151297263801097,0.0002885847934521,58.4638900756836,0.11688282340765,0.0085545415058732,8.677278518676758,0.1156128346920013,0.0085545284673571,8.374944686889648,12.23621940612793,1566.0023193359375,97.61802673339844,0.0793835818767547,0.0092568919062614,8.223421096801758,0.091124452650547,0.0092568444088101,8.379984855651855,2.636517286300659,0.0007222004351206,0.0350897051393985,1.3807133436203003,0.00662382831797,0.0073063517920672,3.1088263988494877,0.00662382831797,0.0073691960424184,2130.597900390625,3918.993896484375,0.0845374464988708,,0.0066957874223589,0.0072089498862624,,0.0066957874223589,0.0073537053540349,0.0003501264436636,0.0002861567481886,58.79368209838867,0.0166455991566181,0.0085709551349282,212.9871826171875,0.01510158367455,0.0085709551349282,230.96517944335935,0.2922238111495971,1552.828857421875,98.16810607910156,0.0114713525399565,0.009280608035624,,0.0108323944732546,0.009280608035624,,163.0,0.0285303925347591,0.0065933667072394,0.9590094951751522,0.9999373092056584,0.0003901611986095,0.0027153212564231,0.0119558271705092,0.666743489814837,0.011902189707852,0.6659016830509563
moving_drake_20260903_163420,Transolver,45,False,False,6009712.0,6007820.22114443,200,1121,1126,57,-0.703125,0.3207102045510107,0.0385669786483049,15.162192344665527,2.620248556137085,3.081737995147705,5272.44287109375,2.494391918182373,3.0776822566986084,1.511911153793335,0.49492147564888,1.6517295837402344,13704.3828125,0.0145710632205009,0.0155173763632774,15.239274978637695,45.24945068359375,70.11761474609375,5225.25634765625,0.0164605639874935,0.0164038017392158,0.0193693172186613,0.0062550925649702,37.88298416137695,0.1210489645600318,0.0133213996887207,7.726375102996826,0.1197107583284378,0.0133214546367526,7.577973365783691,13.434682846069336,26199.474609375,67.93604278564453,0.0826326161623001,0.0139246536418795,7.386618137359619,0.0927076488733291,0.0139246424660086,7.594535827636719,3.199449062347412,0.0153038008138537,0.5726765990257263,1.4551955461502075,0.0121264746412634,0.0174424424767494,4.105982780456543,0.0121264746412634,0.0172776989638805,2209.69189453125,64100.01953125,1.2557677030563354,,0.0121005214750766,0.0170416049659252,,0.0121005214750766,0.0172258056700229,0.001440598629415,0.006204486824572,38.09364318847656,0.0268435236066579,0.013329928740859,135.7081756591797,0.0247774254530668,0.013329928740859,175.26258850097656,1.050997018814087,25987.5546875,68.31216430664062,0.0189808998256921,0.0139402290806174,,0.0176355876028537,0.0139402290806174,,163.0,0.0484723550545276,0.0109045241375454,0.8100394800598754,0.9994027292388094,0.000694813793074,0.0056114330815009,0.0122067621557471,0.6685360149099034,0.011902189707852,0.6659016830509563
moving_locust_20260909_160026,Transolver,44,True,False,24038851.0,24024123.57446395,800,1,798,798,19.999999962747097,1.0,0.0255295783281326,21.97721290588379,2.7468535900115967,3.2112393379211426,173.2428436279297,2.615985631942749,3.2027180194854736,1.1130077838897705,0.4777207672595978,1.247065186500549,1283.375732421875,0.0070094801485538,0.0072155334055423,22.094934463500977,70.63105010986328,92.2217025756836,166.997802734375,0.010633448138833,0.0105370907112956,0.0157796461135149,0.0001169652678072,54.92719268798828,0.1208270341157913,0.0088050402700901,8.110928535461426,0.1190695613622665,0.008805027231574,7.904626369476318,13.07964324951172,659.90087890625,90.0770263671875,0.0820932686328888,0.0096726370975375,7.756190776824951,0.0929597318172454,0.009672587737441,7.908998489379883,2.753830909729004,0.0003286063147243,0.0285243988037109,1.4190576076507568,0.0068345852196216,0.0072700846940279,3.106877326965332,0.0068345852196216,0.0073681157082319,2281.396240234375,1853.962646484375,0.0619329735636711,,0.0069403126835823,0.0070786476135253,,0.0069403126835823,0.0073531442321836,0.00034232440521,0.0001157844017143,55.2369384765625,0.0168022736907005,0.008819056674838,211.86752319335935,0.0151697937399148,0.008819056674838,230.53468322753903,0.2903187572956085,653.2391967773438,90.58460235595705,0.011571486480534,0.0096954088658094,,0.0109579302370548,0.0096954088658094,,163.0,0.0314593974479596,0.0067451759986146,0.950448934374444,0.9999132977165858,0.0004347489774469,0.0028443262707583,0.0118467676109053,0.6660053933802875,0.011902189707852,0.6659016830509563
mutual_koi_20260903_163422,Transolver,45,False,False,24038851.0,24038660.9272973,800,1230,1236,652,6.40625,0.9051351778993636,0.0242040678858757,22.6107120513916,2.8316211700439453,3.317652463912964,314.7127380371094,2.709811925888061,3.3095383644104004,1.1284563541412354,0.4799167811870575,1.3088890314102173,1312.314208984375,0.0071204788982868,0.007404088973999,22.731937408447266,68.91203308105469,92.1003646850586,309.0924377441406,0.0110276117920875,0.0109594538807868,0.0160472504794597,0.0002148218336515,56.51062774658203,0.1212851107120513,0.0089605757966637,8.364617347717285,0.1197583228349685,0.0089605739340186,8.169892311096191,13.034395217895508,1349.6734619140625,98.91075134277344,0.0823563560843467,0.0097211403772234,8.037358283996582,0.0941127091646194,0.0097210770472884,8.174872398376465,2.792020320892334,0.0003230352303944,0.0289590246975421,1.4254276752471924,0.0067429672926664,0.0075797187164425,3.2611446380615234,0.0067429672926664,0.0077065378427505,2265.9599609375,2029.5269775390625,0.0621590204536914,,0.0068321973085403,0.007408760022372,,0.0068321973085403,0.0076900352723896,0.0003953774576075,0.0002142156445188,56.82933807373047,0.017906080931425,0.0089799044653773,206.70921325683597,0.0161539129912853,0.0089799044653773,230.23028564453125,0.3309920132160187,1345.864013671875,99.4681167602539,0.0123073495924472,0.0097478730604052,,0.0115652438253164,0.0097478730604052,,163.0,0.0304132218389336,0.0094235927512603,0.9672137498054434,0.9998784364824714,0.0003956504484912,0.0034402561660356,0.0119946349755206,0.6671023170264182,0.011902189707852,0.6659016830509563
needed_eagle_20260903_163420,Transolver,43,False,False,24038851.0,24038068.119517595,800,880,880,760,18.75,0.9843204858321644,0.0247841635718941,21.53243827819824,2.857272148132324,3.306182622909546,241.8275604248047,2.6803300380706787,3.297924757003784,1.080976128578186,0.4723540544509887,1.2380139827728271,1233.178955078125,0.0072163688018918,0.0074256430380046,21.647884368896484,71.82273864746094,92.2288055419922,236.2518615722656,0.0103746391832828,0.0103207780048251,0.0152482027187943,0.000174876418896,53.81576156616211,0.1190900802612304,0.0085605457425117,8.44416618347168,0.1175297349691391,0.0085605373606085,8.143646240234375,12.541705131530762,1011.142822265625,86.45579528808594,0.0808309093117713,0.0093239657580852,7.950835227966309,0.0918196588754654,0.0093239210546016,8.148330688476562,2.660900831222534,0.0003097069566138,0.0413846373558044,1.40261971950531,0.0068769073113799,0.0075655402615666,3.083942651748657,0.0068769073113799,0.0076536824926733,2187.484130859375,1790.7373046875,0.0944795608520507,,0.0069997706450521,0.0074329674243927,,0.0069997706450521,0.0076385792344808,0.0003313137567602,0.0001741278392728,54.11929321289063,0.0166293159127235,0.0085730161517858,215.4430084228516,0.0150290988385677,0.0085730161517858,230.5526885986328,0.278361439704895,1006.81689453125,86.94282531738281,0.0114056067541241,0.0093436725437641,,0.0108093312010169,0.0093436725437641,,163.0,0.0272811117218288,0.0072702648931749,0.9643377841397264,0.9999086002428614,0.0003703754098827,0.0030121598368415,0.011872189783951,0.6658376862127509,0.011902189707852,0.6659016830509563
new_boxer_20260901_184139,Transolver,43,False,False,1502428.0,1501334.855406992,50,317,316,13,-1.46484375,0.2270293395878073,0.090779885649681,15.948758125305176,2.654348373413086,3.1180670261383057,17493.80859375,2.537877559661865,3.1190285682678223,2.0892856121063232,0.4747168719768524,1.208309769630432,68158.6953125,0.0426422208547592,0.0449466444551944,16.02701759338379,41.31051635742188,60.0909423828125,17210.458984375,0.0384942330420017,0.0385389439761638,0.0225183367729187,0.025317633524537,39.83671569824219,0.126864954829216,0.0347697362303733,7.80141019821167,0.1257759630680084,0.0347699597477912,7.652006149291992,15.740159034729004,87294.703125,71.42915344238281,0.0874346867203712,0.0378310456871986,7.488366603851318,0.0983265042304992,0.0378310643136501,7.680328845977783,2.892270088195801,0.0976769626140594,2.2821061611175537,1.3400795459747314,0.0348693467676639,0.0492017306387424,2.9533376693725586,0.0348693467676639,0.0500020124018192,1997.689453125,336788.96875,4.555111408233643,,0.0351433418691158,0.0501410961151123,,0.0351433418691158,0.0498482957482337,0.0063379914499819,0.0249131675809621,40.04875183105469,0.0556461475789547,0.0347489565610885,123.84114837646484,0.0521992817521095,0.0347489565610885,150.1577911376953,4.56427001953125,85899.5546875,71.80650329589844,0.0391496047377586,0.0378388613462448,,0.0388889834284782,0.0378388613462448,,163.0,0.1714491188815729,0.0341866799118546,-0.4813240647616752,0.998578272717123,0.0021698819883521,0.0121521689517564,0.0119299188810003,0.6702921085268924,0.011902189707852,0.6659016830509563
new_cow_20260903_163420,Transolver,44,False,False,24038851.0,24038804.561455272,800,1090,1093,687,8.75,0.9416038086302386,0.0223554400727152,20.237491607666016,2.679503917694092,3.1338047981262207,209.82177734375,2.5518670082092285,3.1254918575286865,1.1360584497451782,0.4801885783672333,1.248903751373291,1390.3941650390625,0.007066513877362,0.0072831916622817,20.34530639648437,65.82067108154297,85.96337890625,203.18264770507807,0.0105316452682018,0.0104628279805183,0.0160865057259798,0.0001592491898918,50.57756042480469,0.1207442954182624,0.0086872624233365,7.909080028533935,0.1186867207288742,0.0086872475221753,7.711481094360352,13.035754203796388,854.3040161132812,84.36671447753906,0.0820866450667381,0.0094280028715729,7.564085960388184,0.0923619866371154,0.0094279367476701,7.716652870178223,2.806260347366333,0.000448655715445,0.033661562949419,1.426357388496399,0.0068974178284406,0.0073108579963445,3.1113600730896,0.0068974178284406,0.0074505349621176,2272.48876953125,2406.84814453125,0.0725715309381485,,0.0069790016859769,0.007154026068747,,0.0069790016859769,0.0074352864176034,0.0003559668257366,0.000157633490744,50.862831115722656,0.0168578792363405,0.0087001845240592,197.4364471435547,0.015290405601263,0.0087001845240592,214.88882446289065,0.2968402504920959,845.6355590820312,84.84201049804688,0.0116148311644792,0.0094484584406018,,0.0109700132161378,0.0094484584406018,,163.0,0.0302524130436636,0.0081099427710302,0.9476605744560216,0.999868705714654,0.0004220047302753,0.003271711598393,0.0118774977962682,0.6661896239745178,0.011902189707852,0.6659016830509563
nice_moray_20260903_012649,Transolver,44,False,False,6009712.0,6008568.416536912,200,761,764,98,0.5859375,0.4858379216348832,0.0364231821149587,17.689102172851562,2.6534323692321777,3.12803053855896,4697.6015625,2.536862373352051,3.1219184398651123,1.3703582286834717,0.4851522445678711,1.4792805910110474,16544.833984375,0.0138748390600085,0.0145138315856456,17.78122329711914,53.46292495727539,79.2679214477539,4631.21435546875,0.0148396892473101,0.0146470787003636,0.0170917585492134,0.0051966211758553,44.20306396484375,0.1203861087560653,0.0133752012625336,7.826535701751709,0.1182539463043212,0.0133752264082431,7.695134162902832,12.70458984375,23304.734375,78.93152618408203,0.0819297954440116,0.0140334535390138,7.514623641967773,0.0912838652729988,0.0140334405004978,7.70649528503418,2.8932485580444336,0.0174886919558048,0.523902416229248,1.4275389909744265,0.0124911163002252,0.0154266208410263,3.676370143890381,0.0124911163002252,0.0155856925994157,2146.474609375,78428.9140625,1.1548395156860352,,0.012445812113583,0.0153038660064339,,0.012445812113583,0.0155478417873382,0.0008739854674786,0.0051277680322527,44.44962310791016,0.0222746133804321,0.0133790643885731,160.35311889648438,0.0206560473889112,0.0133790643885731,198.14247131347656,0.6714991331100464,22995.990234375,79.37029266357422,0.015634186565876,0.0140451919287443,,0.0149480225518345,0.0140451919287443,,163.0,0.0532734796596372,0.0110604631783116,0.744508127909072,0.9998646870218784,0.0007338742389686,0.0035180683190313,0.0119949317580819,0.6666167740195154,0.011902189707852,0.6659016830509563
normal_urchin_20260903_163426,Transolver,44,False,False,24038851.0,24010301.015561983,800,1301,1301,639,5.703125,0.8866302294683038,0.0216232165694236,20.211244583129883,2.703524589538574,3.169697523117065,255.97781372070312,2.5949885845184326,3.161557912826538,1.1134469509124756,0.477014422416687,1.2769596576690674,1366.0152587890625,0.0071958089247345,0.0073730200529098,20.319034576416016,65.5206527709961,87.4227523803711,249.72726440429688,0.0104317544028162,0.0103959525004029,0.0157221667468547,0.0001739441795507,50.512298583984375,0.1197110563516616,0.0084749292582273,7.982387065887451,0.1175322458148002,0.0084749162197113,7.802474021911621,12.70584487915039,1077.930908203125,88.27322387695312,0.081202819943428,0.0092651713639497,7.694497585296631,0.0914064347743988,0.009265124797821,7.807855606079102,2.7427759170532227,0.0003872895904351,0.0406479090452194,1.4165934324264526,0.0069732214324176,0.007476626895368,3.181382179260254,0.0069732214324176,0.0075303353369235,2214.954833984375,2399.9833984375,0.0915219783782959,,0.0070913732051849,0.0073002446442842,,0.0070913732051849,0.0075138434767723,0.0003461556043475,0.0001727486232994,50.797149658203125,0.0168364755809307,0.0084878681227564,196.53663635253903,0.0152784064412117,0.0084878681227564,218.537353515625,0.2882418930530548,1070.518798828125,88.77054595947266,0.0115781184285879,0.0092853903770446,,0.0109512340277433,0.0092853903770446,,163.0,0.0321316515593059,0.0065415344181403,0.9613328648195884,0.9998898337283436,0.0004295196378288,0.0030631330009913,0.0119080773353078,0.6662832305858767,0.011902189707852,0.6659016830509563
noted_baboon_20260904_123640,Transolver,44,False,False,3004856.0,3003003.8381809667,100,504,503,36,-0.234375,0.3665011170412643,0.0555791892111301,17.846372604370117,2.557610511779785,3.0195107460021973,10498.4443359375,2.459500789642334,3.014294147491455,1.8429638147354128,0.505303680896759,1.4704983234405518,40725.48046875,0.0243091434240341,0.0254453998059034,17.936704635620117,47.057254791259766,71.78472900390625,10329.23046875,0.0225542448461055,0.0221554543823003,0.0207716897130012,0.0146718025207519,44.58781814575195,0.1239744275808334,0.0216343495994806,7.527222156524658,0.1219067126512527,0.021634466946125,7.41605281829834,14.010629653930664,52313.875,75.16426849365234,0.0852047801017761,0.0223029442131519,7.270994663238525,0.0934764221310615,0.0223029144108295,7.431107521057129,3.294543743133545,0.0558707565069198,1.2849303483963013,1.4676496982574463,0.0209694560617208,0.0272917225956916,3.637955665588379,0.0209694560617208,0.02780557051301,2206.73828125,199208.859375,2.537158250808716,,0.0208651218563318,0.0277531649917364,,0.0208651218563318,0.0277355350553989,0.0023132010828703,0.0144413253292441,44.83222961425781,0.0317950174212455,0.021633131429553,141.1183319091797,0.0301087126135826,0.021633131429553,179.4208984375,1.64544415473938,51491.7109375,75.57386779785156,0.0227979999035596,0.0223104879260063,,0.0220779348164796,0.0223104879260063,,163.0,0.0810577763888736,0.0142696995682831,0.4900889338941614,0.9995517365986462,0.0011076131603529,0.0065539890513685,0.0119587673966603,0.6678047541271814,0.011902189707852,0.6659016830509563
noted_trout_20260903_163428,Transolver,44,False,False,12019425.0,12017477.897648329,400,1014,1013,257,2.36328125,0.6933314863604254,0.0287037892267107,18.926803588867188,2.7068352699279785,3.184759616851806,442.0746154785156,2.5896923542022705,3.177264213562012,1.16778564453125,0.4769546091556549,1.34214186668396,2180.4560546875,0.0091704651713371,0.0094846030697226,19.027027130126957,59.78512954711914,82.38777923583984,432.3052368164063,0.0110178533941507,0.011021957732737,0.0159212723374366,0.0003982604830525,47.30088806152344,0.1207165345549583,0.0095223924145102,7.9902663230896,0.1182252615690231,0.0095223886892199,7.838912010192871,12.69234561920166,2016.949951171875,84.0191879272461,0.0820597186684608,0.0102429445832967,7.676774024963379,0.0914900451898574,0.0102429054677486,7.846549034118652,2.77336859703064,0.0012802286073565,0.145455315709114,1.4124189615249634,0.0086516998708248,0.009793147444725,3.341168165206909,0.0086516998708248,0.0098606683313846,2209.0244140625,6483.5107421875,0.3602524995803833,,0.0087792184203863,0.0095617119222879,,0.0087792184203863,0.0098372958600521,0.0003718304797075,0.0003933219413738,47.56700134277344,0.0170239880681037,0.0095262704417109,179.32884216308594,0.0157024171203374,0.0095262704417109,205.94900512695312,0.3063388764858246,1991.9315185546875,84.49092102050781,0.0117833260446786,0.0102523807436227,,0.0114067466929554,0.0102523807436227,,163.0,0.0302264202927129,0.0080375518237667,0.9478767279243382,0.999890983229438,0.0004127297243178,0.0033353473663827,0.0119409028367131,0.6658275046246526,0.011902189707852,0.6659016830509563
open_swift_20260905_120455,Transolver,45,False,False,3004856.0,3003447.1558601856,100,634,634,24,-1.328125,0.2569048825032909,0.0588651821017265,15.88293743133545,2.6000709533691406,3.0789337158203125,13897.6015625,2.49316668510437,3.077674150466919,2.080482721328736,0.4993695020675659,1.5371787548065186,51105.7734375,0.0243829544633626,0.0256070420145988,15.9608736038208,41.772945404052734,65.54480743408203,13689.318359375,0.0208394490182399,0.0206073652952909,0.0206951070576906,0.019045103341341,39.6771240234375,0.1229380965232849,0.0201336313039064,7.657141208648682,0.1215762346982956,0.0201336666941642,7.565690994262695,13.935016632080078,69319.2109375,70.46539306640625,0.0845932736992836,0.0209431033581495,7.373963356018066,0.0942934602499008,0.0209430530667305,7.589420318603516,3.352008819580078,0.0689683780074119,1.814713954925537,1.4498554468154907,0.0205104686319828,0.0277426578104496,3.804474115371704,0.0205104686319828,0.0282173454761505,2248.111328125,251025.078125,3.787673711776733,,0.0205595605075359,0.0282063484191894,,0.0205595605075359,0.0281307827681303,0.0019121036166325,0.0187659189105033,39.890892028808594,0.0289727374911308,0.0201234873384237,125.26973724365234,0.0276561360806226,0.0201234873384237,163.8242950439453,1.336007833480835,68302.234375,70.84165954589844,0.0207390859723091,0.0209398120641708,,0.0204411428421735,0.0209398120641708,,163.0,0.0841721520460083,0.0154589476238542,0.2620260842519801,0.9993714564225596,0.0012044180931582,0.0064387464807359,0.0121533539439874,0.6666748496475927,0.011902189707852,0.6659016830509563
prime_alpaca_20260904_053251,Transolver,43,False,False,3004856.0,3002844.7837300897,100,765,765,12,-2.5,0.1687694706206921,0.065971914678812,14.699122428894045,2.668800115585327,3.154346466064453,15890.7236328125,2.548929214477539,3.159003496170044,2.4456372261047363,0.4917549788951874,1.946655869483948,56277.53125,0.0322767086327075,0.0351801477372646,14.768320083618164,36.986270904541016,64.34834289550781,15664.568359375,0.0259086098521947,0.0256352666765451,0.0231976844370365,0.0241496507078409,36.71253204345703,0.1179771423339843,0.0248438566923141,7.863579273223877,0.1177312731742858,0.0248439460992813,7.755712985992432,13.552611351013184,79280.8203125,72.84739685058594,0.0819495096802711,0.0255085732787847,7.5393290519714355,0.0921022668480873,0.0255085378885269,7.792652130126953,3.5719516277313232,0.0844508334994316,2.499916315078736,1.4101585149765017,0.0241937935352325,0.0409126691520214,4.813673496246338,0.0241937935352325,0.0408691130578517,2065.70263671875,277243.5625,6.346360206604004,,0.0241271685808897,0.0404262468218803,,0.0241271685808897,0.0407066345214843,0.0031944536603987,0.0238118786364793,36.90570068359375,0.0360095463693141,0.0248461589217185,110.89794921875,0.0350768342614173,0.0248461589217185,160.8233642578125,1.982646942138672,78172.4375,73.22283935546875,0.0262988116592168,0.0255184080451726,,0.0256936959922313,0.0255184080451726,,163.0,0.0935695653769543,0.0159459940707267,0.5028492537828104,0.9995196523017048,0.0012469431701444,0.0072013353090774,0.0116304790940037,0.6623424914827196,0.011902189707852,0.6659016830509563
proper_ibex_20260903_045015,Transolver,45,False,False,1502428.0,1501361.4356329143,50,448,447,1,-6.25,0.0583843645841616,0.1401496045291423,15.599990844726562,2.517812728881836,3.022969007492065,32482.732421875,2.444066286087036,3.033889055252075,3.3328957557678223,0.5574039816856384,2.2809205055236816,110751.5234375,0.0694837272167205,0.0786602273583412,15.669212341308594,31.311677932739254,60.49873733520508,32044.04296875,0.0545575767755508,0.0555884540081024,0.0759138464927673,0.0828753411769867,38.88262939453125,0.1346553713083267,0.0537410974502563,7.365041732788086,0.1358391642570495,0.0537409745156765,7.394712924957275,28.921436309814453,162218.46875,68.67521667480469,0.0957987681031227,0.0542622134089469,7.182137489318848,0.105656549334526,0.0542619787156581,7.451934814453125,4.7365031242370605,0.2808876931667328,3.4552924633026123,1.52984356880188,0.0485007539391517,0.0938675627112388,5.583723068237305,0.0485007539391517,0.0943274646997451,1970.388671875,549803.5625,6.617593765258789,,0.0482988655567169,0.0906685814261436,,0.0482988655567169,0.0938409119844436,0.049637921154499,0.081765703856945,39.08251190185547,0.0732062757015228,0.0537796318531036,93.80805206298828,0.0746717900037765,0.0537796318531036,151.14527893066406,17.97113037109375,160046.21875,69.02523803710938,0.054805040359497,0.0543101094663143,,0.0562276244163513,0.0543101094663143,,163.0,0.3022351252746807,0.0411628903728187,-2.021731925594939,0.997874635181004,0.0038735169519742,0.0183963528878425,0.01022245504817,0.6551786817036481,0.011902189707852,0.6659016830509563
proven_jackal_20260902_233916,Transolver,43,False,False,6009712.0,6008727.283630662,200,941,940,79,-0.15625,0.3848948458393663,0.0384321939200162,17.800954818725586,2.7639083862304688,3.201555728912353,4574.27294921875,2.594945907592773,3.1962361335754395,1.404529333114624,0.4891624748706817,1.6424779891967771,13464.4970703125,0.013686928898096,0.0144079253077507,17.89354133605957,52.159423828125,78.6859359741211,4524.38818359375,0.014765185303986,0.0147822462022304,0.0181218832731246,0.0052145952358841,44.48165893554688,0.1197171583771705,0.0125651499256491,8.159441947937012,0.1188298463821411,0.0125651331618428,7.878776550292969,12.982751846313477,22690.7265625,77.33624267578125,0.081467717885971,0.0132350586354732,7.690134525299072,0.0923258364200592,0.0132350279018282,7.891646862030029,3.05059814453125,0.0144691774621605,0.4534905552864074,1.439805030822754,0.012108827009797,0.0155736459419131,4.084555625915527,0.012108827009797,0.0155849978327751,2179.73779296875,62961.03515625,0.9880785942077636,,0.0121372919529676,0.0152365649119019,,0.0121372919529676,0.0155432410538196,0.0010263407602906,0.0051626930944621,44.730247497558594,0.0233367178589105,0.012561528943479,156.4423828125,0.0216734800487756,0.012561528943479,196.6868896484375,0.7665631771087646,22464.875,77.76691436767578,0.0162926837801933,0.0132376868277788,,0.0155545249581336,0.0132376868277788,,163.0,0.0444707674195911,0.0113825289539053,0.8218039926164459,0.9998318127505628,0.000628116314181,0.0040079138467429,0.0120712001174589,0.666120921288329,0.011902189707852,0.6659016830509563
pure_lizard_20260903_163420,Transolver,44,False,False,24038851.0,24038118.11969437,800,950,949,732,13.75,0.9712497193584916,0.0252362908795475,21.73782539367676,2.800731420516968,3.2629120349884038,263.9837646484375,2.665735960006714,3.2549989223480225,1.015040397644043,0.4588535726070404,1.200042486190796,1206.843017578125,0.0071007562801241,0.0073096347041428,21.854808807373047,70.33628845214844,91.42286682128906,258.66912841796875,0.0107577741146087,0.0105992509052157,0.0144467446953058,0.0001935708569362,54.33001708984375,0.1159527897834777,0.0088411141186952,8.277400016784668,0.1137030273675918,0.008841099217534,8.039155960083008,11.858779907226562,1111.7071533203125,92.24701690673828,0.0786015167832374,0.0096571641042828,7.90894889831543,0.0886079147458076,0.009657104499638,8.044059753417969,2.5134077072143555,0.0003326043079141,0.0240270625799894,1.362234592437744,0.0069740754552185,0.0073520480655133,2.9891676902771,0.0069740754552185,0.0074514700099825,2061.95654296875,1910.2037353515625,0.0490229986608028,,0.0070576001890003,0.007143912371248,,0.0070576001890003,0.0074356524273753,0.0003559252945706,0.0001927891280502,54.636566162109375,0.0172687638550996,0.0088553950190544,210.9827423095703,0.0154771152883768,0.0088553950190544,228.53726196289065,0.2986124455928802,1107.214599609375,92.76692962646484,0.0118354000151157,0.0096801472827792,,0.0110588008537888,0.0096801472827792,,163.0,0.028718372209501,0.0068690508067628,0.973267401221128,0.9998721567289744,0.0003651476598513,0.0033226252201597,0.0119138688882166,0.6660368324168816,0.011902189707852,0.6659016830509563
rapid_boxer_20260909_160026,Transolver,45,True,False,3004856.0,3004756.8657952696,100,1,101,101,19.999999962747097,1.0,0.1700399965047836,17.362638473510742,2.790383815765381,3.2202179431915283,68809.9921875,2.6182546615600586,3.2132115364074707,3.6877734661102295,0.5064268708229065,1.2095844745635986,235302.953125,0.0831881165504455,0.0788401365280151,17.440027236938477,64.63610076904297,80.60201263427734,67878.765625,0.0670506060123443,0.0640735402703285,0.0252899192273616,0.0549908205866813,43.35380554199219,0.142657458782196,0.0779379904270172,8.150555610656738,0.1413149386644363,0.077938437461853,7.870260238647461,22.178787231445312,343856.15625,74.71275329589844,0.0980779156088829,0.0859577357769012,7.6707282066345215,0.1119019538164138,0.0859578549861908,7.878148078918457,2.4472076892852783,0.1874593198299408,6.678496837615967,1.3610289096832275,0.0887584239244461,0.0694932863116264,2.9063620567321777,0.0887584239244461,0.0732199177145958,2141.420654296875,1172201.25,15.378399848937988,,0.0903062894940376,0.076069951057434,,0.0903062894940376,0.0731070563197135,0.0116262193769216,0.0542502664029598,43.561317443847656,0.0692268088459968,0.0777998715639114,193.7612762451172,0.0671481341123581,0.0777998715639114,201.39898681640625,10.22247314453125,339223.3125,75.04834747314453,0.0482188761234283,0.0858823359012603,,0.0531691461801528,0.0858823359012603,,163.0,0.3374978649070715,0.0661480064324122,-3.8510494071386656,0.9934144056861433,0.0043709691937869,0.0260467927811845,0.0113040798334463,0.6521076048004112,0.011902189707852,0.6659016830509563
rare_hermit_20260905_135730,Transolver,45,False,False,3004856.0,3004142.503992088,100,896,898,1,-7.5,0.048012897559903,0.1221671886742115,16.367446899414062,2.592895746231079,3.1263368129730225,32799.33984375,2.537330150604248,3.139058351516724,3.731588840484619,0.5917097330093384,2.7988593578338623,118039.015625,0.0609194673597812,0.0712028220295906,16.438758850097656,32.1464729309082,66.2992172241211,32321.625,0.0418550632894039,0.0425128079950809,0.0475031360983848,0.1004337891936302,40.820899963378906,0.1257706880569458,0.0405341275036335,7.612382411956787,0.1274921000003814,0.0405340753495693,7.668083190917969,17.089351654052734,163820.5,71.01206970214844,0.0894685015082359,0.0406065508723259,7.481915473937988,0.0996370464563369,0.0406064391136169,7.727705001831055,5.77788782119751,0.3593324422836303,3.371418237686157,1.651016116142273,0.0356981307268142,0.0884148553013801,6.889840602874756,0.0356981307268142,0.0894589871168136,2028.354736328125,586125.875,6.242582321166992,,0.0356200039386749,0.0862189307808876,,0.0356200039386749,0.0889942273497581,0.0152002079412341,0.0989822074770927,41.032203674316406,0.0553276799619197,0.0405829660594463,96.34351348876952,0.0582766570150852,0.0405829660594463,165.6694793701172,5.746299743652344,161453.875,71.37738037109375,0.0430526807904243,0.0406574457883834,,0.0434404909610748,0.0406574457883834,,163.0,0.2111121305878215,0.0334109476061704,-1.2296046854760982,0.9994148839821608,0.002783324155674,0.0101445735657783,0.0108451206713285,0.6639609918209971,0.011902189707852,0.6659016830509563
right_fowl_20260904_065704,Transolver,43,False,False,3004856.0,3004142.503992088,100,896,898,1,-7.5,0.048012897559903,0.1250882521271705,14.862192153930664,2.5088367462158203,3.0207767486572266,22652.32421875,2.4325342178344727,3.033498287200928,3.5479140281677246,0.5971872210502625,2.8156278133392334,78842.484375,0.058988481760025,0.069823682308197,14.926068305969238,30.81774139404297,62.36151885986328,22337.171875,0.0430519692599773,0.0451189763844013,0.0479310750961303,0.0693362206220626,37.0728759765625,0.1285202354192733,0.0397416576743125,7.358248710632324,0.1302875727415084,0.039741612970829,7.401783943176269,17.508255004882812,113099.4296875,63.58809661865234,0.0917743369936943,0.0398000590503215,7.166027545928955,0.1017075628042221,0.0397999882698059,7.4621381759643555,5.982597351074219,0.2390813082456588,2.7676477432250977,1.6706162691116333,0.0328321643173694,0.0881133154034614,6.933812141418457,0.0328321643173694,0.0888411104679107,2111.88427734375,389978.21875,5.221157073974609,,0.0327530391514301,0.0852239280939102,,0.0327530391514301,0.0883590057492256,0.0144805461168289,0.0683846175670623,37.26649475097656,0.0605166852474212,0.0398088321089744,92.35289764404295,0.0633387640118599,0.0398088321089744,155.820556640625,5.69819450378418,111546.625,63.91752624511719,0.046234842389822,0.0398690961301326,,0.0477439165115356,0.0398690961301326,,163.0,0.1682463533489341,0.0332378185942076,-0.627565969467244,0.9992139599574288,0.0021658771452851,0.0117952464054869,0.0117116141365916,0.6625965332057316,0.011902189707852,0.6659016830509563
robust_dingo_20260903_021238,Transolver,45,False,False,1502428.0,1501334.855406992,50,317,316,13,-1.46484375,0.2270293395878073,0.0944265834987163,14.619621276855469,2.556479930877685,3.004713535308838,18655.791015625,2.434556007385254,3.004466772079468,2.3139028549194336,0.4957302510738373,1.2259129285812378,75163.34375,0.0406752340495586,0.0425705052912235,14.689125061035156,39.729759216308594,57.404029846191406,18339.22265625,0.0343154892325401,0.0339272283017635,0.0223995838314294,0.0270076170563697,36.51314926147461,0.1292986273765564,0.0334221199154853,7.50671911239624,0.1271418035030365,0.0334223434329032,7.36793041229248,15.727203369140623,93120.2578125,63.624061584472656,0.0892571359872818,0.0359581522643566,7.178452491760254,0.0987097099423408,0.0359581671655178,7.394477844238281,3.1379456520080566,0.1077230274677276,2.592949867248535,1.407454252243042,0.0336513817310333,0.0460851043462753,3.0010411739349365,0.0336513817310333,0.0469154939055442,2189.26220703125,371427.46875,5.368142604827881,,0.034147273749113,0.0472031943500041,,0.034147273749113,0.0467821210622787,0.0048294216394424,0.0265554506331682,36.70470428466797,0.0462187007069587,0.0333968922495842,119.1096649169922,0.0435492359101772,0.0333968922495842,143.44981384277344,3.468094110488892,91561.265625,63.95280456542969,0.0326760560274124,0.0359549187123775,,0.0329133830964565,0.0359549187123775,,163.0,0.1795474483108091,0.0294436930950803,-1.943495679072607,0.9987858941224976,0.002449488635254,0.0107240797608494,0.0129529581049655,0.6688504706847741,0.011902189707852,0.6659016830509563
safe_grouse_20260904_040958,Transolver,43,False,False,3004856.0,3003447.1558601856,100,634,634,24,-1.328125,0.2569048825032909,0.0587370488792657,17.080551147460938,2.724156379699707,3.201132535934448,11864.1064453125,2.589999198913574,3.2005162239074707,1.8719947338104248,0.4877821207046509,1.5215753316879272,37487.6953125,0.0246140249073505,0.0258541852235794,17.166454315185547,43.512149810791016,67.72335815429688,11720.697265625,0.0231101363897323,0.0231851693242788,0.0205760728567838,0.0162491798400878,42.67267608642578,0.1221540942788124,0.0198933184146881,8.030421257019043,0.1210909485816955,0.0198933277279138,7.8717942237854,13.834661483764648,59142.6015625,75.13104248046875,0.0841030701994896,0.020870579406619,7.6650238037109375,0.0942498594522476,0.0208705011755228,7.896605014801025,3.2044687271118164,0.0503226481378078,1.4503573179244995,1.414891481399536,0.0202577970921993,0.0281971078366041,3.7651519775390634,0.0202577970921993,0.0286576524376869,2136.141845703125,183159.859375,3.1633524894714355,,0.0204207822680473,0.0288072694092988,,0.0204207822680473,0.0285708848387002,0.0026235529221594,0.0160585511475801,42.90548324584961,0.0353182926774024,0.0198803041130304,130.4812469482422,0.0332628339529037,0.0198803041130304,169.26519775390625,1.866159439086914,58448.6796875,75.5370864868164,0.0253551136702299,0.0208651572465896,,0.0243451725691556,0.0208651572465896,,163.0,0.0855978554626775,0.0159458817911251,0.4240362852013805,0.9996197268090996,0.0011763107646103,0.006508539290326,0.0117784905540045,0.6634716895273016,0.011902189707852,0.6659016830509563
saved_orca_20260903_163423,Transolver,44,False,False,12019425.0,12019140.142637894,400,727,726,306,4.375,0.8436767605651034,0.0289473552256822,21.910024642944336,2.709014415740967,3.1680634021759038,1422.6387939453125,2.5761547088623047,3.1598827838897705,1.3235477209091189,0.480716198682785,1.2809102535247805,5109.25537109375,0.0098459804430603,0.0099808415398001,22.02622604370117,64.48138427734375,87.06086730957031,1401.977783203125,0.0112546663731336,0.0110984398052096,0.0164025239646434,0.0015026297187432,54.757911682128906,0.1193802952766418,0.0101949786767363,7.997467994689941,0.1173809990286827,0.0101949842646718,7.797679901123047,12.682979583740234,6918.1630859375,84.83252716064453,0.0810799002647399,0.0108565269038081,7.63652753829956,0.0913849622011184,0.0108565017580986,7.802893161773682,2.8448128700256348,0.0045934598892927,0.4617597758769989,1.4225594997406006,0.0094255162402987,0.0101635204628109,3.187291145324707,0.0094255162402987,0.0102718137204647,2197.94091796875,21148.3359375,1.0294082164764404,,0.0094380602240562,0.0102539006620645,,0.0094380602240562,0.0102522326633334,0.0004548075958155,0.0014853369211778,55.06436920166016,0.016690332442522,0.0101957581937313,193.41726684570312,0.0153876300901174,0.0101957581937313,217.6316680908203,0.360808789730072,6838.556640625,85.30524444580078,0.0116447219625115,0.0108646098524332,,0.0112153552472591,0.0108646098524332,,163.0,0.0355395036686256,0.0090276192935198,0.9225652251868932,0.9998902227947672,0.0004898128848905,0.0033619949038622,0.0120573624097824,0.6665028496452178,0.011902189707852,0.6659016830509563
saving_snake_20260905_035413,Transolver,45,False,False,3004856.0,3003862.355948098,100,373,372,48,0.8984375,0.5141089830733248,0.0563520938158035,19.09983253479004,2.757906913757324,3.225987672805786,16621.708984375,2.6223702430725098,3.22081995010376,2.162095546722412,0.4962579011917114,1.3654439449310305,70930.15625,0.0250328071415424,0.0252968296408653,19.195453643798828,55.31068801879883,76.9420394897461,16317.2470703125,0.0223702155053615,0.0215556547045707,0.0193538181483745,0.0172862876206636,47.72158050537109,0.1242696195840835,0.0231538861989974,8.126296997070312,0.122615173459053,0.0231539756059646,7.930777549743652,14.46059799194336,82907.375,86.12612915039062,0.0846293643116951,0.024470405653119,7.758010864257812,0.0953503996133804,0.0244703646749258,7.944464683532715,2.953136444091797,0.0730226561427116,2.415591239929199,1.4391653537750244,0.0244085825979709,0.0251998230814933,3.375593423843384,0.0244085825979709,0.0258122161030769,2206.5849609375,350226.59375,5.508753776550293,,0.0243753809481859,0.0256902333348989,,0.0243753809481859,0.0257575549185276,0.0028098672628402,0.0169739015400409,47.97734069824219,0.0288846995681524,0.0231294520199298,165.8800506591797,0.0270034596323966,0.0231294520199298,192.3165283203125,2.097946882247925,81408.875,86.58090209960938,0.0202810745686292,0.0244593564420938,,0.0201038029044866,0.0244593564420938,,163.0,0.0853062344962681,0.0233630215718096,0.1770384263286717,0.9996743996983356,0.0011671365242527,0.0068851654946198,0.0120130662810004,0.6650002278526246,0.011902189707852,0.6659016830509563
select_hen_20260909_160031,Transolver,44,True,False,12019425.0,12008783.049324974,400,1,397,397,19.999999962747097,1.0,0.0374247413128614,22.69234275817871,2.763537168502808,3.233555555343628,4063.7421875,2.632843017578125,3.225064516067505,1.3429908752441406,0.4732926785945892,1.2451074123382568,15902.8154296875,0.0121892523020505,0.0124676702544093,22.81283950805664,70.07038116455078,92.097900390625,3997.63525390625,0.0142769608646631,0.014104701578617,0.0162086058408021,0.0039896643720567,56.712650299072266,0.1200111433863639,0.0126652009785175,8.15793514251709,0.1184682995080947,0.0126652084290981,7.959088325500488,12.989166259765623,20120.943359375,85.89529418945312,0.0816223472356796,0.013712478801608,7.803194046020508,0.0931435674428939,0.0137124629691243,7.9626617431640625,2.707748413085937,0.0149062676355242,0.6422758102416992,1.3961925506591797,0.011488988995552,0.0121964691206812,3.0941708087921143,0.011488988995552,0.0128532415255904,2168.20458984375,75175.3046875,1.1825408935546875,,0.0117420433089137,0.0126364612951874,,0.0117420433089137,0.0128304827958345,0.0010320779401808,0.0039287731051445,57.02909851074219,0.0212213620543479,0.0126732932403683,210.17724609375,0.0193991754204034,0.0126732932403683,230.2190093994141,0.8359674215316772,19813.7578125,86.37313842773438,0.0148247154429554,0.0137292062863707,,0.0142924487590789,0.0137292062863707,,163.0,0.0585027311031514,0.010474126859358,0.6213973172239962,0.999730806705561,0.0008292867099844,0.0042565197007854,0.0120874263193062,0.6653586827054496,0.011902189707852,0.6659016830509563
sharp_perch_20260903_192448,Transolver,43,False,False,3004856.0,3004299.5644759163,100,112,114,91,19.2219502851367,0.9772066413093844,0.1183532662689685,17.819625854492188,2.767241954803467,3.202777147293091,29100.654296875,2.6186559200286865,3.1967732906341557,2.163447856903076,0.4872911870479584,1.1565021276474,88778.421875,0.0577770806849002,0.0551673360168933,17.90809440612793,63.44078063964844,79.18359375,28767.16015625,0.0467073991894722,0.0447171591222286,0.0191982872784137,0.0237720776349306,44.51798248291016,0.1305698305368423,0.0518513955175876,8.119304656982422,0.1295756995677948,0.0518516823649406,7.851441383361816,16.629131317138672,145309.609375,80.20211791992188,0.0898277759552002,0.0581618100404739,7.707977771759033,0.1027882173657417,0.0581619627773761,7.860064506530762,2.539014339447021,0.0718991383910179,2.833656072616577,1.35214364528656,0.0610159412026405,0.0487139597535133,2.809330463409424,0.0610159412026405,0.0514170229434967,2196.79931640625,439486.6875,5.917495250701904,,0.0628375858068466,0.0527165755629539,,0.0628375858068466,0.0513322129845619,0.0049876477569341,0.0235030967742204,44.75349807739258,0.0504329539835453,0.051739078015089,190.2201690673828,0.0481485351920127,0.051739078015089,197.8849639892578,4.333773612976074,143665.890625,80.62140655517578,0.0353295281529426,0.0580852702260017,,0.0380330979824066,0.0580852702260017,,163.0,0.184929547613416,0.0457922879083399,0.0276792213168255,0.997695301446596,0.0022609211846684,0.0174387476569005,0.0116027220458112,0.6594208723747153,0.011902189707852,0.6659016830509563
simple_spider_20260903_192741,Transolver,43,False,False,3004856.0,3004650.442347668,100,242,243,66,2.5,0.6868367106887564,0.0839171297848224,18.755720138549805,2.820115089416504,3.29114317893982,15631.4033203125,2.6657023429870605,3.2853341102600098,1.8895971775054927,0.4895371496677398,1.2375271320343018,61883.05078125,0.0359676554799079,0.0350574441254138,18.85096549987793,60.94929885864258,79.33052825927734,15372.154296875,0.0298561491072177,0.0287890192121267,0.0180165581405162,0.0147372828796505,46.863914489746094,0.1269473135471344,0.03072658367455,8.302671432495117,0.1250753700733184,0.0307267885655164,8.087419509887695,14.706714630126951,77960.4375,83.5820541381836,0.0865719988942146,0.0343050435185432,7.876229286193848,0.0981499403715133,0.0343050621449947,8.098031997680664,2.6963565349578857,0.0576577372848987,1.9988075494766235,1.400113224983215,0.0359294824302196,0.0325688607990741,3.041639804840088,0.0359294824302196,0.0342130661010742,2197.67138671875,305010.8125,4.554610252380371,,0.0368691645562648,0.0350661426782608,,0.0368691645562648,0.0341515839099884,0.0029126834124326,0.0144968340173363,47.11725616455078,0.0366149954497814,0.0306578911840915,182.78062438964844,0.0340955629944801,0.0306578911840915,198.2769012451172,2.3959436416625977,76687.9296875,84.0281982421875,0.025453807786107,0.0342584885656833,,0.0260542854666709,0.0342584885656833,,163.0,0.1219102262309903,0.0263568559227571,0.1625107826100901,0.9992593639482282,0.0015646611279438,0.0084444534657029,0.0122015434209422,0.6654672277440287,0.011902189707852,0.6659016830509563
smooth_gator_20260909_160028,Transolver,44,True,False,1502428.0,1501245.79355672,50,1,52,52,19.999999962747097,1.0,0.2850922644138336,16.877904891967773,2.822134017944336,3.2752816677093506,109513.0546875,2.657060146331787,3.267035007476806,4.936249732971191,0.5480210185050964,1.4379031658172607,376488.375,0.1620541214942932,0.153249904513359,16.945560455322266,64.28710174560547,88.01763916015625,108019.7265625,0.1223798692226409,0.1157412230968475,0.0340840183198452,0.0781337544322013,42.12160873413086,0.1664551943540573,0.1521376073360443,8.147809028625488,0.1679995059967041,0.1521389931440353,7.9441351890563965,30.46373176574707,547349.1875,77.56140899658203,0.1155712008476257,0.1673450917005539,7.688263893127441,0.1350918710231781,0.1673452705144882,7.94882345199585,2.3608570098876958,0.2681096494197845,9.845712661743164,1.3337994813919067,0.1763625591993332,0.1339010745286941,3.3660480976104736,0.1763625591993332,0.1405287683010101,2099.875,1878197.25,22.425241470336918,,0.1791598945856094,0.1449483335018158,,0.1791598945856094,0.1402949094772339,0.0209540091454982,0.0770709514617919,42.30440902709961,0.1106359437108039,0.1518549472093582,192.5988006591797,0.1110609024763107,0.1518549472093582,219.8571014404297,18.785694122314453,539905.3125,77.87377166748047,0.0775867775082588,0.1671729534864425,,0.0900253504514694,0.1671729534864425,,163.0,0.5473475025581948,0.172570676130646,-20.15709694016553,0.9474973804442056,0.0073531414435613,0.0641504260587221,0.0120631643245993,0.6666275590898177,0.011902189707852,0.6659016830509563
sought_lab_20260909_160029,Transolver,45,True,False,1502428.0,1501245.79355672,50,1,52,52,19.999999962747097,1.0,0.2778763920068741,16.868078231811523,2.8379266262054443,3.2768497467041016,88251.03125,2.6630218029022217,3.26745080947876,4.6992669105529785,0.5632272362709045,1.4966270923614502,327511.53125,0.1579135358333587,0.1485161334276199,16.936994552612305,64.42858123779297,88.19171142578125,86912.0859375,0.1219775006175041,0.1165798008441925,0.0364647135138511,0.0629566833376884,42.10224914550781,0.1741428077220916,0.1464785039424896,8.193158149719238,0.1751663088798523,0.1464794874191284,7.943717956542969,32.70570755004883,441032.625,78.55648803710938,0.1204715222120285,0.1619102656841278,7.70668363571167,0.1398683786392212,0.161910206079483,7.947803020477295,2.5943892002105717,0.2330943346023559,9.037230491638184,1.3884307146072388,0.1738149225711822,0.1274359971284866,3.5206265449523926,0.1738149225711822,0.1340333670377731,2306.67333984375,1632904.0,20.18441390991211,,0.177919790148735,0.1379072666168213,,0.177919790148735,0.1338143050670623,0.0220341738313436,0.0620045997202396,42.28945159912109,0.1185893639922142,0.1461502760648727,193.02101135253903,0.1178777441382408,0.1461502760648727,220.28831481933597,19.876821517944336,434362.90625,78.88684844970703,0.0822824239730835,0.1616725772619247,,0.0940334126353263,0.1616725772619247,,163.0,0.5685294974222476,0.1604089184543535,-7.38320416272172,0.9759988350489,0.0069665424195176,0.0590990103931136,0.0106952725406816,0.6423001115156649,0.011902189707852,0.6659016830509563
still_slug_20260901_101427,Transolver,43,False,False,1502428.0,1502375.0498843938,50,121,121,34,2.6953125,0.7040764737392962,0.1644365563988685,15.82108211517334,2.7959837913513184,3.2495734691619877,47257.66015625,2.648178577423096,3.245145559310913,2.6665263175964355,0.5091867446899414,1.1681262254714966,165601.765625,0.0789187401533126,0.0752309039235115,15.895475387573242,57.49785232543945,71.75362396240234,46595.87890625,0.0640711933374404,0.0615877993404865,0.0248870104551315,0.0368936695158481,39.509368896484375,0.1440156251192093,0.0698457509279251,8.174089431762695,0.1419203281402588,0.0698461458086967,7.947090148925781,21.148815155029297,236085.265625,80.36668395996094,0.0983742401003837,0.0796707198023796,7.76648998260498,0.1121781468391418,0.0796706900000572,7.960850238800049,2.6031551361083984,0.1286986619234085,3.9988112449646,1.3794951438903809,0.0821422189474105,0.0659228786826133,2.8088479042053223,0.0821422189474105,0.0703964084386825,2213.9853515625,823562.375,9.207880973815918,,0.08513705432415,0.0727004185318946,,0.08513705432415,0.0702778249979019,0.0103427181020379,0.0363803394138813,39.71015548706055,0.0709127560257911,0.069700002670288,172.3529510498047,0.06700449436903,0.069700002670288,179.28221130371094,8.77883243560791,232800.296875,80.7687759399414,0.048559371381998,0.0795830190181732,,0.0525901913642883,0.0795830190181732,,163.0,0.2640929492504974,0.0678298860392411,-1.0216810141533532,0.9957467652932176,0.003241450739441,0.0235040467747142,0.0120466254870604,0.6556844851201226,0.011902189707852,0.6659016830509563
sunny_minnow_20260903_163421,Transolver,44,False,False,6009712.0,6007820.22114443,200,1121,1126,57,-0.703125,0.3207102045510107,0.0374746918678283,16.03604507446289,2.6111202239990234,3.073481321334839,5630.46044921875,2.4986276626586914,3.068832874298096,1.5047085285186768,0.5002062916755676,1.6085121631622314,19019.314453125,0.0149549301713705,0.0158788580447435,16.118078231811523,45.70320510864258,71.68499755859375,5555.478515625,0.0158773027360439,0.0157436002045869,0.0193287841975688,0.0066791144199669,40.06744003295898,0.1228461563587188,0.013527937233448,7.696986198425293,0.1204262673854827,0.0135279484093189,7.556512832641602,13.51813507080078,27975.462890625,74.900634765625,0.0839645266532898,0.0141461268067359,7.397772312164307,0.0921418070793151,0.014146102592349,7.572867393493652,3.200592517852783,0.021637188270688,0.550359845161438,1.4702059030532837,0.0131910359486937,0.0172219090163707,3.997411966323853,0.0131910359486937,0.0172726511955261,2233.387451171875,90627.3828125,1.2075684070587158,,0.0131944278255105,0.016715433448553,,0.0131944278255105,0.0172210745513439,0.001389609882608,0.0065953452140092,40.29050827026367,0.024843206629157,0.0135258864611387,137.07125854492188,0.023088976740837,0.0135258864611387,179.18264770507812,0.998338520526886,27624.763671875,75.31626892089844,0.0176050700247287,0.0141495345160365,,0.0165406335145235,0.0141495345160365,,163.0,0.0444267912395961,0.0136226853221801,0.7785950994293832,0.9995254063892222,0.0006280852931925,0.0051624177836503,0.0119286009822556,0.6671941936950498,0.011902189707852,0.6659016830509563
sunny_newt_20260903_163426,Transolver,45,False,False,12019425.0,12017477.897648329,400,1014,1013,257,2.36328125,0.6933314863604254,0.029932833276689,20.526386260986328,2.788038969039917,3.2556755542755127,271.35943603515625,2.6518659591674805,3.248436689376831,1.126911759376526,0.4716346263885498,1.3614972829818726,1496.8646240234375,0.0087023619562387,0.0091010676696896,20.63586807250977,61.916263580322266,84.70951080322266,264.4397888183594,0.0120002385228872,0.0118786999955773,0.0159926041960716,0.0002270864497404,51.29985809326172,0.1192966997623443,0.0092900590971112,8.235529899597168,0.1175069510936737,0.0092900451272726,8.017036437988281,12.711906433105469,1150.04638671875,90.66341400146484,0.0811717957258224,0.0100547289475798,7.864370822906494,0.0917035043239593,0.0100546879693865,8.024361610412598,2.760993003845215,0.0006123390630818,0.0559802055358886,1.3972742557525637,0.0079716369509696,0.0096579985693097,3.3901162147521973,0.0079716369509696,0.0096413837745785,2191.47900390625,3101.091552734375,0.1365769803524017,,0.0080678192898631,0.0093369036912918,,0.0080678192898631,0.0096176918596029,0.0005162935121916,0.0002249053504783,51.58903884887695,0.0202852971851825,0.0092990919947624,185.7192230224609,0.0180999189615249,0.0092990919947624,211.75100708007807,0.4273331761360168,1138.9967041015625,91.17379760742188,0.0139290569350123,0.0100714210420846,,0.0127823408693075,0.0100714210420846,,163.0,0.0327812847957304,0.0090768978723104,0.9434144458199945,0.999887567476408,0.0004452310979937,0.003391985404495,0.011940141474724,0.6663285478837077,0.011902189707852,0.6659016830509563
sure_gar_20260903_163423,Transolver,44,False,False,24038851.0,24038660.9272973,800,1230,1236,652,6.40625,0.9051351778993636,0.0222928887233138,21.251895904541016,2.853878974914551,3.331418752670288,188.73204040527344,2.709052085876465,3.323498487472534,1.1101478338241575,0.4763101041316986,1.2795588970184326,1046.649658203125,0.0069155860692262,0.0071484930813312,21.365575790405277,68.04036712646484,90.2501983642578,183.89503479003903,0.0105172581970691,0.0104271247982978,0.0157674793154001,0.0001169664756162,53.11391067504883,0.1202794760465622,0.0085879229009151,8.432769775390625,0.1183217167854309,0.0085879070684313,8.205930709838867,12.82630729675293,734.8703002929688,91.56861877441406,0.0816334933042526,0.0093788458034396,8.036144256591797,0.0923707112669944,0.0093787908554077,8.211686134338379,2.749749660491944,0.0001214176809298,0.0255592949688434,1.4149433374404907,0.0065873474813997,0.0073995222337543,3.188206195831299,0.0065873474813997,0.0073974281549453,2235.1533203125,762.8285522460938,0.0564587004482746,,0.0066826986148953,0.0071484735235571,,0.0066826986148953,0.0073813903145492,0.0003513502597343,0.0001169420647784,53.41352844238281,0.0169018879532814,0.008603498339653,204.09559631347656,0.0152725987136363,0.008603498339653,225.6059112548828,0.294644683599472,734.7164306640625,92.08473205566406,0.0116325598210096,0.0094019565731287,,0.0109397079795598,0.0094019565731287,,163.0,0.0299579058486255,0.0065052134181081,0.9678603227468312,0.9999247974788904,0.0003901389041873,0.0028096611454257,0.0118711921919067,0.6665792876706214,0.011902189707852,0.6659016830509563
sweet_sawfly_20260901_214752,Transolver,43,False,False,1502428.0,1501361.4356329143,50,448,447,1,-6.25,0.0583843645841616,0.1322373077273368,15.274136543273926,2.49910831451416,2.9994513988494877,30010.294921875,2.4133780002593994,3.011854648590088,3.32551646232605,0.5682781338691711,2.389565706253052,96741.8515625,0.0673480331897735,0.0764235481619834,15.341580390930176,30.92329406738281,59.132774353027344,29636.291015625,0.049551784992218,0.0504883714020252,0.0421362742781639,0.0765733495354652,38.10491943359375,0.1290933787822723,0.051934503018856,7.316296577453613,0.1293637156486511,0.0519345439970493,7.343297481536865,17.145559310913086,149883.15625,67.01702880859375,0.0902601182460784,0.0523532181978225,7.097520351409912,0.1016848236322403,0.052353236824274,7.4017744064331055,5.1006760597229,0.2450394481420517,3.090595245361328,1.566691279411316,0.0469514094293117,0.0911916568875312,5.858705520629883,0.0469514094293117,0.0917329937219619,2031.502685546875,479634.5,5.877030849456787,,0.0467718094587326,0.0879242569208145,,0.0467718094587326,0.0912494137883186,0.0136239007115364,0.0756293311715126,38.30250930786133,0.0633893907070159,0.0519834533333778,92.65450286865234,0.0649462565779686,0.0519834533333778,147.74099731445312,5.787517070770264,148035.15625,67.36207580566406,0.0466938316822052,0.0524097345769405,,0.0495276898145675,0.0524097345769405,,163.0,0.2939890891731978,0.0492761219302944,-1.00799623439167,0.9980641388087016,0.0037936904574478,0.0195953178795881,0.009054679268391,0.6515412880610825,0.011902189707852,0.6659016830509563
top_duck_20260909_160034,Transolver,45,True,False,12019425.0,12008783.049324974,400,1,397,397,19.999999962747097,1.0,0.0373550113290548,23.80725479125977,2.811620712280273,3.2783870697021484,4183.09326171875,2.6643288135528564,3.2700424194335938,1.415153980255127,0.4747248888015747,1.270243763923645,18087.84375,0.012668227776885,0.0128565235063433,23.933629989624023,71.41385650634766,93.67938232421876,4105.3896484375,0.0143506387248635,0.0142458705231547,0.01627903804183,0.0041059819050133,59.49980163574219,0.1198742240667343,0.012942811474204,8.302044868469238,0.1189381182193756,0.0129428170621395,8.070557594299316,13.022326469421388,20707.421875,90.99979400634766,0.081555888056755,0.0139477849006652,7.897482395172119,0.0941976457834243,0.0139477765187621,8.073933601379395,2.7367022037506104,0.0170650836080312,0.7926502227783203,1.3993511199951172,0.0124152703210711,0.0124082434922456,3.1564009189605717,0.0124152703210711,0.0130006689578294,2186.938720703125,86062.6328125,1.353025197982788,,0.0126126399263739,0.0127238146960735,,0.0126126399263739,0.0129784643650054,0.000940190104302,0.0040336018428206,59.83111953735352,0.0210614819079637,0.01294179353863,214.20758056640625,0.0193855985999107,0.01294179353863,234.17259216308597,0.7643779516220093,20342.41015625,91.50531005859376,0.0147456461563706,0.0139556312933564,,0.0143909901380538,0.0139556312933564,,163.0,0.0609891544973837,0.0096600818046101,0.6710243490371861,0.9998532864270002,0.0008493106284703,0.0037356958764168,0.0120902992991063,0.666484451746876,0.011902189707852,0.6659016830509563
tops_akita_20260903_041803,Transolver,44,False,False,6009712.0,6008727.283630662,200,941,940,79,-0.15625,0.3848948458393663,0.0388031434267759,15.857783317565918,2.557747840881348,3.0219414234161377,5765.00927734375,2.453699827194214,3.0153088569641118,1.6318120956420898,0.5119398236274719,1.6386168003082275,18132.08203125,0.0147613529115915,0.0157467331737279,15.938104629516602,48.79638671875,75.34638214111328,5695.7431640625,0.0154575780034065,0.0156275555491447,0.0195621475577354,0.0065852236002683,39.6216049194336,0.1264532506465912,0.0130555378273129,7.533734798431396,0.1235551536083221,0.0130555499345064,7.424771308898926,14.139348030090332,28655.0234375,70.87240600585938,0.0861950889229774,0.0138124804943799,7.261091709136963,0.0944337099790573,0.0138124553486704,7.436932563781738,3.2679216861724854,0.0197500027716159,0.8017333149909973,1.5062568187713623,0.012373711913824,0.0171890258789062,4.072941303253174,0.012373711913824,0.0174138620495796,2358.465087890625,85939.9296875,1.7779052257537842,,0.0125010646879673,0.0170216411352157,,0.0125010646879673,0.0173695646226406,0.0012444780441001,0.0065116244368255,39.84075927734375,0.0243817660957574,0.0130575541406869,146.35171508789062,0.0227984599769115,0.0130575541406869,188.3366241455078,0.9180106520652772,28334.35546875,71.26235961914062,0.0170952416956424,0.0138199143111705,,0.0165313743054866,0.0138199143111705,,163.0,0.0553414664242986,0.010142888540547,0.6551771752959303,0.9998331668239836,0.0007972864892207,0.004117830697235,0.0124205990310003,0.667560187215326,0.011902189707852,0.6659016830509563
tops_boa_20260902_114738,Transolver,44,False,False,1502428.0,1501111.5636470914,50,382,385,5,-2.563819326460361,0.1540515617252973,0.1009341329336166,14.724112510681152,2.584092140197754,3.0694730281829834,20883.89453125,2.478863000869751,3.07328200340271,2.567077159881592,0.5239152908325195,1.6345148086547852,77606.4375,0.0455346219241619,0.0502058006823062,14.79278564453125,35.83030700683594,58.93771362304688,20566.55078125,0.0357720628380775,0.0355839021503925,0.0276011973619461,0.0368997380137443,36.76422882080078,0.1287101358175277,0.03531114757061,7.588254928588867,0.1277245879173278,0.0353111587464809,7.528302192687988,16.28557777404785,104252.7578125,67.07178497314453,0.089051529765129,0.0370998047292232,7.310437202453613,0.0983840450644493,0.037099752575159,7.56627082824707,3.730619430541992,0.1357976198196411,2.61917495727539,1.4788061380386353,0.0351278483867645,0.0578118786215782,4.010857105255127,0.0351278483867645,0.0578655526041984,2177.37060546875,383666.21875,5.625667095184326,,0.0353555791079998,0.055713664740324,,0.0353555791079998,0.0576309114694595,0.0067206658422946,0.0363464541733264,36.957069396972656,0.0482237488031387,0.0352917462587356,107.40740203857422,0.0470059961080551,0.0352917462587356,147.27963256835938,4.097242832183838,102689.7265625,67.41859436035156,0.0344463810324668,0.0370977483689785,,0.0348269790410995,0.0370977483689785,,163.0,0.1286422403844819,0.0250774184316646,0.0186029479220615,0.9996044710081337,0.001665000275596,0.0076435261174981,0.0123388842943318,0.6663676038232973,0.011902189707852,0.6659016830509563
tough_jay_20260903_163420,Transolver,45,False,False,24038851.0,24038118.11969437,800,950,949,732,13.75,0.9712497193584916,0.025963588617742,23.031681060791016,2.89752459526062,3.4067599773406982,224.775390625,2.7729175090789795,3.399249792098999,1.062208890914917,0.4658965766429901,1.244888186454773,1111.0826416015625,0.0070444657467305,0.0072515127249062,23.155664443969727,72.44673919677734,94.70233154296876,219.78250122070312,0.0110549200326204,0.0109828868880867,0.0151097178459167,0.0001570142194395,57.56401062011719,0.1173118278384208,0.008669689297676,8.5665922164917,0.1157239824533462,0.0086696790531277,8.396841049194336,12.384761810302734,901.7598266601562,98.6738052368164,0.0796592533588409,0.009474316611886,8.229618072509766,0.0909030437469482,0.0094742598012089,8.402483940124512,2.623136520385742,0.0002190667873946,0.0322762206196785,1.383567452430725,0.0066413595341145,0.0074808318167924,3.1013851165771484,0.0066413595341145,0.00751484464854,2148.565185546875,1258.137939453125,0.072300985455513,,0.0067558451555669,0.0073330863378942,,0.0067558451555669,0.0074993465095758,0.0004053491284139,0.0001566680875839,57.88867568969727,0.0184453520923852,0.0086870277300477,217.3130798339844,0.0164787173271179,0.0086870277300477,236.7349853515625,0.340329647064209,899.7720336914062,99.22989654541016,0.0126101644709706,0.0094996755942702,,0.011724492534995,0.0094996755942702,,163.0,0.0316430630011442,0.0079889850214655,0.9623694766689468,0.9999063218146712,0.0004139778948638,0.0030414778956503,0.0118122896130488,0.6662369202180225,0.011902189707852,0.6659016830509563
true_urchin_20260903_163425,Transolver,45,False,False,6009712.0,6009668.327847078,200,401,401,141,3.75,0.8018528742573375,0.040497625246644,22.58254814147949,2.8027026653289795,3.2864010334014893,2223.697509765625,2.687391757965088,3.279026508331299,1.4633888006210327,0.4804358780384063,1.3184053897857666,10115.0419921875,0.0162908509373664,0.016500849276781,22.70174217224121,64.42298889160156,87.60174560546875,2179.56396484375,0.0157389752566814,0.0153481336310505,0.0171415880322456,0.0023561452981084,56.43804931640625,0.1196515932679176,0.0157285630702972,8.272727012634277,0.1187251955270767,0.015728635713458,8.089412689208984,12.98271942138672,10905.0546875,93.7335205078125,0.0814350470900535,0.0167112983763217,7.964028835296631,0.0933411046862602,0.0167112499475479,8.095869064331055,2.897555351257324,0.0099802864715456,0.7559266090393066,1.4094457626342771,0.0156380832195281,0.0162238273769617,3.271279573440552,0.0156380832195281,0.0169149059802293,2190.3466796875,46191.59375,1.4619320631027222,,0.0157386343926191,0.0168430674821138,,0.0157386343926191,0.0168819557875394,0.0009017267730087,0.0023135566152632,56.75229644775391,0.0208637900650501,0.0157232079654932,193.23239135742188,0.0196965932846069,0.0157232079654932,218.9768218994141,0.7058327794075012,10707.900390625,94.25377655029295,0.0147624881938099,0.0167154632508754,,0.0146644692867994,0.0167154632508754,,163.0,0.0628552535054494,0.0133033182610675,0.7767058445781216,0.9995157702476276,0.0008331956553974,0.0064716430514862,0.0119058382250114,0.6653264400430339,0.011902189707852,0.6659016830509563
up_cougar_20260909_160026,Transolver,43,True,False,6009712.0,6008674.553966716,200,1,200,200,19.999999962747097,1.0,0.0844925008714199,20.251440048217773,2.707897901535034,3.127631425857544,22797.158203125,2.543299674987793,3.1193060874938965,2.578786373138428,0.4781751930713653,1.267379879951477,73056.015625,0.0335405394434928,0.0327369384467601,20.351303100585938,67.48683166503906,87.5489501953125,22515.92578125,0.0299943350255489,0.028747284784913,0.0184203926473855,0.0240197088569402,50.59817123413086,0.1223340034484863,0.0323732756078243,7.968986511230469,0.1218546330928802,0.0323734320700168,7.681037425994873,15.01335906982422,113813.765625,71.00011444091797,0.0833716914057731,0.036483347415924,7.510044097900391,0.0962716042995452,0.0364833548665046,7.683752059936523,2.561359405517578,0.0762073025107383,3.8475027084350586,1.370711088180542,0.0335529185831546,0.0302616748958826,3.1197338104248047,0.0335529185831546,0.0319393575191497,2084.906005859375,361097.21875,6.519213676452637,,0.0344228260219097,0.032658252865076,,0.0344228260219097,0.0318939909338951,0.004082185216248,0.0237278416752815,50.86231231689453,0.0335424281656742,0.0323444902896881,202.3946075439453,0.032029204070568,0.0323444902896881,218.82415771484372,3.34197998046875,112430.2109375,71.36418914794922,0.0235016252845525,0.0364870466291904,,0.0248774047940969,0.0364870466291904,,163.0,0.103659045242689,0.0294471048192263,0.3254057433841097,0.9985763223961618,0.0013325912894597,0.0108139307148146,0.0121993335151016,0.6612801423220973,0.011902189707852,0.6659016830509563
up_flea_20260903_163420,Transolver,45,False,False,24038851.0,24038525.670424517,800,1020,1024,711,10.625,0.9557323759160544,0.0242319321259856,22.433408737182617,2.8523614406585693,3.326702117919922,305.2535400390625,2.707345485687256,3.3190624713897705,1.049641728401184,0.4651685059070587,1.2393988370895386,1334.683349609375,0.0069754533469676,0.0072269369848072,22.55406188964844,70.6865463256836,91.83168029785156,299.4683532714844,0.0108451191335916,0.010759430937469,0.0149357048794627,0.0002281839842908,56.06847381591797,0.1177784278988838,0.0085836453363299,8.430721282958984,0.1160942614078521,0.0085836313664913,8.196369171142578,12.298717498779297,1308.8778076171875,96.39620971679688,0.0799793601036071,0.0093574970960617,8.032699584960938,0.0913464054465293,0.0093574374914169,8.201630592346191,2.593435287475586,0.0004193056374788,0.0304591413587331,1.3814736604690552,0.0066244797781109,0.0074074105359613,3.087692975997925,0.0066244797781109,0.0074918456375598,2134.055908203125,2405.16748046875,0.0686455741524696,,0.0067283399403095,0.0072225662879645,,0.0067283399403095,0.0074762357398867,0.0003975442959927,0.0002271224657306,56.3846435546875,0.0179611332714557,0.0085997087880969,212.03306579589844,0.0160850044339895,0.0085997087880969,229.55880737304688,0.3353871405124664,1302.7926025390625,96.9392318725586,0.0123089598491787,0.0093812774866819,,0.0114485071972012,0.0093812774866819,,163.0,0.0315458619197455,0.008518997241842,0.9624670247206416,0.9999015587979112,0.0004093936483702,0.0032023163056579,0.0119337236160156,0.6658781637267991,0.011902189707852,0.6659016830509563
up_fox_20260903_163423,Transolver,43,False,False,12019425.0,12019392.132866204,400,584,585,336,6.8359375,0.9164548531947364,0.0315391104668378,21.08701515197754,2.77966570854187,3.229408025741577,619.835205078125,2.6222076416015625,3.2225430011749268,1.128129243850708,0.4664473831653595,1.1591699123382568,3124.229248046875,0.0104078538715839,0.0107820099219679,21.199657440185547,64.98759460449219,84.0455551147461,605.7779541015625,0.0121067408472299,0.0120291784405708,0.0154324444010853,0.000570599513594,52.70182037353516,0.1188736036419868,0.0106393070891499,8.209484100341797,0.1168479472398758,0.0106392903253436,7.951352596282959,12.542119026184082,2903.611083984375,85.24038696289062,0.0810963362455368,0.0115614458918571,7.773965358734131,0.0913702696561813,0.0115613834932446,7.959206581115723,2.665414333343506,0.0022191726602613,0.1537991911172866,1.3787137269973757,0.0100138448178768,0.0106146223843097,2.881809949874878,0.0100138448178768,0.0111076887696981,2164.10400390625,11292.44140625,0.2487338930368423,,0.0101760458201169,0.0106396628543734,,0.0101760458201169,0.0110849905759096,0.0004893377772532,0.0005613663233816,52.99837875366211,0.0181213337928056,0.010639133863151,194.93402099609372,0.0166527573019266,0.010639133863151,210.0919342041016,0.4090053141117096,2856.63232421875,85.71979522705078,0.0126440422609448,0.0115694403648376,,0.0122590474784374,0.0115694403648376,,163.0,0.0388574933875746,0.0101504417930689,0.9363126021446972,0.9998894717366,0.0005061263379093,0.0033890212730472,0.0119154454878779,0.6655127882456702,0.011902189707852,0.6659016830509563
valid_marten_20260903_163423,Transolver,45,False,False,12019425.0,12019270.344973443,400,871,872,276,3.046875,0.7634300086880108,0.0289026526734232,20.15774345397949,2.7586073875427246,3.198209285736084,211.4222717285156,2.6024012565612797,3.1912078857421875,1.11979079246521,0.4734687507152557,1.312910079956055,1307.9400634765625,0.0081794746220111,0.0084839733317494,20.2651481628418,63.13063049316406,83.72517395019531,205.2305603027344,0.011260587722063,0.011214829981327,0.0159223973751068,0.0001634903746889,50.37835311889648,0.1186170056462287,0.0089525738731026,8.148252487182617,0.1172617822885513,0.0089525710791349,7.873785018920898,12.629018783569336,853.2720336914062,89.29063415527344,0.0806020125746727,0.0096519412472844,7.716949462890625,0.0918816179037094,0.0096518909558653,7.881312370300293,2.7603816986083984,0.0004149920714553,0.0388878546655178,1.4038995504379272,0.0078564435243606,0.0086501603946089,3.269592523574829,0.0078564435243606,0.008754663169384,2186.823486328125,2165.87255859375,0.0906169712543487,,0.0079835634678602,0.0083753867074847,,0.0079835634678602,0.0087341796606779,0.000449416169431,0.0001620633120182,50.66234588623047,0.0186425950378179,0.0089604295790195,189.36428833007807,0.0168192945420742,0.0089604295790195,209.2916412353516,0.3705503642559051,845.8246459960938,89.79358673095703,0.0128555865958333,0.0096655888482928,,0.0119894500821828,0.0096655888482928,,163.0,0.0322773967712778,0.007800210665803,0.9620980786891556,0.9999154737289256,0.0004327245735943,0.003040382856131,0.0120050257744107,0.6666941468269085,0.011902189707852,0.6659016830509563
valued_fowl_20260902_184014,Transolver,45,False,False,1502428.0,1500731.36350362,50,186,186,25,0.99609375,0.5268769275125783,0.115432821214199,14.986807823181152,2.70363998413086,3.130018949508667,43742.04296875,2.5523970127105717,3.125234603881836,3.201288938522339,0.5043772459030151,1.236677885055542,151876.875,0.0568237602710723,0.0558699406683445,15.053454399108888,53.6942024230957,70.00879669189453,43136.0703125,0.0423075631260871,0.0407948344945907,0.0198840666562318,0.0361270532011985,37.42906951904297,0.12974314391613,0.0462935157120227,7.934883117675781,0.1271627247333526,0.0462936796247959,7.674737930297852,16.391456604003906,218528.859375,74.2792739868164,0.0878219380974769,0.0524004809558391,7.516968250274658,0.0991866141557693,0.0524002946913242,7.687699317932129,2.5617332458496094,0.1248410195112228,5.3790693283081055,1.405234456062317,0.0534336939454078,0.0544635728001594,3.008634328842163,0.0534336939454078,0.056343637406826,2111.615478515625,755132.4375,14.354007720947266,,0.0551324672996997,0.0585150569677352,,0.0551324672996997,0.0562386773526668,0.0055473940446972,0.0356300510466098,37.61027526855469,0.0472332723438739,0.0462040565907955,160.9891815185547,0.0448013879358768,0.0462040565907955,174.95408630371094,4.573958873748779,215521.984375,74.61795806884766,0.032265119254589,0.0523500107228755,,0.0350172482430934,0.0523500107228755,,163.0,0.1894349550782628,0.0337549017502395,-0.5446476440863459,0.9987744047248912,0.0023261164258024,0.0132881304480374,0.0123566302920176,0.6618539481884513,0.011902189707852,0.6659016830509563
vast_mutt_20260903_163422,Transolver,44,False,False,12019425.0,12019392.132866204,400,584,585,336,6.8359375,0.9164548531947364,0.0303716771304607,20.12240600585937,2.6326701641082764,3.106882095336914,554.425048828125,2.536951303482056,3.0995569229125977,1.2130898237228394,0.4796176254749298,1.1723930835723877,2478.04638671875,0.0098670609295368,0.0102622872218489,20.2291202545166,62.508148193359375,81.97542572021484,543.6331176757812,0.0122280642390251,0.0121436724439263,0.0162558369338512,0.0005068213213235,50.28950500488281,0.1227080896496772,0.0103501603007316,7.764951705932617,0.1199326738715171,0.0103501742705702,7.642096996307373,13.234990119934082,2579.005615234375,83.3248519897461,0.0837279260158538,0.0113219330087304,7.515803813934326,0.093082956969738,0.0113218957558274,7.650148391723633,2.813601016998291,0.0015352688496932,0.2183558940887451,1.4193214178085327,0.009367729537189,0.0101638175547122,2.915670394897461,0.009367729537189,0.0106285251677036,2288.5712890625,7812.341796875,0.3738777637481689,,0.0095744309946894,0.0101596917957067,,0.0095744309946894,0.0106062144041061,0.0004817054141312,0.0005010765162296,50.57207107543945,0.0188158024102449,0.0103546986356377,187.49526977539065,0.0171254836022853,0.0103546986356377,204.916259765625,0.4038087725639343,2549.7724609375,83.79277801513672,0.0131216747686266,0.0113344546407461,,0.0125482808798551,0.0113344546407461,,163.0,0.0367930500112407,0.008085853341126,0.9368878846255276,0.999906845741187,0.0004874503542999,0.003176212192786,0.012117795821476,0.6666313452204938,0.011902189707852,0.6659016830509563
vast_vervet_20260902_133155,Transolver,45,False,False,1502428.0,1502079.0524169356,50,56,58,48,19.999999962747097,0.9725103510974054,0.2754541635513305,16.658811569213867,2.8774781227111816,3.3355929851531982,87383.8828125,2.721376419067383,3.327094316482544,4.261282444000244,0.5442903637886047,1.3623852729797363,320477.53125,0.1414117813110351,0.1348631829023361,16.72896385192871,63.53267288208008,84.89472961425781,86077.6328125,0.1119870394468307,0.106812335550785,0.0344577878713607,0.0591971091926097,41.582969665527344,0.1718968600034713,0.1294928193092346,8.33104419708252,0.1713888645172119,0.1294934302568435,8.1028470993042,31.709142684936523,436687.6875,84.14359283447266,0.1189780756831169,0.1430336087942123,7.902116775512695,0.1352501511573791,0.1430335938930511,8.110968589782715,2.523959159851074,0.2165885120630264,8.020952224731445,1.364785075187683,0.1499590426683426,0.1181269362568855,3.205119371414185,0.1499590426683426,0.1258641332387924,2302.52490234375,1597743.125,19.70417022705078,,0.1532966345548629,0.1295269429683685,,0.1532966345548629,0.1256464719772339,0.0204134508967399,0.0583147965371608,41.77284240722656,0.1168084070086479,0.1292469054460525,190.3519744873047,0.1139862537384033,0.1292469054460525,212.0581970214844,18.898212432861328,430181.34375,84.50820922851562,0.0810952931642532,0.1428787857294082,,0.0887791067361831,0.1428787857294082,,163.0,0.5244470635699414,0.1230733900224153,-13.01504194489727,0.9642472006082266,0.0066208200016172,0.0588327576783711,0.0090142362307997,0.6322288227081589,0.011902189707852,0.6659016830509563
viable_impala_20260909_160026,Transolver,44,True,False,3004856.0,3004756.8657952696,100,1,101,101,19.999999962747097,1.0,0.1455986648797989,18.44528007507324,2.8504538536071777,3.285251379013061,49682.5859375,2.6625289916992188,3.2792611122131348,3.01926851272583,0.4853419065475464,1.1858607530593872,166160.84375,0.0682971253991127,0.0647650733590126,18.53250312805176,66.47622680664062,82.78347778320312,49031.3046875,0.0525630638003349,0.0496946759521961,0.0191774275153875,0.039696380496025,46.07417678833008,0.1292817294597625,0.0638116002082824,8.358267784118652,0.1286105215549469,0.06381206959486,8.052611351013184,16.78076934814453,248220.515625,79.42469787597656,0.0886966213583946,0.070549376308918,7.828340530395508,0.1025364100933075,0.0705496743321418,8.060340881347656,2.356298446655273,0.1322002112865448,5.125772476196289,1.3263285160064695,0.0734831243753433,0.0562140569090843,2.8681800365448,0.0734831243753433,0.0597304329276084,2060.19287109375,826661.3125,11.242274284362791,,0.0750112906098365,0.0615829639136791,,0.0750112906098365,0.0596419684588909,0.0059924451634287,0.0391792468726635,46.30567169189453,0.0495084971189498,0.0636959820985794,199.3154754638672,0.0486531853675842,0.0636959820985794,206.87820434570312,5.2525129318237305,244986.40625,79.81005096435547,0.034644991159439,0.0704811364412307,,0.0393014475703239,0.0704811364412307,,163.0,0.2380986874106259,0.0605495607385014,-1.8167262860316384,0.9969751976451332,0.0030806995072113,0.0191613568668847,0.0121488239043339,0.6590692017774996,0.011902189707852,0.6659016830509563
wanted_possum_20260903_163420,Transolver,43,False,False,12019425.0,11995016.790014043,400,1301,1301,222,1.2109375,0.5574272502061667,0.0274965716525912,20.747777938842773,2.87414813041687,3.357130527496338,944.5429077148438,2.730325222015381,3.3502564430236816,1.2455940246582031,0.4886032342910766,1.4546793699264526,4332.83349609375,0.0098453089594841,0.0103559531271457,20.85785484313965,60.688262939453125,85.54524993896484,925.54638671875,0.0126615148037672,0.0125088570639491,0.0172680877149105,0.0009238794445991,51.85171127319336,0.1212535202503204,0.0102046513929963,8.490985870361328,0.1196734681725502,0.0102046635001897,8.268050193786621,13.097991943359377,4512.18505859375,92.16663360595705,0.082361988723278,0.0108131607994437,8.097800254821777,0.0931869000196456,0.0108131282031536,8.277047157287598,2.9708943367004395,0.0035146640148013,0.1413334012031555,1.4458900690078735,0.0089772175997495,0.0109425084665417,3.621158361434937,0.0089772175997495,0.0110514964908361,2248.898681640625,17165.763671875,0.3032021522521972,,0.0090186996385455,0.0106719173491001,,0.0090186996385455,0.0110245794057846,0.0006152450805529,0.0009093774715438,52.1435661315918,0.0208708010613918,0.0102125443518161,182.03370666503903,0.0188418067991733,0.0102125443518161,213.83917236328125,0.491241991519928,4441.3798828125,92.6847152709961,0.0144957266747951,0.0108273038640618,,0.0133496336638927,0.0108273038640618,,163.0,0.0414071718102145,0.010284296342589,0.8612095245028493,0.999842026557496,0.0005698823211672,0.0036362211769088,0.0120034399700495,0.6666710339582504,0.011902189707852,0.6659016830509563
warm_panda_20260904_121143,Transolver,44,False,False,3004856.0,3003862.355948098,100,373,372,48,0.8984375,0.5141089830733248,0.0566664785146713,17.19658088684082,2.6483302116394043,3.122335195541382,16170.2158203125,2.5456743240356445,3.1175878047943115,2.065469980239868,0.4827935993671417,1.3351932764053345,73121.859375,0.0255013927817344,0.0261208117008209,17.282005310058594,52.87370300292969,74.267578125,15850.8623046875,0.0217203758656978,0.0214650034904479,0.0179317966103553,0.0168194230645895,42.965110778808594,0.1208387687802314,0.0213923063129186,7.802759647369385,0.119178220629692,0.0213923677802085,7.675963401794434,13.39714813232422,80668.1796875,78.05293273925781,0.082276239991188,0.0227008331567049,7.532045364379883,0.0927670821547508,0.0227007921785116,7.689851760864258,2.786188125610352,0.0753608122467994,2.339806318283081,1.3983004093170166,0.0232575181871652,0.0268229208886623,3.2988343238830566,0.0232575181871652,0.0275202859193086,2078.740234375,361440.96875,5.442979335784912,,0.0234425570815801,0.0275602284818887,,0.0234425570815801,0.027459941804409,0.0023222288582473,0.0164912436157464,43.1944465637207,0.0296835955232381,0.0213604234158992,158.570068359375,0.0279872938990592,0.0213604234158992,185.6302795410156,1.7503069639205933,79093.890625,78.46255493164062,0.0207605455070734,0.0226802080869674,,0.0208574011921882,0.0226802080869674,,163.0,0.0875519402661644,0.0177676768859196,0.0882144527747486,0.9995376407604404,0.0012428012201807,0.006939311553766,0.0119128994144536,0.6648206047743281,0.011902189707852,0.6659016830509563
wired_condor_20260903_163428,Transolver,45,False,False,24038851.0,24038068.119517595,800,880,880,760,18.75,0.9843204858321644,0.0255128862336277,22.515134811401367,2.8517513275146484,3.344579696655273,201.3569793701172,2.730599403381348,3.3366405963897705,1.0459848642349243,0.467826634645462,1.225271701812744,1089.316650390625,0.006880247965455,0.0071396175771951,22.636306762695312,72.60138702392578,94.7467269897461,196.3568420410156,0.0102870445698499,0.0102403042837977,0.014844031073153,0.0001371421240037,56.27291870117188,0.1181528121232986,0.0086295548826456,8.428471565246582,0.1162218898534774,0.0086295446380972,8.240913391113281,12.208608627319336,792.9569702148438,94.70532989501952,0.0800975337624549,0.0094288950785994,8.102272033691406,0.0908586680889129,0.0094288466498255,8.246028900146484,2.590574264526367,0.0002053543139481,0.0242851823568344,1.3895684480667114,0.0066713951528072,0.0072400304488837,3.0525124073028564,0.0066713951528072,0.0073311957530677,2129.5625,1187.3662109375,0.0458110272884368,,0.0067868824116885,0.0069736130535602,,0.0067868824116885,0.0073159858584403,0.0003196501929778,0.000136763206683,56.59037780761719,0.0161775667220354,0.0086462190374732,217.77932739257807,0.0147108398377895,0.0086462190374732,236.8477783203125,0.2685751318931579,790.7686767578125,95.23919677734376,0.0111206239089369,0.0094534652307629,,0.0106337238103151,0.0094534652307629,,163.0,0.0332752839759429,0.0081823485324011,0.9500226587793474,0.9999039449130932,0.0004447758090386,0.0031788800306267,0.0119543353330101,0.6661348417516291,0.011902189707852,0.6659016830509563
witty_alien_20260903_163420,Transolver,44,False,False,12019425.0,11995016.790014043,400,1301,1301,222,1.2109375,0.5574272502061667,0.0277533000335097,18.892507553100582,2.735686779022217,3.2217018604278564,1432.534912109375,2.629404067993164,3.2143146991729736,1.2379350662231443,0.4857068955898285,1.4007813930511477,5528.625,0.0096509587019681,0.010155445896089,18.99216079711914,57.92158126831055,82.3041000366211,1409.640869140625,0.012793255969882,0.0126165924593806,0.0169453248381614,0.0014270739629864,47.2136116027832,0.12118960916996,0.0102178044617176,8.075652122497559,0.1187644675374031,0.0102178137749433,7.930380821228027,12.927810668945312,6969.8642578125,83.47711944580078,0.0823270976543426,0.0108421063050627,7.795042991638184,0.0913967490196228,0.0108420634642243,7.938968658447266,2.9069976806640625,0.0047532017342746,0.1854634881019592,1.43742036819458,0.0090952487662434,0.0106051191687583,3.486715793609619,0.0090952487662434,0.0106905130669474,2213.74609375,23214.841796875,0.3956262767314911,,0.0091383457183837,0.0101635716855525,,0.0091383457183837,0.0106639955192804,0.000649761990644,0.0014084796421229,47.47904968261719,0.0212289653718471,0.0102235646918416,173.73329162597656,0.0191031023859977,0.0102235646918416,205.7360382080078,0.5173782110214233,6879.27783203125,83.94581604003906,0.0147323794662952,0.0108541334047913,,0.0134978219866752,0.0108541334047913,,163.0,0.0364239386643368,0.008010898178266,0.8886756705786979,0.9998559690839164,0.0005192836617945,0.0034087973429849,0.0120083552528267,0.6670323664922334,0.011902189707852,0.6659016830509563
witty_beagle_20260903_163423,Transolver,45,False,False,24038851.0,24010301.015561983,800,1301,1301,639,5.703125,0.8866302294683038,0.0210662493482232,21.660724639892575,2.800339698791504,3.2887284755706787,212.59202575683597,2.692197799682617,3.280550003051758,1.122948408126831,0.4807364642620086,1.301112413406372,1289.564697265625,0.0066884881816804,0.0068654431961476,21.776620864868164,67.86054229736328,91.08868408203124,206.5267791748047,0.0097962040454149,0.0097938207909464,0.0159031450748443,0.0001365054049529,54.135833740234375,0.1206186860799789,0.00807252433151,8.272327423095703,0.118807129561901,0.008072517812252,8.098978042602539,12.838459968566896,845.9107055664062,95.68624877929688,0.0817781463265419,0.0088316453620791,7.985983371734619,0.0928096771240234,0.0088316025212407,8.10414981842041,2.783975601196289,0.0003155734739266,0.023237707093358,1.4287824630737305,0.0064985672943294,0.0069283274933695,3.2425308227539062,0.0064985672943294,0.0070009180344641,2246.075439453125,1955.569580078125,0.0516765564680099,,0.0066248700022697,0.0067521063610911,,0.0066248700022697,0.006985729560256,0.0002951662172563,0.0001355023123323,54.441184997558594,0.0155863789841532,0.0080845300108194,203.55795288085935,0.014233760535717,0.0080845300108194,227.70343017578125,0.2456001043319702,839.6918334960938,96.2254409790039,0.0107427882030606,0.0088496189564466,,0.0102659203112125,0.0088496189564466,,163.0,0.0292099763355264,0.0065977832129105,0.9576192085254612,0.999916891431195,0.0003819437007468,0.0029285709332615,0.0118771588591595,0.6664970711070759,0.011902189707852,0.6659016830509563
