axis,dim,architecture,lambd,budget,realised_cost,seed,num_train_samples,mean_prediction_error,mean_residual_error,c_xi_max,B_tilde
truncation,1,fno,-0.25,3000.0,3000.0,0,1538,0.0828202590346336,1.4312564134597778,3,1000.0
truncation,1,fno,-0.25,3000.0,3000.0,1,1544,0.0660430639982223,0.8345434665679932,3,1000.0
truncation,1,fno,-0.25,3000.0,3002.0,2,1554,0.0755044370889663,1.0869882106781006,3,1000.0
truncation,1,fno,-0.25,3000.0,3001.0,3,1548,0.0643310323357582,1.1275554895401,3,1000.0
truncation,1,fno,-0.25,3000.0,3001.0,4,1590,0.0693020522594451,1.1414070129394531,3,1000.0
truncation,1,fno,-0.25,3000.0,3002.0,5,1576,0.0634881034493446,0.8875228762626648,3,1000.0
truncation,1,fno,-0.25,9000.0,9002.0,0,4696,0.0416578315198421,1.1475056409835815,3,3000.0
truncation,1,fno,-0.25,9000.0,9000.0,1,4681,0.0430866032838821,0.8281195163726807,3,3000.0
truncation,1,fno,-0.25,9000.0,9000.0,2,4688,0.0476503558456897,0.924130380153656,3,3000.0
truncation,1,fno,-0.25,9000.0,9000.0,3,4667,0.0365440510213375,0.9124983549118042,3,3000.0
truncation,1,fno,-0.25,9000.0,9001.0,4,4720,0.0340875051915645,0.9175817370414734,3,3000.0
truncation,1,fno,-0.25,9000.0,9000.0,5,4712,0.0369620360434055,0.7891950607299805,3,3000.0
truncation,1,fno,-0.5,30.0,30.0,0,13,1.8726592063903809,14.513245582580566,3,10.0
truncation,1,fno,-0.5,30.0,30.0,1,16,2.88974666595459,15.512995719909668,3,10.0
truncation,1,fno,-0.5,30.0,30.0,2,20,2.726188898086548,5.818283557891846,3,10.0
truncation,1,fno,-0.5,30.0,30.0,3,14,1.4974113702774048,10.73843002319336,3,10.0
truncation,1,fno,-0.5,30.0,30.0,4,18,1.795066475868225,15.035873413085938,3,10.0
truncation,1,fno,-0.5,30.0,30.0,5,14,1.3814407587051392,15.207988739013672,3,10.0
truncation,1,fno,-0.5,300.0,301.0,0,165,0.4065295755863189,6.741544246673584,3,100.0
truncation,1,fno,-0.5,300.0,300.0,1,160,0.4322915077209472,5.27679443359375,3,100.0
truncation,1,fno,-0.5,300.0,302.0,2,172,0.313957005739212,3.544611692428589,3,100.0
truncation,1,fno,-0.5,300.0,301.0,3,150,0.4274849891662597,6.787546634674072,3,100.0
truncation,1,fno,-0.5,300.0,301.0,4,164,0.3163565695285797,3.3853609561920166,3,100.0
truncation,1,fno,-0.5,300.0,300.0,5,162,0.3128477036952972,4.697005271911621,3,100.0
truncation,1,fno,-0.5,3000.0,3000.0,0,1619,0.0768657177686691,1.43414306640625,3,1000.0
truncation,1,fno,-0.5,3000.0,3000.0,1,1606,0.0655342563986778,0.91399085521698,3,1000.0
truncation,1,fno,-0.5,3000.0,3000.0,2,1620,0.067747913300991,1.0344188213348389,3,1000.0
truncation,1,fno,-0.5,3000.0,3001.0,3,1612,0.0614995509386062,1.0999794006347656,3,1000.0
truncation,1,fno,-0.5,3000.0,3000.0,4,1668,0.0591072440147399,1.1719410419464111,3,1000.0
truncation,1,fno,-0.5,3000.0,3000.0,5,1634,0.0685981661081314,0.9288744926452636,3,1000.0
truncation,1,fno,-0.5,30000.0,30001.0,0,16255,0.0370895713567733,1.0521507263183594,3,10000.0
truncation,1,fno,-0.5,30000.0,30001.0,1,16403,0.0302029643207788,0.7612893581390381,3,10000.0
truncation,1,fno,-0.5,30000.0,30001.0,2,16263,0.0328501723706722,0.8837164044380188,3,10000.0
truncation,1,fno,-0.5,30000.0,30002.0,3,16334,0.0297257006168365,0.8312909603118896,3,10000.0
truncation,1,fno,-0.5,30000.0,30001.0,4,16380,0.0297837164252996,0.7298345565795898,3,10000.0
truncation,1,fno,-0.5,30000.0,30000.0,5,16345,0.0297264195978641,0.7681975960731506,3,10000.0
truncation,1,fno,-0.5,90.0,91.0,0,51,1.0762488842010498,14.435895919799805,3,30.0
truncation,1,fno,-0.5,90.0,91.0,1,49,1.1606380939483645,13.348607063293455,3,30.0
truncation,1,fno,-0.5,90.0,91.0,2,50,0.8546963334083557,10.412358283996582,3,30.0
truncation,1,fno,-0.5,90.0,92.0,3,49,1.0367387533187866,16.034290313720703,3,30.0
truncation,1,fno,-0.5,90.0,90.0,4,49,1.1785298585891724,15.062347412109377,3,30.0
truncation,1,fno,-0.5,90.0,92.0,5,47,1.091188669204712,15.24880313873291,3,30.0
truncation,1,fno,-0.5,900.0,900.0,0,483,0.1791820526123047,2.434382200241089,3,300.0
truncation,1,fno,-0.5,900.0,902.0,1,481,0.1848013699054718,1.4183776378631592,3,300.0
truncation,1,fno,-0.5,900.0,901.0,2,489,0.1665056943893432,1.6292463541030884,3,300.0
truncation,1,fno,-0.5,900.0,900.0,3,468,0.1664902120828628,2.435190439224243,3,300.0
truncation,1,fno,-0.5,900.0,900.0,4,496,0.1582624912261963,1.5331213474273682,3,300.0
truncation,1,fno,-0.5,900.0,901.0,5,501,0.1541715264320373,1.55085289478302,3,300.0
truncation,1,fno,-0.5,9000.0,9001.0,0,4915,0.0427879430353641,1.0968379974365234,3,3000.0
truncation,1,fno,-0.5,9000.0,9000.0,1,4882,0.0446800366044044,0.8294067978858948,3,3000.0
truncation,1,fno,-0.5,9000.0,9000.0,2,4897,0.0451465509831905,0.9030482172966005,3,3000.0
truncation,1,fno,-0.5,9000.0,9001.0,3,4873,0.0334711633622646,0.8972063064575195,3,3000.0
truncation,1,fno,-0.5,9000.0,9002.0,4,4926,0.0355762913823127,0.937917411327362,3,3000.0
truncation,1,fno,-0.5,9000.0,9002.0,5,4908,0.0363856926560401,0.7591572403907776,3,3000.0
truncation,1,fno,-0.75,3000.0,3000.0,0,1691,0.0653333067893982,1.4450939893722534,3,1000.0
truncation,1,fno,-0.75,3000.0,3000.0,1,1686,0.0691160708665847,0.8732494115829468,3,1000.0
truncation,1,fno,-0.75,3000.0,3001.0,2,1696,0.0707035511732101,1.037633776664734,3,1000.0
truncation,1,fno,-0.75,3000.0,3000.0,3,1687,0.0720281079411506,1.1026561260223389,3,1000.0
truncation,1,fno,-0.75,3000.0,3000.0,4,1753,0.0568954683840274,1.2226301431655884,3,1000.0
truncation,1,fno,-0.75,3000.0,3001.0,5,1708,0.0673723369836807,0.9187965393066406,3,1000.0
truncation,1,fno,-0.75,9000.0,9002.0,0,5133,0.0437614955008029,1.163249135017395,3,3000.0
truncation,1,fno,-0.75,9000.0,9000.0,1,5088,0.0402545742690563,0.8619109988212585,3,3000.0
truncation,1,fno,-0.75,9000.0,9001.0,2,5112,0.0444041900336742,0.9808388352394104,3,3000.0
truncation,1,fno,-0.75,9000.0,9000.0,3,5095,0.0350624285638332,0.9076818823814392,3,3000.0
truncation,1,fno,-0.75,9000.0,9001.0,4,5162,0.0374178178608417,0.9362657070159912,3,3000.0
truncation,1,fno,-0.75,9000.0,9000.0,5,5155,0.0369673781096935,0.7494860887527466,3,3000.0
truncation,1,fno,-1.0,30.0,30.0,0,16,1.81697690486908,14.63073444366455,3,10.0
truncation,1,fno,-1.0,30.0,32.0,1,18,2.0410187244415283,17.52497100830078,3,10.0
truncation,1,fno,-1.0,30.0,32.0,2,22,1.5660449266433716,13.590961456298828,3,10.0
truncation,1,fno,-1.0,30.0,30.0,3,15,1.3597180843353271,11.35848331451416,3,10.0
truncation,1,fno,-1.0,30.0,31.0,4,19,1.8014898300170896,14.866546630859377,3,10.0
truncation,1,fno,-1.0,30.0,30.0,5,16,1.1729720830917358,11.1171875,3,10.0
truncation,1,fno,-1.0,300.0,301.0,0,177,0.4035118818283081,6.766049861907959,3,100.0
truncation,1,fno,-1.0,300.0,300.0,1,177,0.4024446904659271,5.234580039978027,3,100.0
truncation,1,fno,-1.0,300.0,300.0,2,186,0.2916766405105591,3.1208012104034424,3,100.0
truncation,1,fno,-1.0,300.0,301.0,3,162,0.4156220257282257,6.535335540771484,3,100.0
truncation,1,fno,-1.0,300.0,300.0,4,182,0.3094065487384796,3.3059957027435303,3,100.0
truncation,1,fno,-1.0,300.0,300.0,5,181,0.3118053674697876,3.832410097122192,3,100.0
truncation,1,fno,-1.0,3000.0,3000.0,0,1776,0.0643250569701194,1.4095855951309204,3,1000.0
truncation,1,fno,-1.0,3000.0,3002.0,1,1775,0.0685736313462257,0.9038880467414856,3,1000.0
truncation,1,fno,-1.0,3000.0,3000.0,2,1770,0.0737987831234932,1.0256597995758057,3,1000.0
truncation,1,fno,-1.0,3000.0,3001.0,3,1755,0.0689206197857856,1.088648796081543,3,1000.0
truncation,1,fno,-1.0,3000.0,3001.0,4,1825,0.0598125904798507,1.1729918718338013,3,1000.0
truncation,1,fno,-1.0,3000.0,3001.0,5,1785,0.0643720403313636,0.9530523419380188,3,1000.0
truncation,1,fno,-1.0,30000.0,30000.0,0,17715,0.035519853234291,1.057547092437744,3,10000.0
truncation,1,fno,-1.0,30000.0,30002.0,1,17891,0.0322238430380821,0.7879611253738403,3,10000.0
truncation,1,fno,-1.0,30000.0,30000.0,2,17800,0.0349282100796699,0.945440113544464,3,10000.0
truncation,1,fno,-1.0,30000.0,30000.0,3,17805,0.0307888947427272,0.8426854014396667,3,10000.0
truncation,1,fno,-1.0,30000.0,30000.0,4,17930,0.0341745726764202,0.7748113870620728,3,10000.0
truncation,1,fno,-1.0,30000.0,30002.0,5,17859,0.0281773172318935,0.7107272744178772,3,10000.0
truncation,1,fno,-1.0,90.0,91.0,0,56,1.0479896068572998,14.20486545562744,3,30.0
truncation,1,fno,-1.0,90.0,90.0,1,58,0.9775402545928956,13.255319595336914,3,30.0
truncation,1,fno,-1.0,90.0,92.0,2,56,0.7706944346427917,9.2832612991333,3,30.0
truncation,1,fno,-1.0,90.0,90.0,3,54,1.0031753778457642,16.613298416137695,3,30.0
truncation,1,fno,-1.0,90.0,91.0,4,55,1.0817536115646362,11.924113273620604,3,30.0
truncation,1,fno,-1.0,90.0,90.0,5,50,0.9610552787780762,15.889330863952637,3,30.0
truncation,1,fno,-1.0,900.0,900.0,0,529,0.1699936091899871,2.252044439315796,3,300.0
truncation,1,fno,-1.0,900.0,902.0,1,525,0.1864127814769745,1.3879534006118774,3,300.0
truncation,1,fno,-1.0,900.0,900.0,2,536,0.173188105225563,1.6304898262023926,3,300.0
truncation,1,fno,-1.0,900.0,900.0,3,511,0.1568095386028289,2.3010709285736084,3,300.0
truncation,1,fno,-1.0,900.0,900.0,4,548,0.1570175588130951,1.5363644361495972,3,300.0
truncation,1,fno,-1.0,900.0,900.0,5,552,0.1356819570064544,1.3999687433242798,3,300.0
truncation,1,fno,-1.0,9000.0,9000.0,0,5363,0.0451750680804252,1.1491916179656982,3,3000.0
truncation,1,fno,-1.0,9000.0,9002.0,1,5300,0.0397460609674453,0.8774341344833374,3,3000.0
truncation,1,fno,-1.0,9000.0,9000.0,2,5321,0.0401684939861297,0.9529610276222228,3,3000.0
truncation,1,fno,-1.0,9000.0,9000.0,3,5327,0.0348157547414302,0.9011184573173524,3,3000.0
truncation,1,fno,-1.0,9000.0,9001.0,4,5398,0.0364271439611911,0.9552484154701232,3,3000.0
truncation,1,fno,-1.0,9000.0,9000.0,5,5380,0.0344125218689441,0.8013606667518616,3,3000.0
truncation,1,fno,-1.5,3000.0,3000.0,0,1924,0.0675939470529556,1.4764971733093262,3,1000.0
truncation,1,fno,-1.5,3000.0,3001.0,1,1923,0.0661840587854385,0.8870493173599243,3,1000.0
truncation,1,fno,-1.5,3000.0,3000.0,2,1928,0.0731671601533889,1.0782572031021118,3,1000.0
truncation,1,fno,-1.5,3000.0,3000.0,3,1924,0.0592379570007324,1.0301706790924072,3,1000.0
truncation,1,fno,-1.5,3000.0,3000.0,4,1987,0.05934489518404,1.2193351984024048,3,1000.0
truncation,1,fno,-1.5,3000.0,3000.0,5,1938,0.0609690472483634,0.9284879565238952,3,1000.0
truncation,1,fno,-1.5,900.0,900.0,0,574,0.1611433327198028,2.161801338195801,3,300.0
truncation,1,fno,-1.5,900.0,901.0,1,575,0.1697948276996612,1.352863073348999,3,300.0
truncation,1,fno,-1.5,900.0,901.0,2,576,0.1574343740940094,1.6010591983795166,3,300.0
truncation,1,fno,-1.5,900.0,901.0,3,560,0.1516392678022384,2.188183069229126,3,300.0
truncation,1,fno,-1.5,900.0,901.0,4,601,0.1463014930486679,1.5479432344436646,3,300.0
truncation,1,fno,-1.5,900.0,900.0,5,597,0.1517328917980194,1.2736722230911257,3,300.0
truncation,1,fno,-10.0,30.0,30.0,0,29,0.9424235224723816,3.4385228157043457,3,10.0
truncation,1,fno,-10.0,30.0,30.0,1,30,1.043954849243164,6.702731609344482,3,10.0
truncation,1,fno,-10.0,30.0,30.0,2,30,1.0109601020812988,3.1785333156585693,3,10.0
truncation,1,fno,-10.0,30.0,30.0,3,29,1.4239312410354614,3.196488618850708,3,10.0
truncation,1,fno,-10.0,30.0,30.0,4,29,3.0037856101989746,6.027238845825195,3,10.0
truncation,1,fno,-10.0,30.0,30.0,5,30,0.9077877402305604,6.884378910064697,3,10.0
truncation,1,fno,-10.0,300.0,300.0,0,296,0.586068868637085,2.5468292236328125,3,100.0
truncation,1,fno,-10.0,300.0,300.0,1,298,0.5489868521690369,1.8575409650802608,3,100.0
truncation,1,fno,-10.0,300.0,300.0,2,300,0.8633312582969666,2.0341577529907227,3,100.0
truncation,1,fno,-10.0,300.0,300.0,3,298,0.6871490478515625,1.877097010612488,3,100.0
truncation,1,fno,-10.0,300.0,300.0,4,296,0.6501494646072388,1.7891805171966553,3,100.0
truncation,1,fno,-10.0,300.0,300.0,5,300,0.734667181968689,3.344334840774536,3,100.0
truncation,1,fno,-10.0,90.0,90.0,0,88,0.801799476146698,4.093718528747559,3,30.0
truncation,1,fno,-10.0,90.0,90.0,1,89,0.74668949842453,3.651573419570923,3,30.0
truncation,1,fno,-10.0,90.0,90.0,2,90,0.9403684139251708,2.8740060329437256,3,30.0
truncation,1,fno,-10.0,90.0,90.0,3,89,0.908014476299286,3.894150257110596,3,30.0
truncation,1,fno,-10.0,90.0,90.0,4,89,0.8513657450675964,3.403944730758667,3,30.0
truncation,1,fno,-10.0,90.0,90.0,5,90,0.7167272567749023,4.783504009246826,3,30.0
truncation,1,fno,-15.0,30.0,30.0,0,30,0.9621962308883668,5.61137056350708,3,10.0
truncation,1,fno,-15.0,30.0,30.0,1,30,1.043954849243164,6.702731609344482,3,10.0
truncation,1,fno,-15.0,30.0,30.0,2,30,1.0109601020812988,3.1785333156585693,3,10.0
truncation,1,fno,-15.0,30.0,30.0,3,30,0.9377485513687134,4.193771839141846,3,10.0
truncation,1,fno,-15.0,30.0,30.0,4,29,3.0037856101989746,6.027238845825195,3,10.0
truncation,1,fno,-15.0,30.0,30.0,5,30,0.9077877402305604,6.884378910064697,3,10.0
truncation,1,fno,-15.0,300.0,300.0,0,300,0.6887463927268982,2.260507822036743,3,100.0
truncation,1,fno,-15.0,300.0,300.0,1,300,0.6833847165107727,1.787574291229248,3,100.0
truncation,1,fno,-15.0,300.0,300.0,2,300,0.8633312582969666,2.0341577529907227,3,100.0
truncation,1,fno,-15.0,300.0,300.0,3,300,0.7994289994239807,1.5841394662857056,3,100.0
truncation,1,fno,-15.0,300.0,300.0,4,299,0.642331600189209,1.703860878944397,3,100.0
truncation,1,fno,-15.0,300.0,300.0,5,300,0.734667181968689,3.344334840774536,3,100.0
truncation,1,fno,-15.0,90.0,90.0,0,90,0.8089792728424072,4.2513604164123535,3,30.0
truncation,1,fno,-15.0,90.0,90.0,1,90,0.7685803174972534,3.537461996078491,3,30.0
truncation,1,fno,-15.0,90.0,90.0,2,90,0.9403684139251708,2.8740060329437256,3,30.0
truncation,1,fno,-15.0,90.0,90.0,3,90,0.7950152158737183,3.1847589015960693,3,30.0
truncation,1,fno,-15.0,90.0,90.0,4,89,0.8513657450675964,3.403944730758667,3,30.0
truncation,1,fno,-15.0,90.0,90.0,5,90,0.7167272567749023,4.783504009246826,3,30.0
truncation,1,fno,-2.0,30.0,30.0,0,20,1.684825420379639,8.02456283569336,3,10.0
truncation,1,fno,-2.0,30.0,30.0,1,20,1.2083195447921753,5.077016353607178,3,10.0
truncation,1,fno,-2.0,30.0,30.0,2,23,1.938759446144104,2.3359086513519287,3,10.0
truncation,1,fno,-2.0,30.0,31.0,3,19,1.3107694387435913,9.562172889709473,3,10.0
truncation,1,fno,-2.0,30.0,30.0,4,23,2.159755229949951,14.545092582702637,3,10.0
truncation,1,fno,-2.0,30.0,30.0,5,21,1.084119200706482,8.254500389099121,3,10.0
truncation,1,fno,-2.0,300.0,300.0,0,204,0.3606994152069092,5.153246879577637,3,100.0
truncation,1,fno,-2.0,300.0,301.0,1,201,0.3582172691822052,3.675125598907471,3,100.0
truncation,1,fno,-2.0,300.0,300.0,2,215,0.2923784255981445,2.778663158416748,3,100.0
truncation,1,fno,-2.0,300.0,301.0,3,194,0.341643214225769,5.569060325622559,3,100.0
truncation,1,fno,-2.0,300.0,300.0,4,213,0.2929984927177429,3.048085927963257,3,100.0
truncation,1,fno,-2.0,300.0,301.0,5,218,0.259371280670166,3.087272882461548,3,100.0
truncation,1,fno,-2.0,3000.0,3000.0,0,2092,0.0682213082909584,1.453020691871643,3,1000.0
truncation,1,fno,-2.0,3000.0,3000.0,1,2060,0.0621425248682498,0.9326635599136353,3,1000.0
truncation,1,fno,-2.0,3000.0,3000.0,2,2095,0.0635502338409423,1.071827411651611,3,1000.0
truncation,1,fno,-2.0,3000.0,3000.0,3,2068,0.0533820576965808,1.067469596862793,3,1000.0
truncation,1,fno,-2.0,3000.0,3000.0,4,2154,0.0554543733596801,1.1936249732971191,3,1000.0
truncation,1,fno,-2.0,3000.0,3000.0,5,2134,0.0626436844468116,0.9347103834152222,3,1000.0
truncation,1,fno,-2.0,30000.0,30000.0,0,20886,0.0357809588313102,1.1484202146530151,3,10000.0
truncation,1,fno,-2.0,30000.0,30000.0,1,21039,0.0336552672088146,0.7938870787620544,3,10000.0
truncation,1,fno,-2.0,30000.0,30001.0,2,21067,0.0355740338563919,0.96235591173172,3,10000.0
truncation,1,fno,-2.0,30000.0,30000.0,3,20968,0.0329103805124759,0.8590028882026672,3,10000.0
truncation,1,fno,-2.0,30000.0,30000.0,4,21132,0.0298203099519014,0.7941427230834961,3,10000.0
truncation,1,fno,-2.0,30000.0,30000.0,5,21098,0.0286268554627895,0.7881960868835449,3,10000.0
truncation,1,fno,-2.0,90.0,90.0,0,63,1.018546462059021,10.81288719177246,3,30.0
truncation,1,fno,-2.0,90.0,91.0,1,63,0.8125994801521301,9.375958442687988,3,30.0
truncation,1,fno,-2.0,90.0,90.0,2,66,0.7243446111679077,9.866743087768556,3,30.0
truncation,1,fno,-2.0,90.0,90.0,3,61,0.963074803352356,15.018882751464844,3,30.0
truncation,1,fno,-2.0,90.0,90.0,4,65,0.8355120420455933,8.148420333862305,3,30.0
truncation,1,fno,-2.0,90.0,90.0,5,63,0.8687846064567566,7.954107284545898,3,30.0
truncation,1,fno,-2.0,900.0,900.0,0,618,0.1521567851305008,2.037132501602173,3,300.0
truncation,1,fno,-2.0,900.0,900.0,1,610,0.1604183316230774,1.3316936492919922,3,300.0
truncation,1,fno,-2.0,900.0,902.0,2,633,0.1522765904664993,1.5677762031555176,3,300.0
truncation,1,fno,-2.0,900.0,900.0,3,613,0.1337659955024719,2.047226428985596,3,300.0
truncation,1,fno,-2.0,900.0,900.0,4,648,0.138493999838829,1.539111614227295,3,300.0
truncation,1,fno,-2.0,900.0,902.0,5,651,0.1550616770982742,1.2578811645507812,3,300.0
truncation,1,fno,-2.0,9000.0,9000.0,0,6330,0.0430653095245361,1.1723419427871704,3,3000.0
truncation,1,fno,-2.0,9000.0,9000.0,1,6252,0.0376807413995265,0.8396885395050049,3,3000.0
truncation,1,fno,-2.0,9000.0,9000.0,2,6314,0.036207590252161,0.9410322308540344,3,3000.0
truncation,1,fno,-2.0,9000.0,9000.0,3,6246,0.0347949266433715,0.9672473073005676,3,3000.0
truncation,1,fno,-2.0,9000.0,9001.0,4,6342,0.0331498421728611,0.942615807056427,3,3000.0
truncation,1,fno,-2.0,9000.0,9000.0,5,6374,0.0352779254317283,0.8202395439147949,3,3000.0
truncation,1,fno,-2.5,3000.0,3000.0,0,2238,0.0670077800750732,1.41946542263031,3,1000.0
truncation,1,fno,-2.5,3000.0,3000.0,1,2237,0.0611441135406494,0.9076245427131652,3,1000.0
truncation,1,fno,-2.5,3000.0,3000.0,2,2252,0.0643705949187278,1.0761048793792725,3,1000.0
truncation,1,fno,-2.5,3000.0,3000.0,3,2214,0.0581371374428272,1.0537029504776,3,1000.0
truncation,1,fno,-2.5,3000.0,3000.0,4,2300,0.0525448396801948,1.272266864776611,3,1000.0
truncation,1,fno,-2.5,3000.0,3001.0,5,2292,0.0577975064516067,0.9030688405036926,3,1000.0
truncation,1,fno,-2.5,900.0,900.0,0,659,0.1312416195869445,2.034234046936035,3,300.0
truncation,1,fno,-2.5,900.0,900.0,1,654,0.1560762822628021,1.262572169303894,3,300.0
truncation,1,fno,-2.5,900.0,900.0,2,682,0.1372921168804168,1.5964467525482178,3,300.0
truncation,1,fno,-2.5,900.0,901.0,3,655,0.1388631016016006,1.7880163192749023,3,300.0
truncation,1,fno,-2.5,900.0,900.0,4,693,0.1468826681375503,1.492340922355652,3,300.0
truncation,1,fno,-2.5,900.0,901.0,5,697,0.1255608052015304,1.3030362129211426,3,300.0
truncation,1,fno,-20.0,30.0,30.0,0,30,0.9621999859809875,5.604869365692139,3,10.0
truncation,1,fno,-20.0,30.0,30.0,1,30,1.043954849243164,6.702731609344482,3,10.0
truncation,1,fno,-20.0,30.0,30.0,2,30,1.0109601020812988,3.1785333156585693,3,10.0
truncation,1,fno,-20.0,30.0,30.0,3,30,0.9377485513687134,4.193771839141846,3,10.0
truncation,1,fno,-20.0,30.0,30.0,4,30,0.9406346082687378,4.357270240783691,3,10.0
truncation,1,fno,-20.0,30.0,30.0,5,30,0.9077877402305604,6.884378910064697,3,10.0
truncation,1,fno,-20.0,300.0,300.0,0,300,0.6887463927268982,2.260507822036743,3,100.0
truncation,1,fno,-20.0,300.0,300.0,1,300,0.6833847165107727,1.787574291229248,3,100.0
truncation,1,fno,-20.0,300.0,300.0,2,300,0.8633312582969666,2.0341577529907227,3,100.0
truncation,1,fno,-20.0,300.0,300.0,3,300,0.7994289994239807,1.5841394662857056,3,100.0
truncation,1,fno,-20.0,300.0,300.0,4,300,0.8591444492340088,1.8199405670166016,3,100.0
truncation,1,fno,-20.0,300.0,300.0,5,300,0.734667181968689,3.344334840774536,3,100.0
truncation,1,fno,-20.0,3000.0,3000.0,0,3000,0.7391782999038696,2.2234487533569336,3,1000.0
truncation,1,fno,-20.0,3000.0,3000.0,1,3000,0.7263882160186768,1.8413077592849727,3,1000.0
truncation,1,fno,-20.0,3000.0,3000.0,2,3000,0.8610694408416748,2.160815954208374,3,1000.0
truncation,1,fno,-20.0,3000.0,3000.0,3,3000,0.8704943060874939,1.392585515975952,3,1000.0
truncation,1,fno,-20.0,3000.0,3000.0,4,3000,0.799713134765625,1.92642879486084,3,1000.0
truncation,1,fno,-20.0,3000.0,3000.0,5,3000,0.7555126547813416,2.7171337604522705,3,1000.0
truncation,1,fno,-20.0,30000.0,30000.0,0,29999,0.4774605333805084,1.935292601585388,3,10000.0
truncation,1,fno,-20.0,30000.0,30000.0,1,29998,0.4996707737445831,1.9072604179382324,3,10000.0
truncation,1,fno,-20.0,30000.0,30000.0,2,30000,0.8562132120132446,1.700430154800415,3,10000.0
truncation,1,fno,-20.0,30000.0,30000.0,3,29999,0.6575571894645691,1.5727983713150024,3,10000.0
truncation,1,fno,-20.0,30000.0,30000.0,4,29999,0.6893746852874756,1.874792456626892,3,10000.0
truncation,1,fno,-20.0,30000.0,30000.0,5,29998,0.4510624706745147,1.5603317022323608,3,10000.0
truncation,1,fno,-20.0,90.0,90.0,0,90,0.8089792728424072,4.2513604164123535,3,30.0
truncation,1,fno,-20.0,90.0,90.0,1,90,0.7685803174972534,3.537461996078491,3,30.0
truncation,1,fno,-20.0,90.0,90.0,2,90,0.9403684139251708,2.8740060329437256,3,30.0
truncation,1,fno,-20.0,90.0,90.0,3,90,0.7967849373817444,3.175907611846924,3,30.0
truncation,1,fno,-20.0,90.0,90.0,4,90,0.8697073459625244,2.07991099357605,3,30.0
truncation,1,fno,-20.0,90.0,90.0,5,90,0.7167272567749023,4.783504009246826,3,30.0
truncation,1,fno,-20.0,900.0,900.0,0,900,0.7039670944213867,1.7866559028625488,3,300.0
truncation,1,fno,-20.0,900.0,900.0,1,900,0.6997144818305969,1.5543886423110962,3,300.0
truncation,1,fno,-20.0,900.0,900.0,2,900,0.8702557682991028,2.271644592285156,3,300.0
truncation,1,fno,-20.0,900.0,900.0,3,900,0.8130735754966736,1.4256765842437744,3,300.0
truncation,1,fno,-20.0,900.0,900.0,4,900,0.7996804118156433,1.6355929374694824,3,300.0
truncation,1,fno,-20.0,900.0,900.0,5,900,0.7602694630622864,2.797192096710205,3,300.0
truncation,1,fno,-20.0,9000.0,9000.0,0,9000,0.7576447129249573,2.000200033187866,3,3000.0
truncation,1,fno,-20.0,9000.0,9000.0,1,9000,0.747727632522583,2.21295166015625,3,3000.0
truncation,1,fno,-20.0,9000.0,9000.0,2,9000,0.8549461364746094,1.9394789934158323,3,3000.0
truncation,1,fno,-20.0,9000.0,9000.0,3,9000,0.8404185175895691,1.39348566532135,3,3000.0
truncation,1,fno,-20.0,9000.0,9000.0,4,9000,0.7953320741653442,2.0554022789001465,3,3000.0
truncation,1,fno,-20.0,9000.0,9000.0,5,9000,0.7583300471305847,2.557037830352783,3,3000.0
truncation,1,fno,-3.0,30.0,31.0,0,22,1.5379537343978882,8.400821685791016,3,10.0
truncation,1,fno,-3.0,30.0,30.0,1,22,1.2146350145339966,6.655821323394775,3,10.0
truncation,1,fno,-3.0,30.0,30.0,2,26,0.9580498337745668,5.335740089416504,3,10.0
truncation,1,fno,-3.0,30.0,30.0,3,20,1.325453758239746,9.169757843017578,3,10.0
truncation,1,fno,-3.0,30.0,30.0,4,24,1.743284821510315,14.83926486968994,3,10.0
truncation,1,fno,-3.0,30.0,30.0,5,24,1.1350197792053225,9.578462600708008,3,10.0
truncation,1,fno,-3.0,300.0,300.0,0,230,0.3352234065532684,4.138770580291748,3,100.0
truncation,1,fno,-3.0,300.0,300.0,1,242,0.4425050020217895,2.688084602355957,3,100.0
truncation,1,fno,-3.0,300.0,301.0,2,246,0.2782128751277923,2.520370960235596,3,100.0
truncation,1,fno,-3.0,300.0,300.0,3,223,0.3392910063266754,4.84424352645874,3,100.0
truncation,1,fno,-3.0,300.0,300.0,4,245,0.2700421810150146,2.647698402404785,3,100.0
truncation,1,fno,-3.0,300.0,300.0,5,244,0.2425307035446167,2.649881601333618,3,100.0
truncation,1,fno,-3.0,3000.0,3000.0,0,2381,0.0644094571471214,1.413906812667847,3,1000.0
truncation,1,fno,-3.0,3000.0,3000.0,1,2385,0.0626252219080925,0.9312261939048768,3,1000.0
truncation,1,fno,-3.0,3000.0,3000.0,2,2378,0.0613211505115032,1.0273655652999878,3,1000.0
truncation,1,fno,-3.0,3000.0,3000.0,3,2354,0.0572807788848876,1.1628738641738892,3,1000.0
truncation,1,fno,-3.0,3000.0,3000.0,4,2424,0.0547558404505252,1.1901997327804563,3,1000.0
truncation,1,fno,-3.0,3000.0,3000.0,5,2423,0.0637634024024009,0.9073001146316528,3,1000.0
truncation,1,fno,-3.0,30000.0,30002.0,0,23773,0.040952555835247,1.1053043603897097,3,10000.0
truncation,1,fno,-3.0,30000.0,30000.0,1,23897,0.0354801975190639,0.8292711973190308,3,10000.0
truncation,1,fno,-3.0,30000.0,30000.0,2,23994,0.0365256406366825,1.000613570213318,3,10000.0
truncation,1,fno,-3.0,30000.0,30000.0,3,23807,0.0338382758200168,0.9503412246704102,3,10000.0
truncation,1,fno,-3.0,30000.0,30000.0,4,24010,0.0368672497570514,0.9224486351013184,3,10000.0
truncation,1,fno,-3.0,30000.0,30000.0,5,23986,0.0319636538624763,0.8291658759117126,3,10000.0
truncation,1,fno,-3.0,90.0,92.0,0,69,0.7868893146514893,11.059131622314451,3,30.0
truncation,1,fno,-3.0,90.0,90.0,1,73,0.7357280850410461,8.164310455322266,3,30.0
truncation,1,fno,-3.0,90.0,90.0,2,78,0.5829042196273804,5.123169898986816,3,30.0
truncation,1,fno,-3.0,90.0,91.0,3,67,1.0383918285369873,12.538444519042969,3,30.0
truncation,1,fno,-3.0,90.0,90.0,4,75,0.7552463412284851,7.592441082000732,3,30.0
truncation,1,fno,-3.0,90.0,90.0,5,70,0.6967834234237671,8.237089157104492,3,30.0
truncation,1,fno,-3.0,900.0,900.0,0,698,0.1392377763986587,2.0227386951446533,3,300.0
truncation,1,fno,-3.0,900.0,901.0,1,708,0.1420062482357025,1.2308237552642822,3,300.0
truncation,1,fno,-3.0,900.0,901.0,2,710,0.1459676027297973,1.5659464597702026,3,300.0
truncation,1,fno,-3.0,900.0,900.0,3,701,0.1337511241436004,1.6646538972854614,3,300.0
truncation,1,fno,-3.0,900.0,900.0,4,738,0.1524068266153335,1.4169700145721436,3,300.0
truncation,1,fno,-3.0,900.0,901.0,5,732,0.126919612288475,1.3021752834320068,3,300.0
truncation,1,fno,-3.0,9000.0,9000.0,0,7163,0.0470737256109714,1.170886516571045,3,3000.0
truncation,1,fno,-3.0,9000.0,9000.0,1,7137,0.0425891689956188,0.8551908731460571,3,3000.0
truncation,1,fno,-3.0,9000.0,9000.0,2,7176,0.0390270054340362,1.025533676147461,3,3000.0
truncation,1,fno,-3.0,9000.0,9002.0,3,7114,0.0386275649070739,1.0111457109451294,3,3000.0
truncation,1,fno,-3.0,9000.0,9000.0,4,7178,0.0367164649069309,1.0514954328536987,3,3000.0
truncation,1,fno,-3.0,9000.0,9000.0,5,7275,0.039799366146326,0.8305811285972595,3,3000.0
truncation,1,fno,-3.5,900.0,901.0,0,737,0.1317209601402282,1.960349678993225,3,300.0
truncation,1,fno,-3.5,900.0,900.0,1,755,0.1339899152517318,1.2919561862945557,3,300.0
truncation,1,fno,-3.5,900.0,900.0,2,754,0.1441078186035156,1.4964157342910769,3,300.0
truncation,1,fno,-3.5,900.0,900.0,3,739,0.1246639639139175,1.7089464664459229,3,300.0
truncation,1,fno,-3.5,900.0,900.0,4,766,0.1297584623098373,1.3730294704437256,3,300.0
truncation,1,fno,-3.5,900.0,900.0,5,756,0.1211410388350486,1.3328399658203125,3,300.0
truncation,1,fno,-4.0,30.0,30.0,0,26,1.2920995950698853,9.242233276367188,3,10.0
truncation,1,fno,-4.0,30.0,30.0,1,27,1.087513446807861,6.269169330596924,3,10.0
truncation,1,fno,-4.0,30.0,30.0,2,27,0.9444591999053956,5.623656272888184,3,10.0
truncation,1,fno,-4.0,30.0,30.0,3,23,1.9528864622116089,7.508416652679443,3,10.0
truncation,1,fno,-4.0,30.0,30.0,4,25,2.5479483604431152,17.543424606323242,3,10.0
truncation,1,fno,-4.0,30.0,31.0,5,25,1.1217058897018433,9.767123222351074,3,10.0
truncation,1,fno,-4.0,300.0,300.0,0,251,0.3932394683361053,3.280118227005005,3,100.0
truncation,1,fno,-4.0,300.0,300.0,1,264,0.3875702619552612,2.172838926315308,3,100.0
truncation,1,fno,-4.0,300.0,300.0,2,265,0.2699693739414215,2.191312551498413,3,100.0
truncation,1,fno,-4.0,300.0,301.0,3,251,0.4714888036251068,4.013331890106201,3,100.0
truncation,1,fno,-4.0,300.0,300.0,4,261,0.2567178010940552,2.409205913543701,3,100.0
truncation,1,fno,-4.0,300.0,300.0,5,267,0.3020297884941101,2.34839415550232,3,100.0
truncation,1,fno,-4.0,90.0,90.0,0,74,0.8093284368515015,5.833438396453857,3,30.0
truncation,1,fno,-4.0,90.0,90.0,1,79,0.6917951703071594,5.291041374206543,3,30.0
truncation,1,fno,-4.0,90.0,90.0,2,83,0.7581855654716492,4.029279708862305,3,30.0
truncation,1,fno,-4.0,90.0,90.0,3,75,1.3261539936065674,10.48586368560791,3,30.0
truncation,1,fno,-4.0,90.0,90.0,4,78,0.671777606010437,7.454311370849609,3,30.0
truncation,1,fno,-4.0,90.0,90.0,5,78,0.6186031699180603,5.952128887176514,3,30.0
truncation,1,fno,-4.0,900.0,900.0,0,772,0.1245170980691909,1.9938929080963133,3,300.0
truncation,1,fno,-4.0,900.0,900.0,1,780,0.1437731087207794,1.2356386184692385,3,300.0
truncation,1,fno,-4.0,900.0,900.0,2,777,0.1424289345741272,1.4236685037612915,3,300.0
truncation,1,fno,-4.0,900.0,900.0,3,775,0.1331303417682647,1.621480107307434,3,300.0
truncation,1,fno,-4.0,900.0,900.0,4,793,0.1374514102935791,1.3854764699935913,3,300.0
truncation,1,fno,-4.0,900.0,900.0,5,788,0.128989890217781,1.2529798746109009,3,300.0
truncation,1,fno,-5.0,30.0,32.0,0,29,0.9499183297157288,2.4132847785949707,3,10.0
truncation,1,fno,-5.0,30.0,30.0,1,27,1.087513446807861,6.269169330596924,3,10.0
truncation,1,fno,-5.0,30.0,30.0,2,28,1.055305004119873,1.8208272457122805,3,10.0
truncation,1,fno,-5.0,30.0,30.0,3,25,2.754473924636841,3.9332833290100098,3,10.0
truncation,1,fno,-5.0,30.0,30.0,4,27,6.317451000213623,6.827901363372803,3,10.0
truncation,1,fno,-5.0,30.0,30.0,5,28,1.3720675706863403,7.673753261566162,3,10.0
truncation,1,fno,-5.0,300.0,300.0,0,274,0.3791839480400085,3.0391972064971924,3,100.0
truncation,1,fno,-5.0,300.0,300.0,1,276,0.3800998628139496,2.391051769256592,3,100.0
truncation,1,fno,-5.0,300.0,300.0,2,277,0.7019468545913696,1.9942437410354612,3,100.0
truncation,1,fno,-5.0,300.0,300.0,3,267,0.3633520007133484,3.2308337688446045,3,100.0
truncation,1,fno,-5.0,300.0,300.0,4,274,0.2444055825471878,2.2764737606048584,3,100.0
truncation,1,fno,-5.0,300.0,300.0,5,277,0.4180741012096405,2.5931625366210938,3,100.0
truncation,1,fno,-5.0,3000.0,3001.0,0,2755,0.065469741821289,1.502108097076416,3,1000.0
truncation,1,fno,-5.0,3000.0,3000.0,1,2743,0.0691487938165664,1.068799614906311,3,1000.0
truncation,1,fno,-5.0,3000.0,3000.0,2,2756,0.0714582726359367,1.108859896659851,3,1000.0
truncation,1,fno,-5.0,3000.0,3000.0,3,2732,0.0608208291232585,1.255608081817627,3,1000.0
truncation,1,fno,-5.0,3000.0,3000.0,4,2761,0.056077878922224,1.2900817394256592,3,1000.0
truncation,1,fno,-5.0,3000.0,3000.0,5,2795,0.0749908611178398,1.0817433595657349,3,1000.0
truncation,1,fno,-5.0,30000.0,30000.0,0,27512,0.0485399961471557,1.2327615022659302,3,10000.0
truncation,1,fno,-5.0,30000.0,30000.0,1,27577,0.0397530682384967,1.0281703472137451,3,10000.0
truncation,1,fno,-5.0,30000.0,30000.0,2,27650,0.0437134727835655,1.1150660514831543,3,10000.0
truncation,1,fno,-5.0,30000.0,30000.0,3,27544,0.0432028472423553,1.137105941772461,3,10000.0
truncation,1,fno,-5.0,30000.0,30000.0,4,27610,0.0417746156454086,0.9925768971443176,3,10000.0
truncation,1,fno,-5.0,30000.0,30000.0,5,27627,0.0429120436310768,0.9063042998313904,3,10000.0
truncation,1,fno,-5.0,90.0,90.0,0,81,0.8411810398101807,3.0014686584472656,3,30.0
truncation,1,fno,-5.0,90.0,91.0,1,81,0.6771904826164246,5.521269798278809,3,30.0
truncation,1,fno,-5.0,90.0,90.0,2,85,0.7652354836463928,3.767735004425049,3,30.0
truncation,1,fno,-5.0,90.0,90.0,3,79,1.1823421716690063,9.083972930908203,3,30.0
truncation,1,fno,-5.0,90.0,90.0,4,82,1.731722116470337,7.398239612579346,3,30.0
truncation,1,fno,-5.0,90.0,90.0,5,84,0.6966137290000916,4.816936016082764,3,30.0
truncation,1,fno,-5.0,900.0,900.0,0,827,0.1453536301851272,2.001701593399048,3,300.0
truncation,1,fno,-5.0,900.0,900.0,1,816,0.1482484489679336,1.2812927961349487,3,300.0
truncation,1,fno,-5.0,900.0,900.0,2,831,0.1642168164253235,1.3455531597137451,3,300.0
truncation,1,fno,-5.0,900.0,900.0,3,822,0.1615359038114547,1.3610973358154297,3,300.0
truncation,1,fno,-5.0,900.0,900.0,4,835,0.1610822081565857,1.361955642700195,3,300.0
truncation,1,fno,-5.0,900.0,900.0,5,827,0.1367550641298294,1.1819894313812256,3,300.0
truncation,1,fno,-5.0,9000.0,9000.0,0,8253,0.057841558009386,1.4090203046798706,3,3000.0
truncation,1,fno,-5.0,9000.0,9000.0,1,8233,0.0474836826324462,0.9595618844032288,3,3000.0
truncation,1,fno,-5.0,9000.0,9000.0,2,8311,0.0564970672130584,1.1899291276931765,3,3000.0
truncation,1,fno,-5.0,9000.0,9000.0,3,8240,0.0469622127711772,1.1324325799942017,3,3000.0
truncation,1,fno,-5.0,9000.0,9000.0,4,8263,0.0410805977880954,1.1371290683746338,3,3000.0
truncation,1,fno,-5.0,9000.0,9000.0,5,8323,0.0449602752923965,0.9680001139640808,3,3000.0
truncation,1,fno,-7.0,30.0,31.0,0,29,1.0725994110107422,4.789705276489258,3,10.0
truncation,1,fno,-7.0,30.0,30.0,1,29,1.0635597705841064,4.501091480255127,3,10.0
truncation,1,fno,-7.0,30.0,30.0,2,30,1.0109601020812988,3.1785333156585693,3,10.0
truncation,1,fno,-7.0,30.0,30.0,3,27,1.0168784856796265,5.89772367477417,3,10.0
truncation,1,fno,-7.0,30.0,30.0,4,27,6.317451000213623,6.827901363372803,3,10.0
truncation,1,fno,-7.0,30.0,30.0,5,30,0.9077877402305604,6.884378910064697,3,10.0
truncation,1,fno,-7.0,300.0,300.0,0,292,0.5162685513496399,2.591990232467652,3,100.0
truncation,1,fno,-7.0,300.0,300.0,1,294,0.5387724041938782,1.941304445266724,3,100.0
truncation,1,fno,-7.0,300.0,300.0,2,297,0.7023923993110657,2.0551345348358154,3,100.0
truncation,1,fno,-7.0,300.0,300.0,3,287,0.6471285820007324,1.931523084640503,3,100.0
truncation,1,fno,-7.0,300.0,300.0,4,290,0.2458045929670334,2.16128921508789,3,100.0
truncation,1,fno,-7.0,300.0,300.0,5,291,0.4348875284194946,2.723774671554565,3,100.0
truncation,1,fno,-7.0,90.0,90.0,0,86,0.7948883175849915,5.265761375427246,3,30.0
truncation,1,fno,-7.0,90.0,90.0,1,87,0.6943281888961792,4.249777793884277,3,30.0
truncation,1,fno,-7.0,90.0,90.0,2,90,0.9403684139251708,2.8740060329437256,3,30.0
truncation,1,fno,-7.0,90.0,90.0,3,86,0.8156951665878296,4.71851110458374,3,30.0
truncation,1,fno,-7.0,90.0,90.0,4,87,1.820095181465149,7.614903450012207,3,30.0
truncation,1,fno,-7.0,90.0,90.0,5,87,0.6162369251251221,5.611002445220947,3,30.0
truncation,1,fno,0.0,30.0,30.0,0,13,1.8735018968582156,14.542319297790527,3,10.0
truncation,1,fno,0.0,30.0,30.0,1,15,2.5067577362060547,17.317441940307617,3,10.0
truncation,1,fno,0.0,30.0,30.0,2,17,1.5706982612609863,17.321903228759766,3,10.0
truncation,1,fno,0.0,30.0,30.0,3,13,1.4431231021881104,10.149419784545898,3,10.0
truncation,1,fno,0.0,30.0,31.0,4,18,1.733433961868286,13.14573860168457,3,10.0
truncation,1,fno,0.0,30.0,31.0,5,14,1.290704607963562,13.326592445373535,3,10.0
truncation,1,fno,0.0,300.0,300.0,0,154,0.4098960161209106,7.335427284240723,3,100.0
truncation,1,fno,0.0,300.0,302.0,1,149,0.4506566524505615,5.192922115325928,3,100.0
truncation,1,fno,0.0,300.0,302.0,2,155,0.353487491607666,4.417396545410156,3,100.0
truncation,1,fno,0.0,300.0,300.0,3,139,0.4166938662528991,6.632099628448486,3,100.0
truncation,1,fno,0.0,300.0,301.0,4,151,0.3386019468307495,3.879513502120972,3,100.0
truncation,1,fno,0.0,300.0,301.0,5,153,0.3467923998832702,4.660579204559326,3,100.0
truncation,1,fno,0.0,3000.0,3002.0,0,1484,0.0827701091766357,1.3923097848892212,3,1000.0
truncation,1,fno,0.0,3000.0,3001.0,1,1481,0.0698744878172874,0.8713327646255493,3,1000.0
truncation,1,fno,0.0,3000.0,3000.0,2,1487,0.0820385739207267,1.0300127267837524,3,1000.0
truncation,1,fno,0.0,3000.0,3000.0,3,1485,0.063281126320362,1.1419750452041626,3,1000.0
truncation,1,fno,0.0,3000.0,3000.0,4,1536,0.0678294003009796,1.1604418754577637,3,1000.0
truncation,1,fno,0.0,3000.0,3002.0,5,1512,0.0715328752994537,0.9527664184570312,3,1000.0
truncation,1,fno,0.0,30000.0,30002.0,0,14960,0.0359970405697822,1.13804292678833,3,10000.0
truncation,1,fno,0.0,30000.0,30000.0,1,15061,0.0353604033589363,0.7483891248703003,3,10000.0
truncation,1,fno,0.0,30000.0,30000.0,2,14890,0.0298867747187614,0.8120372295379639,3,10000.0
truncation,1,fno,0.0,30000.0,30000.0,3,14963,0.0300179291516542,0.7830451726913452,3,10000.0
truncation,1,fno,0.0,30000.0,30001.0,4,14994,0.0291466135531663,0.7405579686164856,3,10000.0
truncation,1,fno,0.0,30000.0,30002.0,5,14997,0.0332530885934829,0.7801187038421631,3,10000.0
truncation,1,fno,0.0,90.0,90.0,0,46,1.260368824005127,17.744871139526367,3,30.0
truncation,1,fno,0.0,90.0,91.0,1,47,1.1564995050430298,13.645124435424805,3,30.0
truncation,1,fno,0.0,90.0,91.0,2,44,1.048835277557373,11.562451362609863,3,30.0
truncation,1,fno,0.0,90.0,90.0,3,46,1.1781480312347412,17.249605178833008,3,30.0
truncation,1,fno,0.0,90.0,90.0,4,48,1.025597333908081,12.486103057861328,3,30.0
truncation,1,fno,0.0,90.0,91.0,5,44,1.193751573562622,15.302167892456056,3,30.0
truncation,1,fno,0.0,900.0,902.0,0,449,0.1847438812255859,2.5485732555389404,3,300.0
truncation,1,fno,0.0,900.0,900.0,1,448,0.203139066696167,1.6407400369644165,3,300.0
truncation,1,fno,0.0,900.0,901.0,2,449,0.1858638525009155,1.7223719358444214,3,300.0
truncation,1,fno,0.0,900.0,900.0,3,438,0.183956116437912,2.43383526802063,3,300.0
truncation,1,fno,0.0,900.0,901.0,4,456,0.1734090447425842,1.6359548568725586,3,300.0
truncation,1,fno,0.0,900.0,901.0,5,457,0.145466074347496,1.8549920320510864,3,300.0
truncation,1,fno,0.0,9000.0,9001.0,0,4509,0.0397692583501338,1.1647156476974487,3,3000.0
truncation,1,fno,0.0,9000.0,9000.0,1,4507,0.039511039853096,0.8128278255462646,3,3000.0
truncation,1,fno,0.0,9000.0,9000.0,2,4479,0.0420604348182678,0.8334591388702393,3,3000.0
truncation,1,fno,0.0,9000.0,9001.0,3,4474,0.0361776575446128,0.9014471173286438,3,3000.0
truncation,1,fno,0.0,9000.0,9000.0,4,4522,0.0369800254702568,0.967405080795288,3,3000.0
truncation,1,fno,0.0,9000.0,9000.0,5,4512,0.0383966863155365,0.8130369186401367,3,3000.0
truncation,1,fno,0.25,9000.0,9002.0,0,4325,0.0414780117571353,1.1923174858093262,3,3000.0
truncation,1,fno,0.25,9000.0,9002.0,1,4313,0.0491399429738521,0.8063392639160156,3,3000.0
truncation,1,fno,0.25,9000.0,9000.0,2,4308,0.0445658192038536,0.90327250957489,3,3000.0
truncation,1,fno,0.25,9000.0,9000.0,3,4287,0.0354419089853763,0.8662012219429016,3,3000.0
truncation,1,fno,0.25,9000.0,9001.0,4,4350,0.0369877554476261,0.9127126932144164,3,3000.0
truncation,1,fno,0.25,9000.0,9001.0,5,4304,0.0377681069076061,0.7987602353096008,3,3000.0
truncation,1,fno,0.5,30.0,31.0,0,13,1.8999123573303225,14.36556625366211,3,10.0
truncation,1,fno,0.5,30.0,30.0,1,13,2.4436516761779785,15.70445442199707,3,10.0
truncation,1,fno,0.5,30.0,30.0,2,16,1.3910998106002808,16.2836856842041,3,10.0
truncation,1,fno,0.5,30.0,30.0,3,13,1.4431231021881104,10.149419784545898,3,10.0
truncation,1,fno,0.5,30.0,30.0,4,16,2.2365429401397705,10.384506225585938,3,10.0
truncation,1,fno,0.5,30.0,32.0,5,14,1.2425737380981443,12.460739135742188,3,10.0
truncation,1,fno,0.5,300.0,302.0,0,146,0.418561577796936,8.00377368927002,3,100.0
truncation,1,fno,0.5,300.0,300.0,1,141,0.4766097962856293,5.662232398986816,3,100.0
truncation,1,fno,0.5,300.0,301.0,2,141,0.3756399750709533,4.677909851074219,3,100.0
truncation,1,fno,0.5,300.0,300.0,3,129,0.4568991661071777,8.462081909179688,3,100.0
truncation,1,fno,0.5,300.0,300.0,4,142,0.3530238270759582,4.1528639793396,3,100.0
truncation,1,fno,0.5,300.0,300.0,5,139,0.3655049502849579,5.397265434265137,3,100.0
truncation,1,fno,0.5,3000.0,3001.0,0,1368,0.0771330073475837,1.4955309629440308,3,1000.0
truncation,1,fno,0.5,3000.0,3000.0,1,1375,0.0785975977778434,0.9066219329833984,3,1000.0
truncation,1,fno,0.5,3000.0,3001.0,2,1376,0.0751174688339233,1.061548113822937,3,1000.0
truncation,1,fno,0.5,3000.0,3000.0,3,1374,0.0708807632327079,1.112579345703125,3,1000.0
truncation,1,fno,0.5,3000.0,3001.0,4,1410,0.0735394284129142,1.1228135824203491,3,1000.0
truncation,1,fno,0.5,3000.0,3002.0,5,1383,0.0730589777231216,0.9451516270637512,3,1000.0
truncation,1,fno,0.5,30000.0,30002.0,0,13839,0.0369702018797397,1.0927480459213257,3,10000.0
truncation,1,fno,0.5,30000.0,30000.0,1,13892,0.0298318620771169,0.7113178372383118,3,10000.0
truncation,1,fno,0.5,30000.0,30000.0,2,13773,0.032805498689413,0.8097947239875793,3,10000.0
truncation,1,fno,0.5,30000.0,30001.0,3,13832,0.0312660932540893,0.8337492942810059,3,10000.0
truncation,1,fno,0.5,30000.0,30002.0,4,13823,0.0288126654922962,0.7230854630470276,3,10000.0
truncation,1,fno,0.5,30000.0,30000.0,5,13811,0.0296689458191394,0.7977669835090637,3,10000.0
truncation,1,fno,0.5,90.0,90.0,0,44,1.1634949445724487,15.144938468933104,3,30.0
truncation,1,fno,0.5,90.0,91.0,1,45,1.0870842933654783,12.377002716064451,3,30.0
truncation,1,fno,0.5,90.0,91.0,2,41,1.098537802696228,12.802518844604492,3,30.0
truncation,1,fno,0.5,90.0,92.0,3,42,1.197386622428894,18.60983657836914,3,30.0
truncation,1,fno,0.5,90.0,91.0,4,43,1.029735445976257,12.589635848999023,3,30.0
truncation,1,fno,0.5,90.0,91.0,5,38,1.4211479425430298,14.84363842010498,3,30.0
truncation,1,fno,0.5,900.0,900.0,0,416,0.2041081339120865,2.808243989944458,3,300.0
truncation,1,fno,0.5,900.0,900.0,1,420,0.2168672084808349,1.721425175666809,3,300.0
truncation,1,fno,0.5,900.0,901.0,2,411,0.2048445492982864,1.7896130084991455,3,300.0
truncation,1,fno,0.5,900.0,901.0,3,406,0.1876683831214904,2.565077543258667,3,300.0
truncation,1,fno,0.5,900.0,902.0,4,424,0.1722086519002914,1.774106740951538,3,300.0
truncation,1,fno,0.5,900.0,900.0,5,420,0.179935798048973,1.8062881231307983,3,300.0
truncation,1,fno,0.5,9000.0,9001.0,0,4165,0.040037851780653,1.137637495994568,3,3000.0
truncation,1,fno,0.5,9000.0,9000.0,1,4161,0.0433194637298584,0.8097369074821472,3,3000.0
truncation,1,fno,0.5,9000.0,9000.0,2,4147,0.0442677587270736,0.9342565536499025,3,3000.0
truncation,1,fno,0.5,9000.0,9001.0,3,4134,0.037661787122488,0.8932942152023315,3,3000.0
truncation,1,fno,0.5,9000.0,9002.0,4,4164,0.0401600338518619,0.9206432104110718,3,3000.0
truncation,1,fno,0.5,9000.0,9001.0,5,4145,0.0371372438967227,0.76741623878479,3,3000.0
truncation,1,fno,0.75,9000.0,9002.0,0,4006,0.0413830652832984,1.194989562034607,3,3000.0
truncation,1,fno,0.75,9000.0,9000.0,1,4002,0.0479913465678691,0.8469576835632324,3,3000.0
truncation,1,fno,0.75,9000.0,9000.0,2,4002,0.0455956347286701,0.9384106397628784,3,3000.0
truncation,1,fno,0.75,9000.0,9001.0,3,3990,0.0332093983888626,0.8992092609405518,3,3000.0
truncation,1,fno,0.75,9000.0,9001.0,4,4010,0.037213310599327,0.945849359035492,3,3000.0
truncation,1,fno,0.75,9000.0,9001.0,5,3984,0.0395471081137657,0.8365612030029297,3,3000.0
truncation,1,fno,1.0,30.0,32.0,0,13,1.898468017578125,13.339103698730469,3,10.0
truncation,1,fno,1.0,30.0,30.0,1,13,2.4436516761779785,15.70445442199707,3,10.0
truncation,1,fno,1.0,30.0,31.0,2,15,1.6218430995941162,12.746499061584473,3,10.0
truncation,1,fno,1.0,30.0,32.0,3,13,1.3699297904968262,8.844096183776855,3,10.0
truncation,1,fno,1.0,30.0,31.0,4,14,1.2026748657226562,4.8465256690979,3,10.0
truncation,1,fno,1.0,30.0,30.0,5,13,1.3709523677825928,12.14991569519043,3,10.0
truncation,1,fno,1.0,300.0,302.0,0,137,0.4743002951145172,8.946072578430176,3,100.0
truncation,1,fno,1.0,300.0,301.0,1,131,0.5037227869033813,6.050912857055664,3,100.0
truncation,1,fno,1.0,300.0,300.0,2,134,0.3463086485862732,4.792984962463379,3,100.0
truncation,1,fno,1.0,300.0,301.0,3,124,0.4897906482219696,8.75967788696289,3,100.0
truncation,1,fno,1.0,300.0,300.0,4,130,0.3788699209690094,5.016188621520996,3,100.0
truncation,1,fno,1.0,300.0,301.0,5,130,0.4013309478759765,5.709935188293457,3,100.0
truncation,1,fno,1.0,3000.0,3001.0,0,1280,0.0812217146158218,1.626894474029541,3,1000.0
truncation,1,fno,1.0,3000.0,3000.0,1,1280,0.0786434933543205,0.8640598654747009,3,1000.0
truncation,1,fno,1.0,3000.0,3000.0,2,1283,0.0852081924676895,1.0384646654129028,3,1000.0
truncation,1,fno,1.0,3000.0,3001.0,3,1288,0.067265972495079,1.0671440362930298,3,1000.0
truncation,1,fno,1.0,3000.0,3000.0,4,1312,0.0738669633865356,1.0946376323699951,3,1000.0
truncation,1,fno,1.0,3000.0,3000.0,5,1297,0.0795550122857093,0.958612620830536,3,1000.0
truncation,1,fno,1.0,30000.0,30000.0,0,12942,0.0392090231180191,1.0654062032699585,3,10000.0
truncation,1,fno,1.0,30000.0,30002.0,1,12940,0.0303304959088563,0.7701132893562317,3,10000.0
truncation,1,fno,1.0,30000.0,30001.0,2,12861,0.03217264264822,0.8204415440559387,3,10000.0
truncation,1,fno,1.0,30000.0,30000.0,3,12917,0.0325834564864635,0.8628962635993958,3,10000.0
truncation,1,fno,1.0,30000.0,30000.0,4,12907,0.0286125801503658,0.7322983145713806,3,10000.0
truncation,1,fno,1.0,30000.0,30001.0,5,12886,0.0299700796604156,0.7333088517189026,3,10000.0
truncation,1,fno,1.0,90.0,90.0,0,41,1.246184468269348,16.428539276123047,3,30.0
truncation,1,fno,1.0,90.0,90.0,1,42,1.1055597066879272,11.58025360107422,3,30.0
truncation,1,fno,1.0,90.0,90.0,2,39,1.1438428163528442,13.327091217041016,3,30.0
truncation,1,fno,1.0,90.0,91.0,3,40,1.1696616411209106,18.36212921142578,3,30.0
truncation,1,fno,1.0,90.0,91.0,4,38,1.0437049865722656,11.117250442504885,3,30.0
truncation,1,fno,1.0,90.0,90.0,5,36,1.2526010274887085,12.799882888793944,3,30.0
truncation,1,fno,1.0,900.0,900.0,0,392,0.2062771320343017,3.0163238048553467,3,300.0
truncation,1,fno,1.0,900.0,900.0,1,391,0.2093998342752456,1.8158471584320068,3,300.0
truncation,1,fno,1.0,900.0,901.0,2,390,0.2042268067598343,1.882323265075684,3,300.0
truncation,1,fno,1.0,900.0,901.0,3,378,0.2102808356285095,2.7944653034210205,3,300.0
truncation,1,fno,1.0,900.0,902.0,4,387,0.1802587807178497,1.810610294342041,3,300.0
truncation,1,fno,1.0,900.0,901.0,5,393,0.1814462691545486,1.9592097997665403,3,300.0
truncation,1,fno,1.0,9000.0,9000.0,0,3883,0.0450661852955818,1.2346858978271484,3,3000.0
truncation,1,fno,1.0,9000.0,9002.0,1,3885,0.0433848612010479,0.776710033416748,3,3000.0
truncation,1,fno,1.0,9000.0,9002.0,2,3879,0.0495504848659038,0.9872698783874512,3,3000.0
truncation,1,fno,1.0,9000.0,9001.0,3,3865,0.0360765606164932,0.8966564536094666,3,3000.0
truncation,1,fno,1.0,9000.0,9000.0,4,3889,0.037021517753601,0.914598822593689,3,3000.0
truncation,1,fno,1.0,9000.0,9001.0,5,3858,0.0386750884354114,0.8143293857574463,3,3000.0
truncation,1,fno,1.5,30000.0,30000.0,0,12228,0.0362368337810039,1.0496081113815308,3,10000.0
truncation,1,fno,1.5,30000.0,30000.0,1,12208,0.0288701187819242,0.7223257422447205,3,10000.0
truncation,1,fno,1.5,30000.0,30000.0,2,12139,0.0336433872580528,0.8156015872955322,3,10000.0
truncation,1,fno,1.5,30000.0,30000.0,3,12217,0.0282767452299594,0.7285081148147583,3,10000.0
truncation,1,fno,1.5,30000.0,30002.0,4,12207,0.0276008322834968,0.7490653991699219,3,10000.0
truncation,1,fno,1.5,30000.0,30001.0,5,12162,0.0293301567435264,0.7118223309516907,3,10000.0
truncation,1,fno,2.0,30.0,31.0,0,12,1.57636559009552,12.106847763061523,3,10.0
truncation,1,fno,2.0,30.0,32.0,1,13,2.4615793228149414,16.04201316833496,3,10.0
truncation,1,fno,2.0,30.0,30.0,2,12,1.5979851484298706,8.900650024414062,3,10.0
truncation,1,fno,2.0,30.0,32.0,3,12,1.5146554708480835,11.18908405303955,3,10.0
truncation,1,fno,2.0,30.0,31.0,4,13,1.3985614776611328,10.835139274597168,3,10.0
truncation,1,fno,2.0,30.0,31.0,5,12,1.6173827648162842,11.793313026428224,3,10.0
truncation,1,fno,2.0,300.0,300.0,0,124,0.5086792707443237,10.058085441589355,3,100.0
truncation,1,fno,2.0,300.0,302.0,1,119,0.5020594000816345,5.92562198638916,3,100.0
truncation,1,fno,2.0,300.0,300.0,2,117,0.375667005777359,5.087558269500732,3,100.0
truncation,1,fno,2.0,300.0,302.0,3,115,0.5639148354530334,9.574061393737791,3,100.0
truncation,1,fno,2.0,300.0,301.0,4,115,0.4346786439418793,5.140900611877441,3,100.0
truncation,1,fno,2.0,300.0,301.0,5,118,0.405108630657196,6.082978248596191,3,100.0
truncation,1,fno,2.0,3000.0,3000.0,0,1151,0.0840012729167938,1.7397953271865845,3,1000.0
truncation,1,fno,2.0,3000.0,3001.0,1,1153,0.082244224846363,0.9394229650497437,3,1000.0
truncation,1,fno,2.0,3000.0,3000.0,2,1153,0.0802375301718711,1.0201832056045532,3,1000.0
truncation,1,fno,2.0,3000.0,3000.0,3,1174,0.0860723480582237,1.0981417894363403,3,1000.0
truncation,1,fno,2.0,3000.0,3000.0,4,1177,0.0705576539039611,1.086934208869934,3,1000.0
truncation,1,fno,2.0,3000.0,3000.0,5,1156,0.0779577121138572,1.0175961256027222,3,1000.0
truncation,1,fno,2.0,30000.0,30001.0,0,11678,0.0388322994112968,1.076868176460266,3,10000.0
truncation,1,fno,2.0,30000.0,30000.0,1,11673,0.0303407758474349,0.7342469096183777,3,10000.0
truncation,1,fno,2.0,30000.0,30002.0,2,11604,0.0317116752266883,0.8205528259277344,3,10000.0
truncation,1,fno,2.0,30000.0,30001.0,3,11657,0.028628796339035,0.8276533484458923,3,10000.0
truncation,1,fno,2.0,30000.0,30002.0,4,11649,0.0314319692552089,0.6964316964149475,3,10000.0
truncation,1,fno,2.0,30000.0,30001.0,5,11624,0.0278432890772819,0.7539210915565491,3,10000.0
truncation,1,fno,2.0,90.0,92.0,0,38,1.2749638557434082,17.154680252075195,3,30.0
truncation,1,fno,2.0,90.0,91.0,1,37,1.2316467761993408,14.29335880279541,3,30.0
truncation,1,fno,2.0,90.0,90.0,2,34,1.1986300945281982,12.491308212280272,3,30.0
truncation,1,fno,2.0,90.0,92.0,3,37,1.3423840999603271,18.140419006347656,3,30.0
truncation,1,fno,2.0,90.0,90.0,4,35,1.276636838912964,13.360849380493164,3,30.0
truncation,1,fno,2.0,90.0,92.0,5,34,1.3426295518875122,12.927005767822266,3,30.0
truncation,1,fno,2.0,900.0,901.0,0,358,0.2217893153429031,3.279186964035034,3,300.0
truncation,1,fno,2.0,900.0,900.0,1,352,0.2217364013195037,2.00213885307312,3,300.0
truncation,1,fno,2.0,900.0,902.0,2,349,0.2392786741256714,2.1039979457855225,3,300.0
truncation,1,fno,2.0,900.0,900.0,3,348,0.2065859586000442,2.832236766815185,3,300.0
truncation,1,fno,2.0,900.0,900.0,4,347,0.1905564069747924,1.7798879146575928,3,300.0
truncation,1,fno,2.0,900.0,900.0,5,351,0.1803218871355056,2.28150486946106,3,300.0
truncation,1,fno,2.0,9000.0,9002.0,0,3490,0.0461351722478866,1.1495089530944824,3,3000.0
truncation,1,fno,2.0,9000.0,9000.0,1,3503,0.0459972843527793,0.8041236400604248,3,3000.0
truncation,1,fno,2.0,9000.0,9000.0,2,3496,0.0464095398783683,0.94569194316864,3,3000.0
truncation,1,fno,2.0,9000.0,9000.0,3,3508,0.0392464064061641,0.8588173985481262,3,3000.0
truncation,1,fno,2.0,9000.0,9000.0,4,3500,0.0408892147243022,0.9075724482536316,3,3000.0
truncation,1,fno,2.0,9000.0,9001.0,5,3470,0.0367955565452575,0.757108747959137,3,3000.0
truncation,1,fno,2.5,30000.0,30000.0,0,11251,0.035990759730339,1.184729814529419,3,10000.0
truncation,1,fno,2.5,30000.0,30001.0,1,11248,0.0306146331131458,0.7168629765510559,3,10000.0
truncation,1,fno,2.5,30000.0,30002.0,2,11218,0.0322717912495136,0.9128324389457704,3,10000.0
truncation,1,fno,2.5,30000.0,30001.0,3,11248,0.0296418890357017,0.7165664434432983,3,10000.0
truncation,1,fno,2.5,30000.0,30000.0,4,11223,0.0273675862699747,0.757975161075592,3,10000.0
truncation,1,fno,2.5,30000.0,30001.0,5,11193,0.0324482545256614,0.7174840569496155,3,10000.0
truncation,1,fno,20.0,30.0,30.0,0,10,1.3177682161331177,14.335505485534668,3,10.0
truncation,1,fno,20.0,30.0,30.0,1,10,2.180431842803955,22.67891311645508,3,10.0
truncation,1,fno,20.0,30.0,30.0,2,10,1.4414924383163452,13.246373176574709,3,10.0
truncation,1,fno,20.0,30.0,30.0,3,10,1.4202635288238523,10.403247833251951,3,10.0
truncation,1,fno,20.0,30.0,30.0,4,10,1.2609176635742188,14.864044189453123,3,10.0
truncation,1,fno,20.0,30.0,30.0,5,10,1.674946904182434,19.80728912353516,3,10.0
truncation,1,fno,20.0,300.0,300.0,0,100,0.6507188081741333,12.174206733703612,3,100.0
truncation,1,fno,20.0,300.0,300.0,1,100,0.535086989402771,6.634777069091797,3,100.0
truncation,1,fno,20.0,300.0,300.0,2,100,0.4308759272098541,7.055485725402832,3,100.0
truncation,1,fno,20.0,300.0,300.0,3,100,0.5643937587738037,10.44765853881836,3,100.0
truncation,1,fno,20.0,300.0,300.0,4,100,0.4369124472141266,6.289086818695068,3,100.0
truncation,1,fno,20.0,300.0,300.0,5,100,0.4856268167495727,8.129027366638184,3,100.0
truncation,1,fno,20.0,3000.0,3000.0,0,1000,0.0897202640771865,1.6393795013427734,3,1000.0
truncation,1,fno,20.0,3000.0,3000.0,1,1000,0.085842341184616,0.9509719610214232,3,1000.0
truncation,1,fno,20.0,3000.0,3000.0,2,1000,0.0866804495453834,1.093149185180664,3,1000.0
truncation,1,fno,20.0,3000.0,3000.0,3,1000,0.0890394300222396,1.2341550588607788,3,1000.0
truncation,1,fno,20.0,3000.0,3000.0,4,1000,0.0896638557314872,1.0987926721572876,3,1000.0
truncation,1,fno,20.0,3000.0,3000.0,5,1000,0.0860841944813728,1.131870985031128,3,1000.0
truncation,1,fno,20.0,30000.0,30000.0,0,10000,0.0348539501428604,1.078447699546814,3,10000.0
truncation,1,fno,20.0,30000.0,30000.0,1,10000,0.0305407997220754,0.7198455929756165,3,10000.0
truncation,1,fno,20.0,30000.0,30001.0,2,10001,0.0328964069485664,0.9338584542274476,3,10000.0
truncation,1,fno,20.0,30000.0,30000.0,3,10000,0.029321726411581,0.8375239968299866,3,10000.0
truncation,1,fno,20.0,30000.0,30000.0,4,10000,0.029645862057805,0.7462172508239746,3,10000.0
truncation,1,fno,20.0,30000.0,30000.0,5,10000,0.0301442705094814,0.7405070066452026,3,10000.0
truncation,1,fno,20.0,90.0,90.0,0,30,1.2169462442398071,16.54550552368164,3,30.0
truncation,1,fno,20.0,90.0,90.0,1,30,1.4286913871765137,17.237865447998047,3,30.0
truncation,1,fno,20.0,90.0,90.0,2,30,1.197016716003418,17.062150955200195,3,30.0
truncation,1,fno,20.0,90.0,90.0,3,30,1.1864166259765625,16.679311752319336,3,30.0
truncation,1,fno,20.0,90.0,90.0,4,30,1.1794947385787964,15.585174560546877,3,30.0
truncation,1,fno,20.0,90.0,90.0,5,30,1.178717017173767,18.633405685424805,3,30.0
truncation,1,fno,20.0,900.0,900.0,0,300,0.244205042719841,4.022949695587158,3,300.0
truncation,1,fno,20.0,900.0,900.0,1,300,0.2600086629390716,2.412637233734131,3,300.0
truncation,1,fno,20.0,900.0,900.0,2,300,0.224869355559349,2.237297534942627,3,300.0
truncation,1,fno,20.0,900.0,900.0,3,300,0.2380273193120956,3.559140920639038,3,300.0
truncation,1,fno,20.0,900.0,900.0,4,300,0.1956031769514084,2.10689640045166,3,300.0
truncation,1,fno,20.0,900.0,900.0,5,300,0.190467968583107,2.217836856842041,3,300.0
truncation,1,fno,20.0,9000.0,9000.0,0,3000,0.0491310507059097,1.2846986055374146,3,3000.0
truncation,1,fno,20.0,9000.0,9000.0,1,3000,0.0497228428721427,0.8363833427429199,3,3000.0
truncation,1,fno,20.0,9000.0,9000.0,2,3000,0.0435651689767837,0.9732896089553832,3,3000.0
truncation,1,fno,20.0,9000.0,9000.0,3,3000,0.0405967719852924,0.9495847821235656,3,3000.0
truncation,1,fno,20.0,9000.0,9000.0,4,3000,0.0424067303538322,0.9562174677848816,3,3000.0
truncation,1,fno,20.0,9000.0,9000.0,5,3000,0.0406668446958065,0.7846605777740479,3,3000.0
truncation,1,fno,3.0,30.0,31.0,0,11,1.535577654838562,13.458518028259276,3,10.0
truncation,1,fno,3.0,30.0,30.0,1,11,2.588530302047729,16.412107467651367,3,10.0
truncation,1,fno,3.0,30.0,30.0,2,11,1.5342707633972168,9.742506980895996,3,10.0
truncation,1,fno,3.0,30.0,30.0,3,11,1.276297092437744,10.304306030273438,3,10.0
truncation,1,fno,3.0,30.0,31.0,4,11,1.24993896484375,11.673693656921388,3,10.0
truncation,1,fno,3.0,30.0,32.0,5,12,1.4584144353866575,11.354008674621582,3,10.0
truncation,1,fno,3.0,300.0,301.0,0,115,0.5750353336334229,9.714925765991213,3,100.0
truncation,1,fno,3.0,300.0,300.0,1,109,0.5390628576278687,6.398476600646973,3,100.0
truncation,1,fno,3.0,300.0,300.0,2,107,0.4213402569293976,6.905770778656006,3,100.0
truncation,1,fno,3.0,300.0,300.0,3,108,0.5771376490592957,10.013823509216309,3,100.0
truncation,1,fno,3.0,300.0,302.0,4,109,0.437601774930954,5.466162204742432,3,100.0
truncation,1,fno,3.0,300.0,302.0,5,110,0.4693455398082733,7.072347164154053,3,100.0
truncation,1,fno,3.0,3000.0,3001.0,0,1086,0.0842102915048599,1.7548846006393433,3,1000.0
truncation,1,fno,3.0,3000.0,3001.0,1,1086,0.0871726647019386,0.917760729789734,3,1000.0
truncation,1,fno,3.0,3000.0,3001.0,2,1082,0.0882604271173477,1.0789538621902466,3,1000.0
truncation,1,fno,3.0,3000.0,3002.0,3,1098,0.0845585837960243,1.1256507635116575,3,1000.0
truncation,1,fno,3.0,3000.0,3002.0,4,1100,0.081365093588829,1.110781192779541,3,1000.0
truncation,1,fno,3.0,3000.0,3000.0,5,1081,0.0793137848377227,1.0147173404693604,3,1000.0
truncation,1,fno,3.0,30000.0,30000.0,0,10943,0.0326461568474769,1.040286898612976,3,10000.0
truncation,1,fno,3.0,30000.0,30000.0,1,10932,0.0328043736517429,0.712948739528656,3,10000.0
truncation,1,fno,3.0,30000.0,30000.0,2,10905,0.0314282327890396,0.8697510957717896,3,10000.0
truncation,1,fno,3.0,30000.0,30002.0,3,10927,0.0344672910869121,0.7743914723396301,3,10000.0
truncation,1,fno,3.0,30000.0,30000.0,4,10909,0.0281359050422906,0.7653285264968872,3,10000.0
truncation,1,fno,3.0,30000.0,30000.0,5,10883,0.0276109147816896,0.7301471829414368,3,10000.0
truncation,1,fno,3.0,90.0,90.0,0,34,1.2046208381652832,16.303260803222656,3,30.0
truncation,1,fno,3.0,90.0,91.0,1,34,1.3148183822631836,14.683119773864746,3,30.0
truncation,1,fno,3.0,90.0,91.0,2,33,1.1067134141921997,13.000856399536133,3,30.0
truncation,1,fno,3.0,90.0,91.0,3,34,1.2391128540039062,17.37309455871582,3,30.0
truncation,1,fno,3.0,90.0,90.0,4,32,1.237988829612732,15.324834823608398,3,30.0
truncation,1,fno,3.0,90.0,91.0,5,32,1.2967101335525513,14.354361534118652,3,30.0
truncation,1,fno,3.0,900.0,900.0,0,332,0.2311843782663345,3.606442213058472,3,300.0
truncation,1,fno,3.0,900.0,900.0,1,329,0.2588746547698974,2.156074523925781,3,300.0
truncation,1,fno,3.0,900.0,900.0,2,326,0.2330020070075988,2.137333393096924,3,300.0
truncation,1,fno,3.0,900.0,900.0,3,325,0.2224519103765487,3.200809955596924,3,300.0
truncation,1,fno,3.0,900.0,901.0,4,325,0.1950952559709549,1.984974265098572,3,300.0
truncation,1,fno,3.0,900.0,900.0,5,328,0.1821454167366027,2.357067584991455,3,300.0
truncation,1,fno,3.0,9000.0,9000.0,0,3278,0.0474051721394062,1.2089977264404297,3,3000.0
truncation,1,fno,3.0,9000.0,9001.0,1,3279,0.0428889542818069,0.7878770232200623,3,3000.0
truncation,1,fno,3.0,9000.0,9001.0,2,3286,0.0461926981806755,0.9280647039413452,3,3000.0
truncation,1,fno,3.0,9000.0,9002.0,3,3283,0.038634218275547,0.8774237632751465,3,3000.0
truncation,1,fno,3.0,9000.0,9002.0,4,3281,0.0428837090730667,0.9011217951774596,3,3000.0
truncation,1,fno,3.0,9000.0,9000.0,5,3255,0.0421648882329463,0.7974502444267273,3,3000.0
truncation,1,fno,3.5,30000.0,30001.0,0,10708,0.037083376199007,1.15792977809906,3,10000.0
truncation,1,fno,3.5,30000.0,30000.0,1,10694,0.0296511985361576,0.7349507808685303,3,10000.0
truncation,1,fno,3.5,30000.0,30000.0,2,10677,0.0328361392021179,0.844925045967102,3,10000.0
truncation,1,fno,3.5,30000.0,30001.0,3,10688,0.0287511032074689,0.776789665222168,3,10000.0
truncation,1,fno,3.5,30000.0,30000.0,4,10682,0.0259944722056388,0.718546986579895,3,10000.0
truncation,1,fno,3.5,30000.0,30002.0,5,10675,0.0286321640014648,0.693866491317749,3,10000.0
truncation,1,fno,4.0,30000.0,30000.0,0,10539,0.0344303399324417,1.1385438442230225,3,10000.0
truncation,1,fno,4.0,30000.0,30000.0,1,10517,0.0311880484223365,0.7383453249931335,3,10000.0
truncation,1,fno,4.0,30000.0,30000.0,2,10510,0.0321167521178722,0.9091565012931824,3,10000.0
truncation,1,fno,4.0,30000.0,30001.0,3,10531,0.0282937791198492,0.8036271333694458,3,10000.0
truncation,1,fno,4.0,30000.0,30002.0,4,10519,0.0296825375407934,0.7098895311355591,3,10000.0
truncation,1,fno,4.0,30000.0,30002.0,5,10505,0.0296722333878278,0.7575149536132812,3,10000.0
truncation,1,fno,5.0,30.0,32.0,0,11,1.5148147344589231,11.720820426940918,3,10.0
truncation,1,fno,5.0,30.0,32.0,1,11,2.206989288330078,17.425140380859375,3,10.0
truncation,1,fno,5.0,30.0,30.0,2,10,1.4414924383163452,13.246373176574709,3,10.0
truncation,1,fno,5.0,30.0,32.0,3,11,1.2884891033172607,10.190181732177734,3,10.0
truncation,1,fno,5.0,30.0,32.0,4,11,1.2926113605499268,12.627209663391112,3,10.0
truncation,1,fno,5.0,30.0,32.0,5,11,1.4123101234436035,14.393168449401855,3,10.0
truncation,1,fno,5.0,300.0,300.0,0,106,0.6563898324966431,12.394737243652344,3,100.0
truncation,1,fno,5.0,300.0,302.0,1,104,0.5418145060539246,6.773290157318115,3,100.0
truncation,1,fno,5.0,300.0,302.0,2,102,0.4480776488780975,7.235762119293213,3,100.0
truncation,1,fno,5.0,300.0,300.0,3,103,0.5526853203773499,9.849821090698242,3,100.0
truncation,1,fno,5.0,300.0,302.0,4,102,0.4411448538303375,5.833651065826416,3,100.0
truncation,1,fno,5.0,300.0,301.0,5,104,0.4650994837284088,7.369071006774902,3,100.0
truncation,1,fno,5.0,3000.0,3000.0,0,1026,0.0912815853953361,1.7160552740097046,3,1000.0
truncation,1,fno,5.0,3000.0,3000.0,1,1027,0.0857700556516647,0.9934380650520324,3,1000.0
truncation,1,fno,5.0,3000.0,3001.0,2,1027,0.0859196633100509,1.1179219484329224,3,1000.0
truncation,1,fno,5.0,3000.0,3001.0,3,1033,0.0846729949116706,1.1635379791259766,3,1000.0
truncation,1,fno,5.0,3000.0,3001.0,4,1031,0.080792561173439,1.1472011804580688,3,1000.0
truncation,1,fno,5.0,3000.0,3000.0,5,1028,0.0911459326744079,1.0202409029006958,3,1000.0
truncation,1,fno,5.0,30000.0,30000.0,0,10315,0.0403179489076137,1.1165004968643188,3,10000.0
truncation,1,fno,5.0,30000.0,30001.0,1,10306,0.0296875275671482,0.7113253474235535,3,10000.0
truncation,1,fno,5.0,30000.0,30001.0,2,10292,0.0360527075827121,0.8925217986106873,3,10000.0
truncation,1,fno,5.0,30000.0,30002.0,3,10319,0.0305361747741699,0.7638536095619202,3,10000.0
truncation,1,fno,5.0,30000.0,30001.0,4,10291,0.0286121163517236,0.7748174667358398,3,10000.0
truncation,1,fno,5.0,30000.0,30001.0,5,10291,0.0306293033063411,0.7024332284927368,3,10000.0
truncation,1,fno,5.0,90.0,92.0,0,32,1.1176880598068235,13.962059020996094,3,30.0
truncation,1,fno,5.0,90.0,90.0,1,31,1.361107349395752,16.420700073242188,3,30.0
truncation,1,fno,5.0,90.0,91.0,2,31,1.1517879962921145,13.386149406433104,3,30.0
truncation,1,fno,5.0,90.0,92.0,3,32,1.296276569366455,15.767828941345217,3,30.0
truncation,1,fno,5.0,90.0,92.0,4,31,1.213811278343201,15.252178192138672,3,30.0
truncation,1,fno,5.0,90.0,91.0,5,31,1.3309017419815063,13.4236421585083,3,30.0
truncation,1,fno,5.0,900.0,901.0,0,311,0.2453729957342147,3.819655656814575,3,300.0
truncation,1,fno,5.0,900.0,901.0,1,310,0.2560270130634308,2.1878082752227783,3,300.0
truncation,1,fno,5.0,900.0,902.0,2,309,0.220768392086029,2.314160823822021,3,300.0
truncation,1,fno,5.0,900.0,901.0,3,308,0.2350573092699051,3.3329832553863525,3,300.0
truncation,1,fno,5.0,900.0,901.0,4,307,0.194999560713768,2.052079916000366,3,300.0
truncation,1,fno,5.0,900.0,902.0,5,313,0.1865545660257339,2.4802908897399902,3,300.0
truncation,1,fno,5.0,9000.0,9000.0,0,3095,0.0515802055597305,1.2915804386138916,3,3000.0
truncation,1,fno,5.0,9000.0,9001.0,1,3094,0.0487532541155815,0.8222499489784241,3,3000.0
truncation,1,fno,5.0,9000.0,9002.0,2,3088,0.0451173670589923,0.976449728012085,3,3000.0
truncation,1,fno,5.0,9000.0,9000.0,3,3098,0.0390821322798728,0.977607488632202,3,3000.0
truncation,1,fno,5.0,9000.0,9002.0,4,3085,0.0412438288331031,0.9494746327400208,3,3000.0
truncation,1,fno,5.0,9000.0,9000.0,5,3077,0.0372546054422855,0.8426020741462708,3,3000.0
truncation,2,fno,-0.5,21000.0,21001.0,0,5723,0.0460226349532604,0.4079166948795318,7,3000.0
truncation,2,fno,-0.5,21000.0,21002.0,1,5685,0.0458671860396862,0.3902949690818786,7,3000.0
truncation,2,fno,-0.5,21000.0,21001.0,2,5701,0.0452875606715679,0.3793597817420959,7,3000.0
truncation,2,fno,-0.5,21000.0,21003.0,3,5678,0.0452478677034378,0.3851609230041504,7,3000.0
truncation,2,fno,-0.5,21000.0,21002.0,4,5754,0.0445830821990966,0.3860536217689514,7,3000.0
truncation,2,fno,-0.5,21000.0,21005.0,5,5726,0.0454652868211269,0.3966900110244751,7,3000.0
truncation,2,fno,-1.0,2100.0,2100.0,0,609,0.1356204152107238,0.4894761443138122,7,300.0
truncation,2,fno,-1.0,2100.0,2102.0,1,610,0.123875193297863,0.4591458737850189,7,300.0
truncation,2,fno,-1.0,2100.0,2104.0,2,616,0.1189196184277534,0.4352269768714905,7,300.0
truncation,2,fno,-1.0,2100.0,2101.0,3,603,0.1195740327239036,0.4380906522274017,7,300.0
truncation,2,fno,-1.0,2100.0,2101.0,4,648,0.1164564862847328,0.4522797167301178,7,300.0
truncation,2,fno,-1.0,2100.0,2103.0,5,637,0.1186510622501373,0.4758279323577881,7,300.0
truncation,2,fno,-1.0,21000.0,21000.0,0,6298,0.0461850687861442,0.4074665606021881,7,3000.0
truncation,2,fno,-1.0,21000.0,21004.0,1,6221,0.0461117252707481,0.3937956988811493,7,3000.0
truncation,2,fno,-1.0,21000.0,21001.0,2,6246,0.0453221388161182,0.3813201785087585,7,3000.0
truncation,2,fno,-1.0,21000.0,21000.0,3,6215,0.0447724796831607,0.3844006359577179,7,3000.0
truncation,2,fno,-1.0,21000.0,21002.0,4,6298,0.0448075085878372,0.3882445096969604,7,3000.0
truncation,2,fno,-1.0,21000.0,21002.0,5,6311,0.0454444289207458,0.3905290067195892,7,3000.0
truncation,2,fno,-1.0,70.0,74.0,0,21,0.938890814781189,0.9778975248336792,7,10.0
truncation,2,fno,-1.0,70.0,70.0,1,20,0.8919070363044739,0.8708916902542114,7,10.0
truncation,2,fno,-1.0,70.0,73.0,2,24,0.9258785247802734,0.9776832461357116,7,10.0
truncation,2,fno,-1.0,70.0,73.0,3,19,0.9761096239089966,0.9524371027946472,7,10.0
truncation,2,fno,-1.0,70.0,70.0,4,23,1.380887746810913,1.1794391870498655,7,10.0
truncation,2,fno,-1.0,70.0,72.0,5,19,0.9024059772491456,0.9841029047966005,7,10.0
truncation,2,fno,-1.0,700.0,701.0,0,208,0.3095490634441376,0.5471675992012024,7,100.0
truncation,2,fno,-1.0,700.0,704.0,1,206,0.2899658977985382,0.5489925146102905,7,100.0
truncation,2,fno,-1.0,700.0,701.0,2,214,0.2706928253173828,0.5153179168701172,7,100.0
truncation,2,fno,-1.0,700.0,700.0,3,188,0.309104174375534,0.554898738861084,7,100.0
truncation,2,fno,-1.0,700.0,700.0,4,210,0.256052553653717,0.5273334980010986,7,100.0
truncation,2,fno,-1.0,700.0,702.0,5,210,0.2741750180721283,0.5575369000434875,7,100.0
truncation,2,fno,-1.0,7000.0,7001.0,0,2053,0.0616663917899131,0.420872688293457,7,1000.0
truncation,2,fno,-1.0,7000.0,7001.0,1,2056,0.0636294931173324,0.3933228552341461,7,1000.0
truncation,2,fno,-1.0,7000.0,7001.0,2,2066,0.0607290007174015,0.3812708258628845,7,1000.0
truncation,2,fno,-1.0,7000.0,7005.0,3,2063,0.0587214119732379,0.387774109840393,7,1000.0
truncation,2,fno,-1.0,7000.0,7002.0,4,2157,0.0565931387245655,0.3897816240787506,7,1000.0
truncation,2,fno,-1.0,7000.0,7002.0,5,2081,0.0576878115534782,0.4024324417114258,7,1000.0
truncation,2,fno,-1.0,70000.0,70000.0,0,20700,0.0422775484621524,0.4047231078147888,7,10000.0
truncation,2,fno,-1.0,70000.0,70003.0,1,20945,0.0422946736216545,0.3964172303676605,7,10000.0
truncation,2,fno,-1.0,70000.0,70003.0,2,20872,0.0416297279298305,0.3747072517871856,7,10000.0
truncation,2,fno,-1.0,70000.0,70002.0,3,20815,0.0415654107928276,0.3782269954681396,7,10000.0
truncation,2,fno,-1.0,70000.0,70000.0,4,21014,0.0412495322525501,0.3884849548339844,7,10000.0
truncation,2,fno,-1.0,70000.0,70005.0,5,20913,0.040892157703638,0.377279669046402,7,10000.0
truncation,2,fno,-10.0,70.0,70.0,0,54,0.8390629291534424,0.6680413484573364,7,10.0
truncation,2,fno,-10.0,70.0,70.0,1,58,0.8516883850097656,0.6074325442314148,7,10.0
truncation,2,fno,-10.0,70.0,70.0,2,60,0.8338627219200134,0.6836336255073547,7,10.0
truncation,2,fno,-10.0,70.0,70.0,3,54,0.8724608421325684,0.6671985387802124,7,10.0
truncation,2,fno,-10.0,70.0,70.0,4,57,1.4208626747131348,0.7489488124847412,7,10.0
truncation,2,fno,-10.0,70.0,70.0,5,54,0.7886900901794434,0.6969883441925049,7,10.0
truncation,2,fno,-2.0,2100.0,2100.0,0,732,0.1145641505718231,0.4773102402687073,7,300.0
truncation,2,fno,-2.0,2100.0,2102.0,1,730,0.1121322587132453,0.443191796541214,7,300.0
truncation,2,fno,-2.0,2100.0,2100.0,2,741,0.1041830033063888,0.4125835597515106,7,300.0
truncation,2,fno,-2.0,2100.0,2100.0,3,739,0.1003559380769729,0.4235993921756744,7,300.0
truncation,2,fno,-2.0,2100.0,2101.0,4,799,0.1009690836071968,0.435819000005722,7,300.0
truncation,2,fno,-2.0,2100.0,2103.0,5,767,0.1063148006796836,0.4571746587753296,7,300.0
truncation,2,fno,-2.0,700.0,700.0,0,243,0.2714271545410156,0.5449004769325256,7,100.0
truncation,2,fno,-2.0,700.0,703.0,1,247,0.2517673671245575,0.5422067046165466,7,100.0
truncation,2,fno,-2.0,700.0,700.0,2,262,0.2514422237873077,0.5144186019897461,7,100.0
truncation,2,fno,-2.0,700.0,706.0,3,228,0.2496484965085983,0.5253474116325378,7,100.0
truncation,2,fno,-2.0,700.0,701.0,4,261,0.2204609960317611,0.5300541520118713,7,100.0
truncation,2,fno,-2.0,700.0,700.0,5,263,0.2280730009078979,0.5477294325828552,7,100.0
truncation,2,fno,-2.0,7000.0,7001.0,0,2497,0.0578579232096672,0.4166062474250793,7,1000.0
truncation,2,fno,-2.0,7000.0,7001.0,1,2491,0.056820809841156,0.3907484114170074,7,1000.0
truncation,2,fno,-2.0,7000.0,7002.0,2,2500,0.0557156950235366,0.3874433934688568,7,1000.0
truncation,2,fno,-2.0,7000.0,7002.0,3,2490,0.0551089569926261,0.3888859450817108,7,1000.0
truncation,2,fno,-2.0,7000.0,7000.0,4,2581,0.0539933964610099,0.3926709294319153,7,1000.0
truncation,2,fno,-2.0,7000.0,7001.0,5,2523,0.0564422495663166,0.4099927842617035,7,1000.0
truncation,2,fno,-20.0,2100.0,2100.0,0,2028,0.3609800338745117,0.4285292625427246,7,300.0
truncation,2,fno,-20.0,2100.0,2100.0,1,2036,0.3684780299663543,0.4221348762512207,7,300.0
truncation,2,fno,-20.0,2100.0,2100.0,2,2019,0.5101007223129272,0.4398868978023529,7,300.0
truncation,2,fno,-20.0,2100.0,2100.0,3,2023,0.4841915667057037,0.414580762386322,7,300.0
truncation,2,fno,-20.0,2100.0,2100.0,4,2029,0.4415071010589599,0.4403501749038696,7,300.0
truncation,2,fno,-20.0,2100.0,2100.0,5,2040,0.3601014614105224,0.4054787456989288,7,300.0
truncation,2,fno,-20.0,21000.0,21000.0,0,20183,0.2509969174861908,0.4158235788345337,7,3000.0
truncation,2,fno,-20.0,21000.0,21000.0,1,20239,0.2863563597202301,0.4348962604999542,7,3000.0
truncation,2,fno,-20.0,21000.0,21000.0,2,20295,0.4968096911907196,0.4542864561080932,7,3000.0
truncation,2,fno,-20.0,21000.0,21000.0,3,20218,0.4070050716400146,0.3799609541893005,7,3000.0
truncation,2,fno,-20.0,21000.0,21000.0,4,20203,0.4028285443782806,0.4952034950256347,7,3000.0
truncation,2,fno,-20.0,21000.0,21000.0,5,20274,0.184305727481842,0.4301194548606872,7,3000.0
truncation,2,fno,-20.0,70.0,70.0,0,65,0.77925044298172,0.6022985577583313,7,10.0
truncation,2,fno,-20.0,70.0,70.0,1,68,0.8452810645103455,0.5848328471183777,7,10.0
truncation,2,fno,-20.0,70.0,70.0,2,70,0.9124137163162231,0.825063169002533,7,10.0
truncation,2,fno,-20.0,70.0,70.0,3,66,0.8213856816291809,0.658820629119873,7,10.0
truncation,2,fno,-20.0,70.0,70.0,4,67,0.7848077416419983,0.6268624067306519,7,10.0
truncation,2,fno,-20.0,70.0,70.0,5,67,0.7376173138618469,0.6235273480415344,7,10.0
truncation,2,fno,-20.0,700.0,700.0,0,678,0.3990593254566192,0.4747685492038727,7,100.0
truncation,2,fno,-20.0,700.0,700.0,1,674,0.3864677846431732,0.4165111184120178,7,100.0
truncation,2,fno,-20.0,700.0,700.0,2,677,0.6189422607421875,0.5012302994728088,7,100.0
truncation,2,fno,-20.0,700.0,700.0,3,672,0.5175802707672119,0.4066931903362274,7,100.0
truncation,2,fno,-20.0,700.0,700.0,4,680,0.4753912985324859,0.4770292639732361,7,100.0
truncation,2,fno,-20.0,700.0,700.0,5,680,0.3812602162361145,0.4278697967529297,7,100.0
truncation,2,fno,-20.0,7000.0,7000.0,0,6745,0.3248308598995209,0.4125610888004303,7,1000.0
truncation,2,fno,-20.0,7000.0,7000.0,1,6756,0.3438549041748047,0.4147401750087738,7,1000.0
truncation,2,fno,-20.0,7000.0,7000.0,2,6776,0.487896591424942,0.4387398362159729,7,1000.0
truncation,2,fno,-20.0,7000.0,7000.0,3,6720,0.4322609603404999,0.3860600292682647,7,1000.0
truncation,2,fno,-20.0,7000.0,7000.0,4,6744,0.441375195980072,0.4987204372882843,7,1000.0
truncation,2,fno,-20.0,7000.0,7000.0,5,6773,0.2704638540744781,0.4026729464530945,7,1000.0
truncation,2,fno,-20.0,70000.0,70000.0,0,67407,0.256721943616867,0.4372243881225586,7,10000.0
truncation,2,fno,-20.0,70000.0,70000.0,1,67543,0.2929667532444,0.4382056295871734,7,10000.0
truncation,2,fno,-20.0,70000.0,70000.0,2,67587,0.4951704740524292,0.4680305123329162,7,10000.0
truncation,2,fno,-20.0,70000.0,70000.0,3,67455,0.4051270186901092,0.4052525162696838,7,10000.0
truncation,2,fno,-20.0,70000.0,70000.0,4,67459,0.4181531369686126,0.5378990769386292,7,10000.0
truncation,2,fno,-20.0,70000.0,70000.0,5,67466,0.233326107263565,0.4232967793941498,7,10000.0
truncation,2,fno,-3.0,2100.0,2100.0,0,872,0.1048796251416206,0.4686342477798462,7,300.0
truncation,2,fno,-3.0,2100.0,2103.0,1,869,0.0999554768204689,0.433196097612381,7,300.0
truncation,2,fno,-3.0,2100.0,2100.0,2,889,0.0960622206330299,0.4065701067447662,7,300.0
truncation,2,fno,-3.0,2100.0,2102.0,3,878,0.0935395956039428,0.4184821844100952,7,300.0
truncation,2,fno,-3.0,2100.0,2100.0,4,948,0.0927253887057304,0.4287789762020111,7,300.0
truncation,2,fno,-3.0,2100.0,2101.0,5,925,0.0957221835851669,0.444737046957016,7,300.0
truncation,2,fno,-3.0,700.0,701.0,0,302,0.2200862020254135,0.5353332161903381,7,100.0
truncation,2,fno,-3.0,700.0,702.0,1,298,0.2202246040105819,0.5249135494232178,7,100.0
truncation,2,fno,-3.0,700.0,702.0,2,313,0.2172663956880569,0.4771496057510376,7,100.0
truncation,2,fno,-3.0,700.0,700.0,3,277,0.2217480391263961,0.4938229024410248,7,100.0
truncation,2,fno,-3.0,700.0,700.0,4,306,0.1967095285654068,0.5414440631866455,7,100.0
truncation,2,fno,-3.0,700.0,700.0,5,313,0.2081631869077682,0.5267633199691772,7,100.0
truncation,2,fno,-3.0,7000.0,7000.0,0,2986,0.0539470724761486,0.4150260090827942,7,1000.0
truncation,2,fno,-3.0,7000.0,7001.0,1,2991,0.0554108805954456,0.4016802906990051,7,1000.0
truncation,2,fno,-3.0,7000.0,7003.0,2,2993,0.0547334365546703,0.3885656595230102,7,1000.0
truncation,2,fno,-3.0,7000.0,7001.0,3,2978,0.0536807104945182,0.4003047049045563,7,1000.0
truncation,2,fno,-3.0,7000.0,7004.0,4,3047,0.0520004555583,0.3942195773124695,7,1000.0
truncation,2,fno,-3.0,7000.0,7002.0,5,3046,0.0531215220689773,0.399894505739212,7,1000.0
truncation,2,fno,-5.0,2100.0,2100.0,0,1174,0.0958060547709465,0.4609517455101013,7,300.0
truncation,2,fno,-5.0,2100.0,2100.0,1,1189,0.089326873421669,0.4228290319442749,7,300.0
truncation,2,fno,-5.0,2100.0,2100.0,2,1190,0.0976016595959663,0.407633900642395,7,300.0
truncation,2,fno,-5.0,2100.0,2100.0,3,1175,0.0839423090219497,0.4111529588699341,7,300.0
truncation,2,fno,-5.0,2100.0,2100.0,4,1232,0.0842918828129768,0.4196390509605407,7,300.0
truncation,2,fno,-5.0,2100.0,2100.0,5,1211,0.0913097858428955,0.4401407539844513,7,300.0
truncation,2,fno,-5.0,21000.0,21000.0,0,11974,0.048697967082262,0.4265618324279785,7,3000.0
truncation,2,fno,-5.0,21000.0,21000.0,1,11988,0.0470978207886219,0.413446307182312,7,3000.0
truncation,2,fno,-5.0,21000.0,21000.0,2,11968,0.0468773245811462,0.3956467807292938,7,3000.0
truncation,2,fno,-5.0,21000.0,21000.0,3,11904,0.0463473945856094,0.40344899892807,7,3000.0
truncation,2,fno,-5.0,21000.0,21000.0,4,11970,0.0457705408334732,0.4129515886306762,7,3000.0
truncation,2,fno,-5.0,21000.0,21000.0,5,12024,0.0460341051220893,0.4143781960010528,7,3000.0
truncation,2,fno,-5.0,70.0,71.0,0,38,0.8650412559509277,1.0055694580078125,7,10.0
truncation,2,fno,-5.0,70.0,70.0,1,40,0.8446731567382812,0.6651113629341125,7,10.0
truncation,2,fno,-5.0,70.0,70.0,2,39,0.8313517570495605,0.7087399959564209,7,10.0
truncation,2,fno,-5.0,70.0,70.0,3,37,1.1675114631652832,0.8629255294799805,7,10.0
truncation,2,fno,-5.0,70.0,70.0,4,39,1.039559245109558,0.9320908784866332,7,10.0
truncation,2,fno,-5.0,70.0,71.0,5,38,0.8623530268669128,0.7993066310882568,7,10.0
truncation,2,fno,-5.0,700.0,701.0,0,395,0.1969826072454452,0.5174719095230103,7,100.0
truncation,2,fno,-5.0,700.0,703.0,1,409,0.1879297941923141,0.530149519443512,7,100.0
truncation,2,fno,-5.0,700.0,700.0,2,411,0.2462280988693237,0.4229595959186554,7,100.0
truncation,2,fno,-5.0,700.0,705.0,3,367,0.1798205077648162,0.4838268160820007,7,100.0
truncation,2,fno,-5.0,700.0,703.0,4,409,0.1798897832632064,0.4908956885337829,7,100.0
truncation,2,fno,-5.0,700.0,701.0,5,420,0.182411640882492,0.5757814049720764,7,100.0
truncation,2,fno,-5.0,7000.0,7000.0,0,3979,0.0553476400673389,0.430296391248703,7,1000.0
truncation,2,fno,-5.0,7000.0,7000.0,1,3974,0.0542000271379947,0.4131754338741302,7,1000.0
truncation,2,fno,-5.0,7000.0,7002.0,2,3989,0.0548940263688564,0.4025346338748932,7,1000.0
truncation,2,fno,-5.0,7000.0,7000.0,3,3922,0.0525789335370063,0.4092290699481964,7,1000.0
truncation,2,fno,-5.0,7000.0,7001.0,4,4023,0.0516431517899036,0.4106715321540832,7,1000.0
truncation,2,fno,-5.0,7000.0,7000.0,5,4043,0.0525885969400405,0.4089659452438354,7,1000.0
truncation,2,fno,-5.0,70000.0,70003.0,0,39890,0.0457049869000911,0.4083404541015625,7,10000.0
truncation,2,fno,-5.0,70000.0,70004.0,1,39978,0.0446142740547657,0.4172515869140625,7,10000.0
truncation,2,fno,-5.0,70000.0,70001.0,2,40156,0.04445081949234,0.3978004455566406,7,10000.0
truncation,2,fno,-5.0,70000.0,70001.0,3,39770,0.0452184565365314,0.4073031544685364,7,10000.0
truncation,2,fno,-5.0,70000.0,70000.0,4,40080,0.044785089790821,0.4027579426765442,7,10000.0
truncation,2,fno,-5.0,70000.0,70000.0,5,40009,0.0442151948809623,0.3963257372379303,7,10000.0
truncation,2,fno,-7.0,70.0,70.0,0,45,0.8496138453483582,0.8277308344841003,7,10.0
truncation,2,fno,-7.0,70.0,71.0,1,46,0.9789013266563416,0.6942510604858398,7,10.0
truncation,2,fno,-7.0,70.0,70.0,2,51,0.8405242562294006,0.6890431046485901,7,10.0
truncation,2,fno,-7.0,70.0,72.0,3,45,1.135252833366394,0.8043022155761719,7,10.0
truncation,2,fno,-7.0,70.0,70.0,4,48,1.76437246799469,0.8385881781578064,7,10.0
truncation,2,fno,-7.0,70.0,70.0,5,48,0.8099586367607117,0.7177355289459229,7,10.0
truncation,2,fno,0.0,100.0,102.0,1,24,0.9187358021736144,0.8962666392326355,7,14.285714285714286
truncation,2,fno,0.0,100.0,103.0,2,26,1.0062776803970337,0.9870297312736512,7,14.285714285714286
truncation,2,fno,0.0,100.0,102.0,3,24,0.9614814519882202,0.9712648391723632,7,14.285714285714286
truncation,2,fno,0.0,100.0,102.0,4,27,1.1077251434326172,1.028760313987732,7,14.285714285714286
truncation,2,fno,0.0,100.0,102.0,5,22,0.909738302230835,1.0538392066955566,7,14.285714285714286
truncation,2,fno,0.0,2100.0,2104.0,0,512,0.1473678946495056,0.4976046979427337,7,300.0
truncation,2,fno,0.0,2100.0,2105.0,1,514,0.1417085379362106,0.469492495059967,7,300.0
truncation,2,fno,0.0,2100.0,2105.0,2,517,0.1338506639003753,0.4500972628593445,7,300.0
truncation,2,fno,0.0,2100.0,2100.0,3,505,0.1383405327796936,0.4675856530666351,7,300.0
truncation,2,fno,0.0,2100.0,2103.0,4,534,0.1316896378993988,0.4691382050514221,7,300.0
truncation,2,fno,0.0,2100.0,2103.0,5,535,0.1331079006195068,0.4828527867794037,7,300.0
truncation,2,fno,0.0,21000.0,21001.0,0,5262,0.0456685535609722,0.4027662575244903,7,3000.0
truncation,2,fno,0.0,21000.0,21001.0,1,5220,0.046579111367464,0.3880794942378998,7,3000.0
truncation,2,fno,0.0,21000.0,21005.0,2,5217,0.0467111095786094,0.3796528577804565,7,3000.0
truncation,2,fno,0.0,21000.0,21001.0,3,5225,0.0465584695339202,0.3855464458465576,7,3000.0
truncation,2,fno,0.0,21000.0,21000.0,4,5276,0.0454069189727306,0.38670814037323,7,3000.0
truncation,2,fno,0.0,21000.0,21001.0,5,5247,0.0464861579239368,0.3907932341098785,7,3000.0
truncation,2,fno,0.0,70.0,70.0,0,16,0.8635647296905518,1.1151477098464966,7,10.0
truncation,2,fno,0.0,70.0,73.0,1,17,0.8951036930084229,0.9023377299308776,7,10.0
truncation,2,fno,0.0,70.0,72.0,2,21,1.6071288585662842,0.9350627064704896,7,10.0
truncation,2,fno,0.0,70.0,70.0,3,16,0.954362690448761,1.0806273221969604,7,10.0
truncation,2,fno,0.0,70.0,70.0,4,19,1.1137174367904663,1.0432231426239014,7,10.0
truncation,2,fno,0.0,70.0,71.0,5,16,0.9146186709403992,1.0982072353363037,7,10.0
truncation,2,fno,0.0,700.0,705.0,0,177,0.3585848212242126,0.5863391757011414,7,100.0
truncation,2,fno,0.0,700.0,705.0,1,170,0.3613387644290924,0.5426691174507141,7,100.0
truncation,2,fno,0.0,700.0,701.0,2,181,0.3467580676078796,0.5205617547035217,7,100.0
truncation,2,fno,0.0,700.0,703.0,3,160,0.373901218175888,0.5832719206809998,7,100.0
truncation,2,fno,0.0,700.0,700.0,4,173,0.2759391963481903,0.5807065963745117,7,100.0
truncation,2,fno,0.0,700.0,703.0,5,178,0.3145677447319031,0.5763227939605713,7,100.0
truncation,2,fno,0.0,7000.0,7003.0,0,1725,0.0660614445805549,0.4202252924442291,7,1000.0
truncation,2,fno,0.0,7000.0,7001.0,1,1716,0.0661014318466186,0.3952601552009582,7,1000.0
truncation,2,fno,0.0,7000.0,7001.0,2,1728,0.0635246932506561,0.390643298625946,7,1000.0
truncation,2,fno,0.0,7000.0,7002.0,3,1729,0.0606875009834766,0.3884641528129577,7,1000.0
truncation,2,fno,0.0,7000.0,7001.0,4,1796,0.0625806152820587,0.3952553570270538,7,1000.0
truncation,2,fno,0.0,7000.0,7005.0,5,1734,0.0603620335459709,0.4048816561698913,7,1000.0
truncation,2,fno,0.0,70000.0,70000.0,0,17356,0.0424040406942367,0.4019502401351928,7,10000.0
truncation,2,fno,0.0,70000.0,70001.0,1,17582,0.0422061085700988,0.3870292901992798,7,10000.0
truncation,2,fno,0.0,70000.0,70000.0,2,17403,0.0411892794072628,0.3704271614551544,7,10000.0
truncation,2,fno,0.0,70000.0,70000.0,3,17472,0.0419220067560672,0.3776786625385284,7,10000.0
truncation,2,fno,0.0,70000.0,70001.0,4,17543,0.0409515276551246,0.3889708220958709,7,10000.0
truncation,2,fno,0.0,70000.0,70001.0,5,17495,0.0405747964978218,0.3836551606655121,7,10000.0
truncation,2,fno,0.5,21000.0,21001.0,0,4875,0.0473596006631851,0.3988430798053741,7,3000.0
truncation,2,fno,0.5,21000.0,21001.0,1,4838,0.0473941303789615,0.3894022405147552,7,3000.0
truncation,2,fno,0.5,21000.0,21005.0,2,4831,0.0469396859407424,0.3783662617206573,7,3000.0
truncation,2,fno,0.5,21000.0,21000.0,3,4836,0.0461170859634876,0.3873131573200226,7,3000.0
truncation,2,fno,0.5,21000.0,21003.0,4,4865,0.0463918857276439,0.3911258578300476,7,3000.0
truncation,2,fno,0.5,21000.0,21001.0,5,4840,0.046408537775278,0.3968949317932129,7,3000.0
truncation,2,fno,1.0,2100.0,2101.0,0,448,0.156615525484085,0.5148419141769409,7,300.0
truncation,2,fno,1.0,2100.0,2104.0,1,452,0.1567050367593765,0.4790839552879333,7,300.0
truncation,2,fno,1.0,2100.0,2102.0,2,449,0.142586663365364,0.4587366878986358,7,300.0
truncation,2,fno,1.0,2100.0,2101.0,3,436,0.1451817154884338,0.4841316044330597,7,300.0
truncation,2,fno,1.0,2100.0,2100.0,4,455,0.141538068652153,0.483295738697052,7,300.0
truncation,2,fno,1.0,2100.0,2102.0,5,457,0.1401693671941757,0.4922196865081787,7,300.0
truncation,2,fno,1.0,21000.0,21002.0,0,4529,0.046924702823162,0.39868825674057,7,3000.0
truncation,2,fno,1.0,21000.0,21004.0,1,4529,0.0480673722922802,0.3865768015384674,7,3000.0
truncation,2,fno,1.0,21000.0,21001.0,2,4502,0.0479707904160022,0.3778851628303528,7,3000.0
truncation,2,fno,1.0,21000.0,21000.0,3,4487,0.0469434075057506,0.3841336667537689,7,3000.0
truncation,2,fno,1.0,21000.0,21002.0,4,4527,0.0469516664743423,0.3949839770793915,7,3000.0
truncation,2,fno,1.0,21000.0,21002.0,5,4496,0.0473229475319385,0.3914425671100616,7,3000.0
truncation,2,fno,1.0,70.0,73.0,0,14,0.8730802536010742,1.12723708152771,7,10.0
truncation,2,fno,1.0,70.0,75.0,1,15,0.8853757381439209,1.0724101066589355,7,10.0
truncation,2,fno,1.0,70.0,74.0,2,18,1.2450155019760132,1.2131184339523315,7,10.0
truncation,2,fno,1.0,70.0,72.0,3,14,1.0085604190826416,1.1329973936080933,7,10.0
truncation,2,fno,1.0,70.0,76.0,4,18,1.0042195320129397,1.1163407564163208,7,10.0
truncation,2,fno,1.0,70.0,70.0,5,14,0.9179848432540894,1.0929604768753052,7,10.0
truncation,2,fno,1.0,700.0,702.0,0,156,0.3978559076786041,0.603786289691925,7,100.0
truncation,2,fno,1.0,700.0,702.0,1,150,0.4131509363651275,0.5598564743995667,7,100.0
truncation,2,fno,1.0,700.0,700.0,2,154,0.4105235338211059,0.5434125661849976,7,100.0
truncation,2,fno,1.0,700.0,702.0,3,141,0.5003357529640198,0.6039438247680664,7,100.0
truncation,2,fno,1.0,700.0,700.0,4,150,0.3159503042697906,0.5815579295158386,7,100.0
truncation,2,fno,1.0,700.0,702.0,5,151,0.3804356157779693,0.6611131429672241,7,100.0
truncation,2,fno,1.0,7000.0,7003.0,0,1481,0.0692954063415527,0.431272804737091,7,1000.0
truncation,2,fno,1.0,7000.0,7003.0,1,1492,0.074752502143383,0.3963220119476318,7,1000.0
truncation,2,fno,1.0,7000.0,7001.0,2,1487,0.0636781454086303,0.3939378559589386,7,1000.0
truncation,2,fno,1.0,7000.0,7000.0,3,1496,0.064764566719532,0.3969795107841491,7,1000.0
truncation,2,fno,1.0,7000.0,7001.0,4,1535,0.0680153518915176,0.3958556950092315,7,1000.0
truncation,2,fno,1.0,7000.0,7003.0,5,1497,0.0672683045268058,0.4087729454040527,7,1000.0
truncation,2,fno,1.0,70000.0,70000.0,0,15013,0.0424591451883316,0.4003313481807709,7,10000.0
truncation,2,fno,1.0,70000.0,70005.0,1,15086,0.0424760207533836,0.383832037448883,7,10000.0
truncation,2,fno,1.0,70000.0,70001.0,2,14941,0.0417069047689437,0.3781769573688507,7,10000.0
truncation,2,fno,1.0,70000.0,70000.0,3,15032,0.0420289896428585,0.3866074681282043,7,10000.0
truncation,2,fno,1.0,70000.0,70003.0,4,15047,0.0410326644778251,0.379230260848999,7,10000.0
truncation,2,fno,1.0,70000.0,70003.0,5,15005,0.0403434261679649,0.3700403571128845,7,10000.0
truncation,2,fno,10.0,70000.0,70001.0,0,10351,0.0411186218261718,0.3898934125900268,7,10000.0
truncation,2,fno,10.0,70000.0,70004.0,1,10348,0.0427564233541488,0.3838817775249481,7,10000.0
truncation,2,fno,10.0,70000.0,70000.0,2,10339,0.0425840616226196,0.3787643313407898,7,10000.0
truncation,2,fno,10.0,70000.0,70000.0,3,10347,0.041098840534687,0.3798563182353973,7,10000.0
truncation,2,fno,10.0,70000.0,70001.0,4,10335,0.042114820331335,0.3916451930999756,7,10000.0
truncation,2,fno,10.0,70000.0,70005.0,5,10331,0.0402673222124576,0.3800714910030365,7,10000.0
truncation,2,fno,20.0,2100.0,2106.0,0,303,0.1895641535520553,0.5463756322860718,7,300.0
truncation,2,fno,20.0,2100.0,2106.0,1,303,0.1795022189617157,0.5192012786865234,7,300.0
truncation,2,fno,20.0,2100.0,2105.0,2,302,0.1665248125791549,0.4998873770236969,7,300.0
truncation,2,fno,20.0,2100.0,2103.0,3,302,0.1732577830553054,0.5248907804489136,7,300.0
truncation,2,fno,20.0,2100.0,2100.0,4,301,0.1612484753131866,0.5217018127441406,7,300.0
truncation,2,fno,20.0,2100.0,2101.0,5,302,0.1673036366701126,0.5533010959625244,7,300.0
truncation,2,fno,20.0,21000.0,21000.0,0,3017,0.0512749329209327,0.4137229323387146,7,3000.0
truncation,2,fno,20.0,21000.0,21006.0,1,3016,0.0509052537381649,0.3847438991069793,7,3000.0
truncation,2,fno,20.0,21000.0,21002.0,2,3015,0.049341257661581,0.3798000514507293,7,3000.0
truncation,2,fno,20.0,21000.0,21005.0,3,3018,0.0499027334153652,0.3973473906517029,7,3000.0
truncation,2,fno,20.0,21000.0,21006.0,4,3017,0.0493997186422348,0.3915566205978393,7,3000.0
truncation,2,fno,20.0,21000.0,21005.0,5,3013,0.0480473116040229,0.3939559161663055,7,3000.0
truncation,2,fno,20.0,70.0,70.0,0,10,0.878762423992157,1.3073110580444336,7,10.0
truncation,2,fno,20.0,70.0,70.0,1,10,1.007808804512024,1.311885952949524,7,10.0
truncation,2,fno,20.0,70.0,70.0,2,10,1.0820518732070925,1.6388131380081177,7,10.0
truncation,2,fno,20.0,70.0,76.0,3,11,0.9389923810958862,1.3944960832595823,7,10.0
truncation,2,fno,20.0,70.0,70.0,4,10,1.0001732110977173,1.359402418136597,7,10.0
truncation,2,fno,20.0,70.0,70.0,5,10,1.0352946519851685,1.558342218399048,7,10.0
truncation,2,fno,20.0,700.0,700.0,0,101,0.6352248787879944,0.6610879302024841,7,100.0
truncation,2,fno,20.0,700.0,704.0,1,101,0.5538761019706726,0.6710604429244995,7,100.0
truncation,2,fno,20.0,700.0,706.0,2,101,0.5547545552253723,0.6460942625999451,7,100.0
truncation,2,fno,20.0,700.0,702.0,3,101,0.5808651447296143,0.701596200466156,7,100.0
truncation,2,fno,20.0,700.0,700.0,4,100,0.4220848679542541,0.665543794631958,7,100.0
truncation,2,fno,20.0,700.0,704.0,5,101,0.5444852113723755,0.7052117586135864,7,100.0
truncation,2,fno,20.0,7000.0,7001.0,0,1005,0.0804050788283348,0.4419574737548828,7,1000.0
truncation,2,fno,20.0,7000.0,7003.0,1,1005,0.0824086740612983,0.4118503928184509,7,1000.0
truncation,2,fno,20.0,7000.0,7001.0,2,1005,0.073176734149456,0.4024166762828827,7,1000.0
truncation,2,fno,20.0,7000.0,7006.0,3,1007,0.0791007801890373,0.4217089116573334,7,1000.0
truncation,2,fno,20.0,7000.0,7000.0,4,1006,0.0752160102128982,0.4185675382614136,7,1000.0
truncation,2,fno,20.0,7000.0,7002.0,5,1004,0.0776546746492385,0.4320814311504364,7,1000.0
truncation,2,fno,20.0,70000.0,70005.0,0,10057,0.0416028313338756,0.4087547957897186,7,10000.0
truncation,2,fno,20.0,70000.0,70002.0,1,10051,0.0425714738667011,0.3869890868663788,7,10000.0
truncation,2,fno,20.0,70000.0,70002.0,2,10054,0.0418968759477138,0.3827222287654876,7,10000.0
truncation,2,fno,20.0,70000.0,70004.0,3,10056,0.0404360629618167,0.3787137269973755,7,10000.0
truncation,2,fno,20.0,70000.0,70005.0,4,10052,0.0419627912342548,0.38532754778862,7,10000.0
truncation,2,fno,20.0,70000.0,70000.0,5,10050,0.0411276035010814,0.3921438455581665,7,10000.0
truncation,2,fno,5.0,2100.0,2105.0,0,340,0.1789557486772537,0.5342558026313782,7,300.0
truncation,2,fno,5.0,2100.0,2102.0,1,335,0.1679539978504181,0.5166345238685608,7,300.0
truncation,2,fno,5.0,2100.0,2103.0,2,336,0.1566931754350662,0.4869663119316101,7,300.0
truncation,2,fno,5.0,2100.0,2101.0,3,333,0.1661221235990524,0.5196915864944458,7,300.0
truncation,2,fno,5.0,2100.0,2103.0,4,332,0.1563804745674133,0.4987726211547851,7,300.0
truncation,2,fno,5.0,2100.0,2102.0,5,339,0.1601299494504928,0.5343195796012878,7,300.0
truncation,2,fno,5.0,21000.0,21006.0,0,3356,0.0503587611019611,0.4106244444847107,7,3000.0
truncation,2,fno,5.0,21000.0,21003.0,1,3365,0.0523074120283126,0.391304463148117,7,3000.0
truncation,2,fno,5.0,21000.0,21002.0,2,3361,0.0502354763448238,0.3875115215778351,7,3000.0
truncation,2,fno,5.0,21000.0,21000.0,3,3366,0.0495017990469932,0.3870601654052734,7,3000.0
truncation,2,fno,5.0,21000.0,21003.0,4,3365,0.04865488037467,0.3960262238979339,7,3000.0
truncation,2,fno,5.0,21000.0,21002.0,5,3340,0.0489899814128875,0.3984715640544891,7,3000.0
truncation,2,fno,5.0,70.0,70.0,0,11,0.8711361289024353,1.234832763671875,7,10.0
truncation,2,fno,5.0,70.0,74.0,1,12,0.9657621383666992,1.2329212427139282,7,10.0
truncation,2,fno,5.0,70.0,70.0,2,12,0.9905822277069092,1.3351421356201172,7,10.0
truncation,2,fno,5.0,70.0,74.0,3,12,0.9918164014816284,1.2650020122528076,7,10.0
truncation,2,fno,5.0,70.0,70.0,4,11,0.9402251839637756,1.1352828741073608,7,10.0
truncation,2,fno,5.0,70.0,75.0,5,12,1.0026791095733645,1.347631812095642,7,10.0
truncation,2,fno,5.0,700.0,703.0,0,117,0.5491848587989807,0.640326201915741,7,100.0
truncation,2,fno,5.0,700.0,701.0,1,113,0.51218181848526,0.6357364654541016,7,100.0
truncation,2,fno,5.0,700.0,706.0,2,112,0.4965399205684662,0.6049571633338928,7,100.0
truncation,2,fno,5.0,700.0,701.0,3,111,0.5744947195053101,0.6350355744361877,7,100.0
truncation,2,fno,5.0,700.0,702.0,4,110,0.4233762323856354,0.6322256326675415,7,100.0
truncation,2,fno,5.0,700.0,703.0,5,112,0.503984808921814,0.668670654296875,7,100.0
truncation,2,fno,5.0,7000.0,7005.0,0,1113,0.076767697930336,0.4396651685237884,7,1000.0
truncation,2,fno,5.0,7000.0,7005.0,1,1111,0.0786148160696029,0.4055013954639435,7,1000.0
truncation,2,fno,5.0,7000.0,7003.0,2,1110,0.0709078684449195,0.3972546756267547,7,1000.0
truncation,2,fno,5.0,7000.0,7002.0,3,1126,0.075854979455471,0.4172139167785644,7,1000.0
truncation,2,fno,5.0,7000.0,7005.0,4,1129,0.0731350630521774,0.4162287712097168,7,1000.0
truncation,2,fno,5.0,7000.0,7006.0,5,1115,0.0775532573461532,0.4287958741188049,7,1000.0
truncation,2,fno,5.0,70000.0,70006.0,0,11212,0.0416129976511001,0.4027632176876068,7,10000.0
truncation,2,fno,5.0,70000.0,70005.0,1,11198,0.0431410446763038,0.3892315924167633,7,10000.0
truncation,2,fno,5.0,70000.0,70004.0,2,11180,0.0419688373804092,0.3804388046264648,7,10000.0
truncation,2,fno,5.0,70000.0,70000.0,3,11219,0.0421889163553714,0.3837039768695831,7,10000.0
truncation,2,fno,5.0,70000.0,70000.0,4,11182,0.0429781600832939,0.3950992524623871,7,10000.0
truncation,2,fno,5.0,70000.0,70004.0,5,11164,0.0407087467610836,0.381823867559433,7,10000.0
truncation,2,fno,7.0,70000.0,70000.0,0,10702,0.0430072247982025,0.410063624382019,7,10000.0
truncation,2,fno,7.0,70000.0,70000.0,1,10696,0.0430700294673442,0.387170135974884,7,10000.0
truncation,2,fno,7.0,70000.0,70005.0,2,10677,0.0428086854517459,0.3834683895111084,7,10000.0
truncation,2,fno,7.0,70000.0,70002.0,3,10698,0.0416470319032669,0.3875538408756256,7,10000.0
truncation,2,fno,7.0,70000.0,70005.0,4,10687,0.0427736453711986,0.388427734375,7,10000.0
truncation,2,fno,7.0,70000.0,70004.0,5,10669,0.0409523770213127,0.3914327919483185,7,10000.0
truncation,1,unet,-0.25,1100.0,1100.0,0,563,0.0893990024924278,0.5233972072601318,3,366.6666666666667
truncation,1,unet,-0.25,1100.0,1100.0,1,564,0.0884349346160888,0.4960738122463226,3,366.6666666666667
truncation,1,unet,-0.25,1100.0,1100.0,2,572,0.0862414166331291,0.5158950090408325,3,366.6666666666667
truncation,1,unet,-0.25,1100.0,1100.0,3,561,0.0980698838829994,0.4977338314056396,3,366.6666666666667
truncation,1,unet,-0.25,1100.0,1101.0,4,586,0.0900006145238876,0.484021246433258,3,366.6666666666667
truncation,1,unet,-0.25,1100.0,1101.0,5,586,0.0809274166822433,0.5213214159011841,3,366.6666666666667
truncation,1,unet,-0.25,1560.0,1560.0,0,796,0.0587400645017623,0.5028014779090881,3,520.0
truncation,1,unet,-0.25,1560.0,1561.0,1,792,0.0569023825228214,0.5252223610877991,3,520.0
truncation,1,unet,-0.25,1560.0,1561.0,2,804,0.0604587532579898,0.5156970620155334,3,520.0
truncation,1,unet,-0.25,1560.0,1562.0,3,808,0.0579364672303199,0.5074243545532227,3,520.0
truncation,1,unet,-0.25,1560.0,1560.0,4,837,0.0620565824210643,0.4654930830001831,3,520.0
truncation,1,unet,-0.25,1560.0,1562.0,5,822,0.0524435266852378,0.5330175757408142,3,520.0
truncation,1,unet,-0.25,165.0,165.0,0,89,1.035568356513977,3.748524188995361,3,55.0
truncation,1,unet,-0.25,165.0,165.0,1,85,0.845626175403595,1.3784829378128052,3,55.0
truncation,1,unet,-0.25,165.0,165.0,2,90,0.4039357900619507,1.5377870798110962,3,55.0
truncation,1,unet,-0.25,165.0,166.0,3,83,0.8236525654792786,1.2742458581924438,3,55.0
truncation,1,unet,-0.25,165.0,166.0,4,86,0.6816577911376953,1.1968055963516235,3,55.0
truncation,1,unet,-0.25,165.0,165.0,5,84,0.8393206596374512,1.2560878992080688,3,55.0
truncation,1,unet,-0.25,16500.0,16501.0,0,8616,0.0178340151906013,0.5503731369972229,3,5500.0
truncation,1,unet,-0.25,16500.0,16500.0,1,8618,0.0187049265950918,0.5479068756103516,3,5500.0
truncation,1,unet,-0.25,16500.0,16501.0,2,8555,0.0166376829147338,0.4960899949073791,3,5500.0
truncation,1,unet,-0.25,16500.0,16500.0,3,8583,0.0165900513529777,0.4992237389087677,3,5500.0
truncation,1,unet,-0.25,16500.0,16500.0,4,8621,0.0164147354662418,0.4717098772525787,3,5500.0
truncation,1,unet,-0.25,16500.0,16500.0,5,8636,0.0189760345965623,0.5163937211036682,3,5500.0
truncation,1,unet,-0.25,1900.0,1900.0,0,963,0.0416330099105834,0.5088905692100525,3,633.3333333333334
truncation,1,unet,-0.25,1900.0,1901.0,1,970,0.0443615987896919,0.5288556814193726,3,633.3333333333334
truncation,1,unet,-0.25,1900.0,1901.0,2,981,0.0496911071240901,0.5075564384460449,3,633.3333333333334
truncation,1,unet,-0.25,1900.0,1901.0,3,983,0.0422615632414817,0.4950039088726043,3,633.3333333333334
truncation,1,unet,-0.25,1900.0,1900.0,4,1018,0.0428861416876316,0.4692539870738983,3,633.3333333333334
truncation,1,unet,-0.25,1900.0,1900.0,5,1002,0.0426285192370414,0.512934148311615,3,633.3333333333334
truncation,1,unet,-0.25,3000.0,3000.0,0,1538,0.0285062100738286,0.5297574400901794,3,1000.0
truncation,1,unet,-0.25,3000.0,3000.0,1,1544,0.0298518072813749,0.5473207831382751,3,1000.0
truncation,1,unet,-0.25,3000.0,3002.0,2,1554,0.0337780453264713,0.4995844662189483,3,1000.0
truncation,1,unet,-0.25,3000.0,3001.0,3,1548,0.0271845757961273,0.498962253332138,3,1000.0
truncation,1,unet,-0.25,3000.0,3001.0,4,1590,0.0259121283888816,0.460223376750946,3,1000.0
truncation,1,unet,-0.25,3000.0,3002.0,5,1576,0.0269927736371755,0.514164924621582,3,1000.0
truncation,1,unet,-0.25,30000.0,30000.0,0,15599,0.0166786201298236,0.5262914896011353,3,10000.0
truncation,1,unet,-0.25,30000.0,30001.0,1,15719,0.016739496961236,0.5567541718482971,3,10000.0
truncation,1,unet,-0.25,30000.0,30002.0,2,15538,0.016748933121562,0.4928058385848999,3,10000.0
truncation,1,unet,-0.25,30000.0,30002.0,3,15617,0.0168527904897928,0.5018972754478455,3,10000.0
truncation,1,unet,-0.25,30000.0,30001.0,4,15656,0.015842530876398,0.4918131232261657,3,10000.0
truncation,1,unet,-0.25,30000.0,30002.0,5,15649,0.0182317811995744,0.5264037847518921,3,10000.0
truncation,1,unet,-0.25,400.0,401.0,0,209,0.4200975000858307,0.6271778345108032,3,133.33333333333334
truncation,1,unet,-0.25,400.0,400.0,1,204,0.5194623470306396,0.693052351474762,3,133.33333333333334
truncation,1,unet,-0.25,400.0,400.0,2,215,0.4202115535736084,0.670798659324646,3,133.33333333333334
truncation,1,unet,-0.25,400.0,400.0,3,196,0.5537915229797363,0.7312265038490295,3,133.33333333333334
truncation,1,unet,-0.25,400.0,400.0,4,208,0.4755190908908844,0.6606577634811401,3,133.33333333333334
truncation,1,unet,-0.25,400.0,402.0,5,212,0.4381240308284759,0.7587601542472839,3,133.33333333333334
truncation,1,unet,-0.25,52.0,52.0,0,28,1.381716251373291,13.412992477416992,3,17.333333333333332
truncation,1,unet,-0.25,52.0,52.0,1,28,1.134348750114441,7.573388576507568,3,17.333333333333332
truncation,1,unet,-0.25,52.0,52.0,2,29,1.2289884090423584,9.688085556030272,3,17.333333333333332
truncation,1,unet,-0.25,52.0,52.0,3,27,1.0621628761291504,10.045746803283691,3,17.333333333333332
truncation,1,unet,-0.25,52.0,54.0,4,29,1.1053783893585205,6.419730186462402,3,17.333333333333332
truncation,1,unet,-0.25,52.0,52.0,5,25,1.2234867811203003,11.67538070678711,3,17.333333333333332
truncation,1,unet,-0.25,520.0,520.0,0,270,0.2614794075489044,0.5268084406852722,3,173.33333333333334
truncation,1,unet,-0.25,520.0,521.0,1,264,0.298321783542633,0.5753863453865051,3,173.33333333333334
truncation,1,unet,-0.25,520.0,521.0,2,276,0.3024731278419494,0.5998606085777283,3,173.33333333333334
truncation,1,unet,-0.25,520.0,521.0,3,260,0.3514594137668609,0.57510906457901,3,173.33333333333334
truncation,1,unet,-0.25,520.0,520.0,4,271,0.30568727850914,0.5653843283653259,3,173.33333333333334
truncation,1,unet,-0.25,520.0,522.0,5,275,0.2731065452098846,0.5930449366569519,3,173.33333333333334
truncation,1,unet,-0.25,5200.0,5201.0,0,2689,0.0222791694104671,0.5209252834320068,3,1733.3333333333333
truncation,1,unet,-0.25,5200.0,5201.0,1,2697,0.0217487290501594,0.5448244214057922,3,1733.3333333333333
truncation,1,unet,-0.25,5200.0,5200.0,2,2703,0.0231308359652757,0.513178825378418,3,1733.3333333333333
truncation,1,unet,-0.25,5200.0,5201.0,3,2716,0.02065284922719,0.4959065914154053,3,1733.3333333333333
truncation,1,unet,-0.25,5200.0,5201.0,4,2752,0.0218132734298706,0.4874590635299682,3,1733.3333333333333
truncation,1,unet,-0.25,5200.0,5202.0,5,2720,0.0202791262418031,0.5145715475082397,3,1733.3333333333333
truncation,1,unet,-0.25,700.0,700.0,0,368,0.1332648992538452,0.5424709916114807,3,233.33333333333334
truncation,1,unet,-0.25,700.0,700.0,1,364,0.1705709844827652,0.5196662545204163,3,233.33333333333334
truncation,1,unet,-0.25,700.0,701.0,2,368,0.1766290962696075,0.5368483066558838,3,233.33333333333334
truncation,1,unet,-0.25,700.0,700.0,3,353,0.1899076104164123,0.5301656126976013,3,233.33333333333334
truncation,1,unet,-0.25,700.0,700.0,4,365,0.1893333345651626,0.5030665397644043,3,233.33333333333334
truncation,1,unet,-0.25,700.0,700.0,5,371,0.1659586429595947,0.5395842790603638,3,233.33333333333334
truncation,1,unet,-0.5,1100.0,1100.0,0,591,0.0819234997034072,0.5252715349197388,3,366.6666666666667
truncation,1,unet,-0.5,1100.0,1100.0,1,587,0.0839667841792106,0.5180284976959229,3,366.6666666666667
truncation,1,unet,-0.5,1100.0,1101.0,2,592,0.0807296559214592,0.5089541673660278,3,366.6666666666667
truncation,1,unet,-0.5,1100.0,1101.0,3,577,0.0977088138461113,0.5028803944587708,3,366.6666666666667
truncation,1,unet,-0.5,1100.0,1100.0,4,608,0.0927281752228736,0.4801398813724518,3,366.6666666666667
truncation,1,unet,-0.5,1100.0,1101.0,5,610,0.0780513063073158,0.5226783156394958,3,366.6666666666667
truncation,1,unet,-0.5,1560.0,1562.0,0,835,0.0518029294908046,0.5056172013282776,3,520.0
truncation,1,unet,-0.5,1560.0,1560.0,1,822,0.0541274026036262,0.5351070761680603,3,520.0
truncation,1,unet,-0.5,1560.0,1560.0,2,839,0.0546314902603626,0.5152917504310608,3,520.0
truncation,1,unet,-0.5,1560.0,1560.0,3,835,0.0559002049267292,0.5085647702217102,3,520.0
truncation,1,unet,-0.5,1560.0,1561.0,4,879,0.0593045987188816,0.4700760245323181,3,520.0
truncation,1,unet,-0.5,1560.0,1562.0,5,856,0.0477899350225925,0.5201076865196228,3,520.0
truncation,1,unet,-0.5,165.0,166.0,0,94,0.9296172261238098,2.870090961456299,3,55.0
truncation,1,unet,-0.5,165.0,167.0,1,90,0.8637780547142029,2.408886432647705,3,55.0
truncation,1,unet,-0.5,165.0,165.0,2,93,0.7977680563926697,1.264909744262695,3,55.0
truncation,1,unet,-0.5,165.0,166.0,3,85,0.9066855907440186,2.33312463760376,3,55.0
truncation,1,unet,-0.5,165.0,165.0,4,90,0.7710610628128052,1.6845208406448364,3,55.0
truncation,1,unet,-0.5,165.0,165.0,5,85,0.9700184464454652,1.4356096982955933,3,55.0
truncation,1,unet,-0.5,16500.0,16502.0,0,9000,0.0179194491356611,0.5382950305938721,3,5500.0
truncation,1,unet,-0.5,16500.0,16500.0,1,9000,0.0180733446031808,0.5321981310844421,3,5500.0
truncation,1,unet,-0.5,16500.0,16500.0,2,8954,0.0173963569104671,0.4914687275886535,3,5500.0
truncation,1,unet,-0.5,16500.0,16501.0,3,8987,0.0166866537183523,0.5093740224838257,3,5500.0
truncation,1,unet,-0.5,16500.0,16500.0,4,8993,0.0169609524309635,0.4814882576465606,3,5500.0
truncation,1,unet,-0.5,16500.0,16500.0,5,9008,0.0187425352632999,0.5166193246841431,3,5500.0
truncation,1,unet,-0.5,1900.0,1901.0,0,1014,0.0391193814575672,0.5053260326385498,3,633.3333333333334
truncation,1,unet,-0.5,1900.0,1900.0,1,1007,0.0416044816374778,0.5322614312171936,3,633.3333333333334
truncation,1,unet,-0.5,1900.0,1901.0,2,1020,0.0514509044587612,0.5188224911689758,3,633.3333333333334
truncation,1,unet,-0.5,1900.0,1900.0,3,1023,0.039314828813076,0.4977847039699554,3,633.3333333333334
truncation,1,unet,-0.5,1900.0,1901.0,4,1065,0.0406581535935401,0.4738155901432037,3,633.3333333333334
truncation,1,unet,-0.5,1900.0,1900.0,5,1045,0.0385709814727306,0.5080480575561523,3,633.3333333333334
truncation,1,unet,-0.5,30.0,30.0,0,13,1.412800431251526,17.99462890625,3,10.0
truncation,1,unet,-0.5,30.0,30.0,1,16,1.4261822700500488,15.775858879089355,3,10.0
truncation,1,unet,-0.5,30.0,30.0,2,20,1.8934911489486692,16.29190444946289,3,10.0
truncation,1,unet,-0.5,30.0,30.0,3,14,1.2038544416427612,18.454803466796875,3,10.0
truncation,1,unet,-0.5,30.0,30.0,4,18,1.4263330698013306,16.540876388549805,3,10.0
truncation,1,unet,-0.5,30.0,30.0,5,14,1.1776825189590454,16.705366134643555,3,10.0
truncation,1,unet,-0.5,300.0,301.0,0,165,0.6260907053947449,0.8513221740722656,3,100.0
truncation,1,unet,-0.5,300.0,300.0,1,160,0.6760739684104919,0.964160144329071,3,100.0
truncation,1,unet,-0.5,300.0,302.0,2,172,0.5617886781692505,0.938318133354187,3,100.0
truncation,1,unet,-0.5,300.0,301.0,3,150,0.707545816898346,1.046470284461975,3,100.0
truncation,1,unet,-0.5,300.0,301.0,4,164,0.5120357275009155,0.7745503187179565,3,100.0
truncation,1,unet,-0.5,300.0,300.0,5,162,0.5309873223304749,1.0434932708740234,3,100.0
truncation,1,unet,-0.5,3000.0,3000.0,0,1619,0.02788657695055,0.5216949582099915,3,1000.0
truncation,1,unet,-0.5,3000.0,3000.0,1,1606,0.0293090529739856,0.5468970537185669,3,1000.0
truncation,1,unet,-0.5,3000.0,3000.0,2,1620,0.0335564464330673,0.5101150870323181,3,1000.0
truncation,1,unet,-0.5,3000.0,3001.0,3,1612,0.0266283322125673,0.5021935105323792,3,1000.0
truncation,1,unet,-0.5,3000.0,3000.0,4,1668,0.0265482887625694,0.4746896922588348,3,1000.0
truncation,1,unet,-0.5,3000.0,3000.0,5,1634,0.0264853946864604,0.5110357403755188,3,1000.0
truncation,1,unet,-0.5,30000.0,30001.0,0,16255,0.0177748017013072,0.527524471282959,3,10000.0
truncation,1,unet,-0.5,30000.0,30001.0,1,16403,0.016982028260827,0.5597299933433533,3,10000.0
truncation,1,unet,-0.5,30000.0,30001.0,2,16263,0.0165805611759424,0.4907757341861725,3,10000.0
truncation,1,unet,-0.5,30000.0,30002.0,3,16334,0.0162916723638772,0.5114532709121704,3,10000.0
truncation,1,unet,-0.5,30000.0,30001.0,4,16380,0.0175415221601724,0.5012466311454773,3,10000.0
truncation,1,unet,-0.5,30000.0,30000.0,5,16345,0.0180674605071544,0.5431716442108154,3,10000.0
truncation,1,unet,-0.5,400.0,401.0,0,218,0.3891506195068359,0.5888757705688477,3,133.33333333333334
truncation,1,unet,-0.5,400.0,400.0,1,215,0.4675559997558594,0.6310874223709106,3,133.33333333333334
truncation,1,unet,-0.5,400.0,401.0,2,225,0.3979537189006805,0.6574952602386475,3,133.33333333333334
truncation,1,unet,-0.5,400.0,400.0,3,201,0.5324612855911255,0.6881774663925171,3,133.33333333333334
truncation,1,unet,-0.5,400.0,401.0,4,218,0.4254418015480041,0.615365207195282,3,133.33333333333334
truncation,1,unet,-0.5,400.0,400.0,5,215,0.42854705452919,0.7466021776199341,3,133.33333333333334
truncation,1,unet,-0.5,52.0,53.0,0,29,1.2805873155593872,12.605151176452637,3,17.333333333333332
truncation,1,unet,-0.5,52.0,54.0,1,29,1.0848045349121094,6.548207759857178,3,17.333333333333332
truncation,1,unet,-0.5,52.0,53.0,2,31,1.3506470918655396,9.634119987487791,3,17.333333333333332
truncation,1,unet,-0.5,52.0,52.0,3,28,1.0070339441299438,9.784796714782717,3,17.333333333333332
truncation,1,unet,-0.5,52.0,53.0,4,29,0.951807975769043,7.024190425872803,3,17.333333333333332
truncation,1,unet,-0.5,52.0,52.0,5,25,1.2279760837554932,11.631449699401855,3,17.333333333333332
truncation,1,unet,-0.5,520.0,520.0,0,283,0.2582221627235412,0.5454508066177368,3,173.33333333333334
truncation,1,unet,-0.5,520.0,520.0,1,276,0.2725740671157837,0.565082311630249,3,173.33333333333334
truncation,1,unet,-0.5,520.0,521.0,2,290,0.3109985291957855,0.5986258387565613,3,173.33333333333334
truncation,1,unet,-0.5,520.0,520.0,3,267,0.3826885223388672,0.5848293304443359,3,173.33333333333334
truncation,1,unet,-0.5,520.0,521.0,4,285,0.2737896740436554,0.5327819585800171,3,173.33333333333334
truncation,1,unet,-0.5,520.0,520.0,5,283,0.2490652054548263,0.5969434380531311,3,173.33333333333334
truncation,1,unet,-0.5,5200.0,5201.0,0,2825,0.0227881912142038,0.5338134765625,3,1733.3333333333333
truncation,1,unet,-0.5,5200.0,5200.0,1,2816,0.0210041366517543,0.5364257097244263,3,1733.3333333333333
truncation,1,unet,-0.5,5200.0,5200.0,2,2818,0.0225123837590217,0.5026325583457947,3,1733.3333333333333
truncation,1,unet,-0.5,5200.0,5201.0,3,2821,0.0204711332917213,0.5087115168571472,3,1733.3333333333333
truncation,1,unet,-0.5,5200.0,5202.0,4,2866,0.0222158227115869,0.4883654713630676,3,1733.3333333333333
truncation,1,unet,-0.5,5200.0,5200.0,5,2842,0.0200652778148651,0.5206483602523804,3,1733.3333333333333
truncation,1,unet,-0.5,700.0,700.0,0,382,0.1302673667669296,0.5217269062995911,3,233.33333333333334
truncation,1,unet,-0.5,700.0,700.0,1,381,0.1673817932605743,0.5219606757164001,3,233.33333333333334
truncation,1,unet,-0.5,700.0,701.0,2,383,0.1626958400011062,0.5574107766151428,3,233.33333333333334
truncation,1,unet,-0.5,700.0,702.0,3,365,0.1877541691064834,0.5300322771072388,3,233.33333333333334
truncation,1,unet,-0.5,700.0,700.0,4,383,0.1812914758920669,0.4854848682880401,3,233.33333333333334
truncation,1,unet,-0.5,700.0,700.0,5,388,0.145779401063919,0.5472667813301086,3,233.33333333333334
truncation,1,unet,-0.5,90.0,91.0,0,51,1.1682581901550293,8.766281127929688,3,30.0
truncation,1,unet,-0.5,90.0,91.0,1,49,1.0800788402557373,5.356715202331543,3,30.0
truncation,1,unet,-0.5,90.0,91.0,2,50,0.8831930160522461,2.49308443069458,3,30.0
truncation,1,unet,-0.5,90.0,92.0,3,49,0.9869551062583924,9.104026794433594,3,30.0
truncation,1,unet,-0.5,90.0,90.0,4,49,1.3274856805801392,7.57780122756958,3,30.0
truncation,1,unet,-0.5,90.0,92.0,5,47,1.015445113182068,2.4296388626098637,3,30.0
truncation,1,unet,-0.5,900.0,900.0,0,483,0.097668319940567,0.5156062245368958,3,300.0
truncation,1,unet,-0.5,900.0,902.0,1,481,0.1227497085928917,0.5137331485748291,3,300.0
truncation,1,unet,-0.5,900.0,901.0,2,489,0.1115084812045097,0.5402446389198303,3,300.0
truncation,1,unet,-0.5,900.0,900.0,3,468,0.1311306953430175,0.5312405824661255,3,300.0
truncation,1,unet,-0.5,900.0,900.0,4,496,0.1070721596479415,0.481262743473053,3,300.0
truncation,1,unet,-0.5,900.0,901.0,5,501,0.1029224544763565,0.5343075394630432,3,300.0
truncation,1,unet,-0.5,9000.0,9001.0,0,4915,0.0194455198943614,0.515295684337616,3,3000.0
truncation,1,unet,-0.5,9000.0,9000.0,1,4882,0.0191105082631111,0.5392802953720093,3,3000.0
truncation,1,unet,-0.5,9000.0,9000.0,2,4897,0.0179672017693519,0.500872790813446,3,3000.0
truncation,1,unet,-0.5,9000.0,9001.0,3,4873,0.0174950547516345,0.5156005620956421,3,3000.0
truncation,1,unet,-0.5,9000.0,9002.0,4,4926,0.0183695685118436,0.4869051277637481,3,3000.0
truncation,1,unet,-0.5,9000.0,9002.0,5,4908,0.0189067330211401,0.527658998966217,3,3000.0
truncation,1,unet,-0.75,3000.0,3000.0,0,1691,0.0299612712115049,0.5006536245346069,3,1000.0
truncation,1,unet,-0.75,3000.0,3000.0,1,1686,0.0288141965866088,0.545032262802124,3,1000.0
truncation,1,unet,-0.75,3000.0,3001.0,2,1696,0.0327295809984207,0.5088536739349365,3,1000.0
truncation,1,unet,-0.75,3000.0,3000.0,3,1687,0.0264402721077203,0.5042676329612732,3,1000.0
truncation,1,unet,-0.75,3000.0,3000.0,4,1753,0.0280849691480398,0.4835204482078552,3,1000.0
truncation,1,unet,-0.75,3000.0,3001.0,5,1708,0.0263359323143959,0.5177688002586365,3,1000.0
truncation,1,unet,-1.0,1100.0,1100.0,0,642,0.0801389664411544,0.5203351974487305,3,366.6666666666667
truncation,1,unet,-1.0,1100.0,1101.0,1,641,0.0795668214559555,0.5379747748374939,3,366.6666666666667
truncation,1,unet,-1.0,1100.0,1100.0,2,649,0.0761067494750022,0.5436006188392639,3,366.6666666666667
truncation,1,unet,-1.0,1100.0,1102.0,3,631,0.083414651453495,0.5071651935577393,3,366.6666666666667
truncation,1,unet,-1.0,1100.0,1101.0,4,679,0.0851112455129623,0.4788724482059479,3,366.6666666666667
truncation,1,unet,-1.0,1100.0,1100.0,5,668,0.0731725096702575,0.5524827241897583,3,366.6666666666667
truncation,1,unet,-1.0,1560.0,1560.0,0,906,0.0444725975394248,0.5080982446670532,3,520.0
truncation,1,unet,-1.0,1560.0,1560.0,1,911,0.0488937459886074,0.5482303500175476,3,520.0
truncation,1,unet,-1.0,1560.0,1561.0,2,918,0.0541469752788543,0.5420889854431152,3,520.0
truncation,1,unet,-1.0,1560.0,1561.0,3,906,0.0518241114914417,0.5114301443099976,3,520.0
truncation,1,unet,-1.0,1560.0,1560.0,4,965,0.0520128570497036,0.4866997897624969,3,520.0
truncation,1,unet,-1.0,1560.0,1560.0,5,940,0.0473193824291229,0.5293604731559753,3,520.0
truncation,1,unet,-1.0,165.0,166.0,0,100,0.9242329001426696,2.980434894561768,3,55.0
truncation,1,unet,-1.0,165.0,165.0,1,103,0.8147943615913391,1.793556809425354,3,55.0
truncation,1,unet,-1.0,165.0,166.0,2,105,0.7487853765487671,1.0002069473266602,3,55.0
truncation,1,unet,-1.0,165.0,165.0,3,92,0.8174856901168823,2.7531979084014893,3,55.0
truncation,1,unet,-1.0,165.0,165.0,4,100,0.808764636516571,1.6736679077148438,3,55.0
truncation,1,unet,-1.0,165.0,165.0,5,94,0.8967059254646301,3.3108513355255127,3,55.0
truncation,1,unet,-1.0,16500.0,16501.0,0,9801,0.0184102058410644,0.5617786049842834,3,5500.0
truncation,1,unet,-1.0,16500.0,16500.0,1,9783,0.0190393533557653,0.5539872050285339,3,5500.0
truncation,1,unet,-1.0,16500.0,16500.0,2,9775,0.0177197754383087,0.5055617690086365,3,5500.0
truncation,1,unet,-1.0,16500.0,16501.0,3,9789,0.0177870076149702,0.5156686305999756,3,5500.0
truncation,1,unet,-1.0,16500.0,16500.0,4,9808,0.0175860039889812,0.4955736100673675,3,5500.0
truncation,1,unet,-1.0,16500.0,16500.0,5,9815,0.0188362635672092,0.5306157469749451,3,5500.0
truncation,1,unet,-1.0,1900.0,1901.0,0,1116,0.0384411886334419,0.5086120963096619,3,633.3333333333334
truncation,1,unet,-1.0,1900.0,1900.0,1,1114,0.0405976064503192,0.5461310148239136,3,633.3333333333334
truncation,1,unet,-1.0,1900.0,1900.0,2,1117,0.05034851282835,0.5382145047187805,3,633.3333333333334
truncation,1,unet,-1.0,1900.0,1901.0,3,1114,0.0424429327249527,0.5094057321548462,3,633.3333333333334
truncation,1,unet,-1.0,1900.0,1900.0,4,1165,0.0426206961274147,0.4887152016162872,3,633.3333333333334
truncation,1,unet,-1.0,1900.0,1901.0,5,1142,0.0353206731379032,0.50467848777771,3,633.3333333333334
truncation,1,unet,-1.0,30.0,30.0,0,16,1.5200917720794678,17.494340896606445,3,10.0
truncation,1,unet,-1.0,30.0,32.0,1,18,1.2676060199737549,14.734281539916992,3,10.0
truncation,1,unet,-1.0,30.0,32.0,2,22,1.5702067613601685,14.58946704864502,3,10.0
truncation,1,unet,-1.0,30.0,30.0,3,15,1.217998743057251,16.816722869873047,3,10.0
truncation,1,unet,-1.0,30.0,31.0,4,19,1.5029854774475098,19.54025650024414,3,10.0
truncation,1,unet,-1.0,30.0,30.0,5,16,1.1690332889556885,15.625338554382324,3,10.0
truncation,1,unet,-1.0,300.0,301.0,0,177,0.5604835748672485,0.8029682636260986,3,100.0
truncation,1,unet,-1.0,300.0,300.0,1,177,0.5985710024833679,0.8042401075363159,3,100.0
truncation,1,unet,-1.0,300.0,300.0,2,186,0.4897672235965729,0.7939919829368591,3,100.0
truncation,1,unet,-1.0,300.0,301.0,3,162,0.6445282697677612,0.9102093577384948,3,100.0
truncation,1,unet,-1.0,300.0,300.0,4,182,0.4628547132015228,0.7192636132240295,3,100.0
truncation,1,unet,-1.0,300.0,300.0,5,181,0.488727867603302,0.9820858836174012,3,100.0
truncation,1,unet,-1.0,3000.0,3000.0,0,1776,0.027960380539298,0.5164854526519775,3,1000.0
truncation,1,unet,-1.0,3000.0,3002.0,1,1775,0.0293724536895751,0.5461797118186951,3,1000.0
truncation,1,unet,-1.0,3000.0,3000.0,2,1770,0.0312030166387558,0.5161029696464539,3,1000.0
truncation,1,unet,-1.0,3000.0,3001.0,3,1755,0.0264209788292646,0.4995337426662445,3,1000.0
truncation,1,unet,-1.0,3000.0,3001.0,4,1825,0.0274015460163354,0.4733479917049408,3,1000.0
truncation,1,unet,-1.0,3000.0,3001.0,5,1785,0.0273959208279848,0.5234856009483337,3,1000.0
truncation,1,unet,-1.0,30000.0,30000.0,0,17715,0.0177267789840698,0.5376572012901306,3,10000.0
truncation,1,unet,-1.0,30000.0,30002.0,1,17891,0.0180503763258457,0.5569428205490112,3,10000.0
truncation,1,unet,-1.0,30000.0,30000.0,2,17800,0.0178798697888851,0.4997090101242065,3,10000.0
truncation,1,unet,-1.0,30000.0,30000.0,3,17805,0.0173379853367805,0.5224568843841553,3,10000.0
truncation,1,unet,-1.0,30000.0,30000.0,4,17930,0.0173434372991323,0.4974550902843475,3,10000.0
truncation,1,unet,-1.0,30000.0,30002.0,5,17859,0.0193064324557781,0.5457655787467957,3,10000.0
truncation,1,unet,-1.0,400.0,401.0,0,236,0.3521528542041778,0.6409716606140137,3,133.33333333333334
truncation,1,unet,-1.0,400.0,400.0,1,237,0.3923449516296386,0.620040774345398,3,133.33333333333334
truncation,1,unet,-1.0,400.0,400.0,2,246,0.3449264466762543,0.6516192555427551,3,133.33333333333334
truncation,1,unet,-1.0,400.0,400.0,3,218,0.4629198312759399,0.670613706111908,3,133.33333333333334
truncation,1,unet,-1.0,400.0,401.0,4,245,0.3202933371067047,0.5817866325378418,3,133.33333333333334
truncation,1,unet,-1.0,400.0,400.0,5,245,0.3482601344585418,0.7042769193649292,3,133.33333333333334
truncation,1,unet,-1.0,52.0,54.0,0,32,1.217410445213318,11.236927032470703,3,17.333333333333332
truncation,1,unet,-1.0,52.0,52.0,1,33,1.488017201423645,4.875321865081787,3,17.333333333333332
truncation,1,unet,-1.0,52.0,53.0,2,32,1.250334620475769,8.541635513305664,3,17.333333333333332
truncation,1,unet,-1.0,52.0,52.0,3,30,1.030466914176941,9.53843593597412,3,17.333333333333332
truncation,1,unet,-1.0,52.0,53.0,4,30,0.8994408845901489,7.164243221282959,3,17.333333333333332
truncation,1,unet,-1.0,52.0,52.0,5,28,1.1722781658172607,10.83311367034912,3,17.333333333333332
truncation,1,unet,-1.0,520.0,520.0,0,311,0.1908885091543197,0.5648273825645447,3,173.33333333333334
truncation,1,unet,-1.0,520.0,520.0,1,307,0.2465186864137649,0.5646851658821106,3,173.33333333333334
truncation,1,unet,-1.0,520.0,521.0,2,320,0.240615040063858,0.5986423492431641,3,173.33333333333334
truncation,1,unet,-1.0,520.0,520.0,3,288,0.3488199114799499,0.5641866326332092,3,173.33333333333334
truncation,1,unet,-1.0,520.0,520.0,4,316,0.2394065856933593,0.54390549659729,3,173.33333333333334
truncation,1,unet,-1.0,520.0,520.0,5,317,0.2293639630079269,0.5992335081100464,3,173.33333333333334
truncation,1,unet,-1.0,5200.0,5201.0,0,3087,0.0231347624212503,0.5450389981269836,3,1733.3333333333333
truncation,1,unet,-1.0,5200.0,5202.0,1,3090,0.0219000857323408,0.5407642722129822,3,1733.3333333333333
truncation,1,unet,-1.0,5200.0,5201.0,2,3069,0.0220612660050392,0.5170053243637085,3,1733.3333333333333
truncation,1,unet,-1.0,5200.0,5201.0,3,3076,0.0199896804988384,0.5143867135047913,3,1733.3333333333333
truncation,1,unet,-1.0,5200.0,5202.0,4,3123,0.0221063457429409,0.4962081909179687,3,1733.3333333333333
truncation,1,unet,-1.0,5200.0,5202.0,5,3101,0.0201477818191051,0.5322975516319275,3,1733.3333333333333
truncation,1,unet,-1.0,700.0,700.0,0,413,0.1294339001178741,0.533029317855835,3,233.33333333333334
truncation,1,unet,-1.0,700.0,700.0,1,420,0.146376684308052,0.5317167043685913,3,233.33333333333334
truncation,1,unet,-1.0,700.0,700.0,2,420,0.1433669179677963,0.5709720253944397,3,233.33333333333334
truncation,1,unet,-1.0,700.0,701.0,3,394,0.1693762391805648,0.5456041097640991,3,233.33333333333334
truncation,1,unet,-1.0,700.0,701.0,4,426,0.1413304358720779,0.5211650133132935,3,233.33333333333334
truncation,1,unet,-1.0,700.0,701.0,5,429,0.1421079337596893,0.5765926241874695,3,233.33333333333334
truncation,1,unet,-1.0,90.0,91.0,0,56,1.081451654434204,7.985195159912109,3,30.0
truncation,1,unet,-1.0,90.0,90.0,1,58,1.067810297012329,4.988044261932373,3,30.0
truncation,1,unet,-1.0,90.0,92.0,2,56,0.9529051184654236,4.240322113037109,3,30.0
truncation,1,unet,-1.0,90.0,90.0,3,54,0.9324512481689452,7.482995510101318,3,30.0
truncation,1,unet,-1.0,90.0,91.0,4,55,0.8539443612098694,1.9026846885681152,3,30.0
truncation,1,unet,-1.0,90.0,90.0,5,50,0.9729853868484496,6.569360733032227,3,30.0
truncation,1,unet,-1.0,900.0,900.0,0,529,0.1030754670500755,0.5274480581283569,3,300.0
truncation,1,unet,-1.0,900.0,902.0,1,525,0.1055055037140846,0.5106150507926941,3,300.0
truncation,1,unet,-1.0,900.0,900.0,2,536,0.0981109961867332,0.5410394668579102,3,300.0
truncation,1,unet,-1.0,900.0,900.0,3,511,0.1144986152648925,0.517182469367981,3,300.0
truncation,1,unet,-1.0,900.0,900.0,4,548,0.0991732403635978,0.4880918264389038,3,300.0
truncation,1,unet,-1.0,900.0,900.0,5,552,0.0913574993610382,0.5605095028877258,3,300.0
truncation,1,unet,-1.0,9000.0,9000.0,0,5363,0.019382094964385,0.5265053510665894,3,3000.0
truncation,1,unet,-1.0,9000.0,9002.0,1,5300,0.0196684449911117,0.5698133111000061,3,3000.0
truncation,1,unet,-1.0,9000.0,9000.0,2,5321,0.0185528639703989,0.4936819970607757,3,3000.0
truncation,1,unet,-1.0,9000.0,9000.0,3,5327,0.0179973356425762,0.5073567628860474,3,3000.0
truncation,1,unet,-1.0,9000.0,9001.0,4,5398,0.0185174774378538,0.4873475134372711,3,3000.0
truncation,1,unet,-1.0,9000.0,9000.0,5,5380,0.0188180264085531,0.5375529527664185,3,3000.0
truncation,1,unet,-1.5,1100.0,1102.0,0,693,0.072036363184452,0.5237920880317688,3,366.6666666666667
truncation,1,unet,-1.5,1100.0,1100.0,1,699,0.0759603604674339,0.5397729873657227,3,366.6666666666667
truncation,1,unet,-1.5,1100.0,1101.0,2,701,0.0720814913511276,0.5420639514923096,3,366.6666666666667
truncation,1,unet,-1.5,1100.0,1100.0,3,696,0.0731675922870636,0.5213661193847656,3,366.6666666666667
truncation,1,unet,-1.5,1100.0,1100.0,4,742,0.075446493923664,0.4887137413024902,3,366.6666666666667
truncation,1,unet,-1.5,1100.0,1100.0,5,724,0.0703041851520538,0.5343943238258362,3,366.6666666666667
truncation,1,unet,-1.5,1560.0,1560.0,0,983,0.042633406817913,0.5154708027839661,3,520.0
truncation,1,unet,-1.5,1560.0,1560.0,1,991,0.0439365282654762,0.55312180519104,3,520.0
truncation,1,unet,-1.5,1560.0,1560.0,2,998,0.053416546434164,0.5479813814163208,3,520.0
truncation,1,unet,-1.5,1560.0,1560.0,3,991,0.0439272262156009,0.518088161945343,3,520.0
truncation,1,unet,-1.5,1560.0,1560.0,4,1043,0.0464844293892383,0.4942223131656647,3,520.0
truncation,1,unet,-1.5,1560.0,1560.0,5,1017,0.0414435602724552,0.5427860021591187,3,520.0
truncation,1,unet,-1.5,165.0,165.0,0,105,0.8664510846138,2.649091958999634,3,55.0
truncation,1,unet,-1.5,165.0,165.0,1,111,0.7371702194213867,1.4084322452545166,3,55.0
truncation,1,unet,-1.5,165.0,165.0,2,113,0.8474896550178528,1.490162014961243,3,55.0
truncation,1,unet,-1.5,165.0,165.0,3,101,0.7994939088821411,2.141521453857422,3,55.0
truncation,1,unet,-1.5,165.0,165.0,4,110,0.7620447278022766,1.8299463987350464,3,55.0
truncation,1,unet,-1.5,165.0,165.0,5,104,0.7615346312522888,1.571535587310791,3,55.0
truncation,1,unet,-1.5,16500.0,16500.0,0,10656,0.0182184651494026,0.5478810667991638,3,5500.0
truncation,1,unet,-1.5,16500.0,16502.0,1,10688,0.0198393128812313,0.5631462931632996,3,5500.0
truncation,1,unet,-1.5,16500.0,16501.0,2,10649,0.0193314496427774,0.515168309211731,3,5500.0
truncation,1,unet,-1.5,16500.0,16500.0,3,10638,0.0181218553334474,0.5229552984237671,3,5500.0
truncation,1,unet,-1.5,16500.0,16501.0,4,10703,0.0186348874121904,0.5141496062278748,3,5500.0
truncation,1,unet,-1.5,16500.0,16500.0,5,10659,0.0213707275688648,0.5538143515586853,3,5500.0
truncation,1,unet,-1.5,1900.0,1900.0,0,1200,0.0353453978896141,0.5194525718688965,3,633.3333333333334
truncation,1,unet,-1.5,1900.0,1902.0,1,1220,0.0364634878933429,0.5510501265525818,3,633.3333333333334
truncation,1,unet,-1.5,1900.0,1900.0,2,1222,0.046331949532032,0.5398903489112854,3,633.3333333333334
truncation,1,unet,-1.5,1900.0,1900.0,3,1212,0.0389362312853336,0.5200787782669067,3,633.3333333333334
truncation,1,unet,-1.5,1900.0,1900.0,4,1257,0.0394115932285785,0.4897192418575287,3,633.3333333333334
truncation,1,unet,-1.5,1900.0,1901.0,5,1236,0.0385359749197959,0.5444458723068237,3,633.3333333333334
truncation,1,unet,-1.5,3000.0,3000.0,0,1924,0.0290604867041111,0.5348426103591919,3,1000.0
truncation,1,unet,-1.5,3000.0,3001.0,1,1923,0.0283261891454458,0.5628390908241272,3,1000.0
truncation,1,unet,-1.5,3000.0,3000.0,2,1928,0.0332350470125675,0.5330871343612671,3,1000.0
truncation,1,unet,-1.5,3000.0,3000.0,3,1924,0.0255144592374563,0.5152973532676697,3,1000.0
truncation,1,unet,-1.5,3000.0,3000.0,4,1987,0.0263846255838871,0.4921729266643524,3,1000.0
truncation,1,unet,-1.5,3000.0,3000.0,5,1938,0.0289544239640235,0.5444430112838745,3,1000.0
truncation,1,unet,-1.5,400.0,400.0,0,249,0.3490507304668426,0.6193907260894775,3,133.33333333333334
truncation,1,unet,-1.5,400.0,400.0,1,258,0.3138692080974579,0.6133099794387817,3,133.33333333333334
truncation,1,unet,-1.5,400.0,400.0,2,265,0.3172340393066406,0.6266697645187378,3,133.33333333333334
truncation,1,unet,-1.5,400.0,401.0,3,239,0.4125497341156006,0.6154824495315552,3,133.33333333333334
truncation,1,unet,-1.5,400.0,401.0,4,268,0.3256672322750091,0.5894812345504761,3,133.33333333333334
truncation,1,unet,-1.5,400.0,400.0,5,263,0.3408178985118866,0.7016496062278748,3,133.33333333333334
truncation,1,unet,-1.5,52.0,52.0,0,32,1.2015752792358398,11.307853698730469,3,17.333333333333332
truncation,1,unet,-1.5,52.0,52.0,1,35,1.006986141204834,6.001095294952393,3,17.333333333333332
truncation,1,unet,-1.5,52.0,54.0,2,35,1.1831599473953247,4.902224063873291,3,17.333333333333332
truncation,1,unet,-1.5,52.0,52.0,3,33,1.0058906078338623,9.452178955078123,3,17.333333333333332
truncation,1,unet,-1.5,52.0,52.0,4,34,0.8308131098747253,5.78423547744751,3,17.333333333333332
truncation,1,unet,-1.5,52.0,53.0,5,30,1.0863533020019531,10.562082290649414,3,17.333333333333332
truncation,1,unet,-1.5,520.0,521.0,0,334,0.1924414038658142,0.5980771780014038,3,173.33333333333334
truncation,1,unet,-1.5,520.0,520.0,1,337,0.2226897031068802,0.5658942461013794,3,173.33333333333334
truncation,1,unet,-1.5,520.0,520.0,2,341,0.2055379003286361,0.6116183996200562,3,173.33333333333334
truncation,1,unet,-1.5,520.0,520.0,3,316,0.2720962762832641,0.5530524849891663,3,173.33333333333334
truncation,1,unet,-1.5,520.0,520.0,4,346,0.2108007371425628,0.5221954584121704,3,173.33333333333334
truncation,1,unet,-1.5,520.0,520.0,5,343,0.1937564015388488,0.6048828363418579,3,173.33333333333334
truncation,1,unet,-1.5,5200.0,5200.0,0,3363,0.0220468137413263,0.561265766620636,3,1733.3333333333333
truncation,1,unet,-1.5,5200.0,5201.0,1,3359,0.0227621309459209,0.5606549978256226,3,1733.3333333333333
truncation,1,unet,-1.5,5200.0,5200.0,2,3351,0.0234722662717103,0.5322228074073792,3,1733.3333333333333
truncation,1,unet,-1.5,5200.0,5201.0,3,3363,0.0202095881104469,0.5150618553161621,3,1733.3333333333333
truncation,1,unet,-1.5,5200.0,5200.0,4,3405,0.0215164497494697,0.5012015700340271,3,1733.3333333333333
truncation,1,unet,-1.5,5200.0,5200.0,5,3375,0.0217228066176176,0.5779513716697693,3,1733.3333333333333
truncation,1,unet,-1.5,700.0,700.0,0,444,0.1204611212015152,0.5341690182685852,3,233.33333333333334
truncation,1,unet,-1.5,700.0,701.0,1,452,0.1345875114202499,0.5462505221366882,3,233.33333333333334
truncation,1,unet,-1.5,700.0,700.0,2,455,0.1262005716562271,0.56639564037323,3,233.33333333333334
truncation,1,unet,-1.5,700.0,702.0,3,429,0.1506307125091552,0.5307047367095947,3,233.33333333333334
truncation,1,unet,-1.5,700.0,700.0,4,461,0.1322318762540817,0.5019771456718445,3,233.33333333333334
truncation,1,unet,-1.5,700.0,700.0,5,467,0.1198086068034172,0.5681071877479553,3,233.33333333333334
truncation,1,unet,-1.5,900.0,900.0,0,574,0.0930795446038246,0.5439203977584839,3,300.0
truncation,1,unet,-1.5,900.0,901.0,1,575,0.0995083525776863,0.5628877878189087,3,300.0
truncation,1,unet,-1.5,900.0,901.0,2,576,0.086427092552185,0.5433260202407837,3,300.0
truncation,1,unet,-1.5,900.0,901.0,3,560,0.1056533008813858,0.5170391201972961,3,300.0
truncation,1,unet,-1.5,900.0,901.0,4,601,0.0900111198425293,0.4921748638153076,3,300.0
truncation,1,unet,-1.5,900.0,900.0,5,597,0.0855349898338317,0.5444580912590027,3,300.0
truncation,1,unet,-10.0,1100.0,1100.0,0,1093,0.1829376369714737,0.8691203594207764,3,366.6666666666667
truncation,1,unet,-10.0,1100.0,1100.0,1,1090,0.1736359298229217,0.8180357217788696,3,366.6666666666667
truncation,1,unet,-10.0,1100.0,1100.0,2,1093,0.1716351062059402,0.8229984641075134,3,366.6666666666667
truncation,1,unet,-10.0,1100.0,1100.0,3,1094,0.199677288532257,0.6491470336914062,3,366.6666666666667
truncation,1,unet,-10.0,1100.0,1100.0,4,1088,0.1944300234317779,0.7588627338409424,3,366.6666666666667
truncation,1,unet,-10.0,1100.0,1100.0,5,1096,0.1881975829601287,0.8445500731468201,3,366.6666666666667
truncation,1,unet,-10.0,1560.0,1560.0,0,1548,0.1431417763233184,0.934919774532318,3,520.0
truncation,1,unet,-10.0,1560.0,1560.0,1,1546,0.1555530577898025,0.8787409663200378,3,520.0
truncation,1,unet,-10.0,1560.0,1560.0,2,1550,0.1618546992540359,0.7975552678108215,3,520.0
truncation,1,unet,-10.0,1560.0,1560.0,3,1548,0.1920253932476043,0.6792986989021301,3,520.0
truncation,1,unet,-10.0,1560.0,1560.0,4,1543,0.1560308337211609,0.8016400933265686,3,520.0
truncation,1,unet,-10.0,1560.0,1560.0,5,1555,0.1757349371910095,0.8992564678192139,3,520.0
truncation,1,unet,-10.0,165.0,165.0,0,162,0.6429667472839355,0.9386401176452636,3,55.0
truncation,1,unet,-10.0,165.0,165.0,1,164,0.343300312757492,0.9205656051635742,3,55.0
truncation,1,unet,-10.0,165.0,165.0,2,165,0.6054648160934448,1.1994447708129885,3,55.0
truncation,1,unet,-10.0,165.0,165.0,3,164,0.6213580965995789,0.9216306209564208,3,55.0
truncation,1,unet,-10.0,165.0,165.0,4,162,0.6279120445251465,0.949639856815338,3,55.0
truncation,1,unet,-10.0,165.0,165.0,5,165,0.6208911538124084,1.1328235864639282,3,55.0
truncation,1,unet,-10.0,16500.0,16500.0,0,16394,0.1371296048164367,1.0477904081344604,3,5500.0
truncation,1,unet,-10.0,16500.0,16500.0,1,16382,0.1076337322592735,0.957128405570984,3,5500.0
truncation,1,unet,-10.0,16500.0,16500.0,2,16389,0.123542807996273,1.010858178138733,3,5500.0
truncation,1,unet,-10.0,16500.0,16500.0,3,16371,0.1282501518726349,0.7465023398399353,3,5500.0
truncation,1,unet,-10.0,16500.0,16500.0,4,16380,0.1840699315071106,1.0409762859344482,3,5500.0
truncation,1,unet,-10.0,16500.0,16500.0,5,16384,0.0889474004507064,0.9815464615821838,3,5500.0
truncation,1,unet,-10.0,1900.0,1900.0,0,1887,0.1547634303569793,1.032947659492493,3,633.3333333333334
truncation,1,unet,-10.0,1900.0,1900.0,1,1885,0.1496876031160354,0.8827471137046814,3,633.3333333333334
truncation,1,unet,-10.0,1900.0,1901.0,2,1885,0.1404465287923813,0.8488141298294067,3,633.3333333333334
truncation,1,unet,-10.0,1900.0,1900.0,3,1886,0.1800675988197326,0.6708005666732788,3,633.3333333333334
truncation,1,unet,-10.0,1900.0,1900.0,4,1882,0.1551426649093628,0.7862105369567871,3,633.3333333333334
truncation,1,unet,-10.0,1900.0,1900.0,5,1893,0.1673200726509094,0.9445733428001404,3,633.3333333333334
truncation,1,unet,-10.0,300.0,300.0,0,296,0.2615502178668976,0.7339497208595276,3,100.0
truncation,1,unet,-10.0,300.0,300.0,1,298,0.3066894114017486,0.773524284362793,3,100.0
truncation,1,unet,-10.0,300.0,300.0,2,300,0.317352145910263,0.8030298948287964,3,100.0
truncation,1,unet,-10.0,300.0,300.0,3,298,0.3216068148612976,0.6383890509605408,3,100.0
truncation,1,unet,-10.0,300.0,300.0,4,296,0.2894848585128784,0.65505450963974,3,100.0
truncation,1,unet,-10.0,300.0,300.0,5,300,0.3218118846416473,0.7260635495185852,3,100.0
truncation,1,unet,-10.0,400.0,400.0,0,396,0.2461450099945068,0.6888105869293213,3,133.33333333333334
truncation,1,unet,-10.0,400.0,400.0,1,396,0.2325561046600341,0.8111318945884705,3,133.33333333333334
truncation,1,unet,-10.0,400.0,400.0,2,400,0.2385658770799636,0.831066370010376,3,133.33333333333334
truncation,1,unet,-10.0,400.0,400.0,3,398,0.2408533841371536,0.6321268081665039,3,133.33333333333334
truncation,1,unet,-10.0,400.0,400.0,4,396,0.2408118396997451,0.6555306911468506,3,133.33333333333334
truncation,1,unet,-10.0,400.0,400.0,5,400,0.2580995261669159,0.7271093726158142,3,133.33333333333334
truncation,1,unet,-10.0,52.0,52.0,0,51,1.1097484827041626,8.494975090026855,3,17.333333333333332
truncation,1,unet,-10.0,52.0,52.0,1,52,1.1330407857894895,5.497287273406982,3,17.333333333333332
truncation,1,unet,-10.0,52.0,52.0,2,52,0.9980664849281312,4.946910381317139,3,17.333333333333332
truncation,1,unet,-10.0,52.0,52.0,3,51,1.082947015762329,9.389389991760254,3,17.333333333333332
truncation,1,unet,-10.0,52.0,52.0,4,51,2.693714141845703,2.515420436859131,3,17.333333333333332
truncation,1,unet,-10.0,52.0,52.0,5,52,0.7430573105812073,2.40338397026062,3,17.333333333333332
truncation,1,unet,-10.0,520.0,520.0,0,515,0.2075970470905304,0.7826406955718994,3,173.33333333333334
truncation,1,unet,-10.0,520.0,520.0,1,515,0.2045482248067855,0.7570664286613464,3,173.33333333333334
truncation,1,unet,-10.0,520.0,520.0,2,518,0.2159209251403808,0.7794281840324402,3,173.33333333333334
truncation,1,unet,-10.0,520.0,520.0,3,518,0.2078057676553726,0.6503942608833313,3,173.33333333333334
truncation,1,unet,-10.0,520.0,520.0,4,515,0.2020267844200134,0.6630728840827942,3,173.33333333333334
truncation,1,unet,-10.0,520.0,520.0,5,518,0.238672062754631,0.7766018509864807,3,173.33333333333334
truncation,1,unet,-10.0,5200.0,5200.0,0,5159,0.1402182430028915,0.9373582005500792,3,1733.3333333333333
truncation,1,unet,-10.0,5200.0,5200.0,1,5162,0.1114916428923606,0.9218854904174804,3,1733.3333333333333
truncation,1,unet,-10.0,5200.0,5200.0,2,5170,0.1257690638303756,1.0156407356262207,3,1733.3333333333333
truncation,1,unet,-10.0,5200.0,5200.0,3,5160,0.1456488072872162,0.7263579964637756,3,1733.3333333333333
truncation,1,unet,-10.0,5200.0,5200.0,4,5158,0.1829983294010162,0.9882890582084656,3,1733.3333333333333
truncation,1,unet,-10.0,5200.0,5200.0,5,5173,0.1335876733064651,0.986882746219635,3,1733.3333333333333
truncation,1,unet,-10.0,700.0,700.0,0,694,0.181519478559494,0.7284837365150452,3,233.33333333333334
truncation,1,unet,-10.0,700.0,700.0,1,692,0.1986608803272247,0.7531626224517822,3,233.33333333333334
truncation,1,unet,-10.0,700.0,700.0,2,697,0.1830042004585266,0.8278271555900574,3,233.33333333333334
truncation,1,unet,-10.0,700.0,700.0,3,697,0.1952934265136718,0.6311635375022888,3,233.33333333333334
truncation,1,unet,-10.0,700.0,700.0,4,695,0.2054492533206939,0.755012035369873,3,233.33333333333334
truncation,1,unet,-10.0,700.0,700.0,5,698,0.2262132912874221,0.7423180937767029,3,233.33333333333334
truncation,1,unet,-10.0,90.0,90.0,0,88,0.9725019335746764,4.328264236450195,3,30.0
truncation,1,unet,-10.0,90.0,90.0,1,89,0.923401176929474,1.8671945333480835,3,30.0
truncation,1,unet,-10.0,90.0,90.0,2,90,0.7479109764099121,1.7137022018432615,3,30.0
truncation,1,unet,-10.0,90.0,90.0,3,89,0.8514249920845032,3.208604097366333,3,30.0
truncation,1,unet,-10.0,90.0,90.0,4,89,0.8479459881782532,2.8160922527313232,3,30.0
truncation,1,unet,-10.0,90.0,90.0,5,90,0.9274513125419616,2.1832849979400635,3,30.0
truncation,1,unet,-15.0,1100.0,1100.0,0,1100,0.2443459630012512,0.993805468082428,3,366.6666666666667
truncation,1,unet,-15.0,1100.0,1100.0,1,1099,0.2265430390834808,0.8443787693977356,3,366.6666666666667
truncation,1,unet,-15.0,1100.0,1100.0,2,1100,0.2117396146059036,0.8239555358886719,3,366.6666666666667
truncation,1,unet,-15.0,1100.0,1100.0,3,1100,0.2340903580188751,0.6488053798675537,3,366.6666666666667
truncation,1,unet,-15.0,1100.0,1100.0,4,1098,0.213516816496849,0.7327756881713867,3,366.6666666666667
truncation,1,unet,-15.0,1100.0,1100.0,5,1100,0.2731439471244812,0.8294991850852966,3,366.6666666666667
truncation,1,unet,-15.0,1560.0,1560.0,0,1560,0.22789166867733,1.0060843229293823,3,520.0
truncation,1,unet,-15.0,1560.0,1560.0,1,1559,0.2307030111551284,0.8692045211791992,3,520.0
truncation,1,unet,-15.0,1560.0,1560.0,2,1559,0.2220397889614105,0.8277080059051514,3,520.0
truncation,1,unet,-15.0,1560.0,1560.0,3,1560,0.236891895532608,0.652879536151886,3,520.0
truncation,1,unet,-15.0,1560.0,1560.0,4,1558,0.2111467272043228,0.7613056898117065,3,520.0
truncation,1,unet,-15.0,1560.0,1560.0,5,1560,0.2600407004356384,0.8295896053314209,3,520.0
truncation,1,unet,-15.0,165.0,165.0,0,165,0.6347570419311523,0.9535531401634216,3,55.0
truncation,1,unet,-15.0,165.0,165.0,1,165,0.6481918096542358,1.0682955980300903,3,55.0
truncation,1,unet,-15.0,165.0,165.0,2,165,0.6107597351074219,1.196958065032959,3,55.0
truncation,1,unet,-15.0,165.0,165.0,3,165,0.6305086016654968,0.906935453414917,3,55.0
truncation,1,unet,-15.0,165.0,165.0,4,164,0.490329772233963,1.0702985525131226,3,55.0
truncation,1,unet,-15.0,165.0,165.0,5,165,0.6177186965942383,1.1544312238693235,3,55.0
truncation,1,unet,-15.0,16500.0,16500.0,0,16494,0.2002341151237487,1.1487948894500732,3,5500.0
truncation,1,unet,-15.0,16500.0,16500.0,1,16486,0.1558359265327453,1.0852203369140625,3,5500.0
truncation,1,unet,-15.0,16500.0,16500.0,2,16482,0.1655950546264648,1.0931718349456787,3,5500.0
truncation,1,unet,-15.0,16500.0,16500.0,3,16491,0.1935057044029235,0.809495210647583,3,5500.0
truncation,1,unet,-15.0,16500.0,16500.0,4,16483,0.2326948493719101,1.147173285484314,3,5500.0
truncation,1,unet,-15.0,16500.0,16500.0,5,16490,0.2117840647697448,0.8595941066741943,3,5500.0
truncation,1,unet,-15.0,1900.0,1900.0,0,1900,0.2315525412559509,0.9427148103713988,3,633.3333333333334
truncation,1,unet,-15.0,1900.0,1900.0,1,1899,0.2300747185945511,0.8497442603111267,3,633.3333333333334
truncation,1,unet,-15.0,1900.0,1900.0,2,1899,0.2203567028045654,0.8134021759033203,3,633.3333333333334
truncation,1,unet,-15.0,1900.0,1900.0,3,1900,0.2351614534854889,0.6446729898452759,3,633.3333333333334
truncation,1,unet,-15.0,1900.0,1900.0,4,1898,0.2130799889564514,0.7841986417770386,3,633.3333333333334
truncation,1,unet,-15.0,1900.0,1900.0,5,1900,0.25478196144104,0.8565413951873779,3,633.3333333333334
truncation,1,unet,-15.0,300.0,300.0,0,300,0.2795298993587494,0.7328659892082214,3,100.0
truncation,1,unet,-15.0,300.0,300.0,1,300,0.2967997789382934,0.727799654006958,3,100.0
truncation,1,unet,-15.0,300.0,300.0,2,300,0.3190207481384277,0.8200547695159912,3,100.0
truncation,1,unet,-15.0,300.0,300.0,3,300,0.3004301786422729,0.6605294942855835,3,100.0
truncation,1,unet,-15.0,300.0,300.0,4,299,0.3031628429889679,0.654850423336029,3,100.0
truncation,1,unet,-15.0,300.0,300.0,5,300,0.3180901408195495,0.7205477952957153,3,100.0
truncation,1,unet,-15.0,400.0,400.0,0,400,0.2612470686435699,0.6808592081069946,3,133.33333333333334
truncation,1,unet,-15.0,400.0,400.0,1,399,0.2371779978275299,0.7656716704368591,3,133.33333333333334
truncation,1,unet,-15.0,400.0,400.0,2,400,0.2414461076259613,0.8312446475028992,3,133.33333333333334
truncation,1,unet,-15.0,400.0,400.0,3,400,0.2456041425466537,0.630029559135437,3,133.33333333333334
truncation,1,unet,-15.0,400.0,400.0,4,399,0.2547911703586578,0.6482288837432861,3,133.33333333333334
truncation,1,unet,-15.0,400.0,400.0,5,400,0.2583294212818146,0.7247827649116516,3,133.33333333333334
truncation,1,unet,-15.0,52.0,52.0,0,52,1.1464886665344238,8.354095458984375,3,17.333333333333332
truncation,1,unet,-15.0,52.0,52.0,1,52,1.0151188373565674,2.637239933013916,3,17.333333333333332
truncation,1,unet,-15.0,52.0,52.0,2,52,0.9975568652153016,5.230052947998047,3,17.333333333333332
truncation,1,unet,-15.0,52.0,52.0,3,52,0.9548166394233704,8.617223739624023,3,17.333333333333332
truncation,1,unet,-15.0,52.0,52.0,4,51,3.945181131362915,4.520316123962402,3,17.333333333333332
truncation,1,unet,-15.0,52.0,52.0,5,52,0.8939098715782166,2.891310930252075,3,17.333333333333332
truncation,1,unet,-15.0,520.0,520.0,0,520,0.2463261187076568,0.8689469695091248,3,173.33333333333334
truncation,1,unet,-15.0,520.0,520.0,1,519,0.2203631103038787,0.7536638975143433,3,173.33333333333334
truncation,1,unet,-15.0,520.0,520.0,2,520,0.2267836332321167,0.7856340408325195,3,173.33333333333334
truncation,1,unet,-15.0,520.0,520.0,3,520,0.2256758064031601,0.6343235373497009,3,173.33333333333334
truncation,1,unet,-15.0,520.0,520.0,4,519,0.224787637591362,0.6071794033050537,3,173.33333333333334
truncation,1,unet,-15.0,520.0,520.0,5,520,0.2463214993476867,0.7303488254547119,3,173.33333333333334
truncation,1,unet,-15.0,5200.0,5200.0,0,5199,0.3125144839286804,1.2616585493087769,3,1733.3333333333333
truncation,1,unet,-15.0,5200.0,5200.0,1,5197,0.1894526183605194,0.9449284672737122,3,1733.3333333333333
truncation,1,unet,-15.0,5200.0,5200.0,2,5199,0.2377135753631591,1.0023010969161987,3,1733.3333333333333
truncation,1,unet,-15.0,5200.0,5200.0,3,5198,0.2386249452829361,0.7591930031776428,3,1733.3333333333333
truncation,1,unet,-15.0,5200.0,5200.0,4,5194,0.2294346243143081,1.0623699426651,3,1733.3333333333333
truncation,1,unet,-15.0,5200.0,5200.0,5,5200,0.23848257958889,0.9265461564064026,3,1733.3333333333333
truncation,1,unet,-15.0,700.0,700.0,0,700,0.2339593023061752,0.8403254747390747,3,233.33333333333334
truncation,1,unet,-15.0,700.0,700.0,1,699,0.2266931533813476,0.7726123929023743,3,233.33333333333334
truncation,1,unet,-15.0,700.0,700.0,2,700,0.2158882021903991,0.8132781982421875,3,233.33333333333334
truncation,1,unet,-15.0,700.0,700.0,3,700,0.2260264158248901,0.6270712018013,3,233.33333333333334
truncation,1,unet,-15.0,700.0,700.0,4,699,0.2254083156585693,0.7090256810188293,3,233.33333333333334
truncation,1,unet,-15.0,700.0,700.0,5,700,0.2372234612703323,0.7143664360046387,3,233.33333333333334
truncation,1,unet,-15.0,90.0,90.0,0,90,0.987402617931366,4.447958469390869,3,30.0
truncation,1,unet,-15.0,90.0,90.0,1,90,0.9852178692817688,2.448422431945801,3,30.0
truncation,1,unet,-15.0,90.0,90.0,2,90,0.7660852074623108,3.079440832138061,3,30.0
truncation,1,unet,-15.0,90.0,90.0,3,90,0.8894116282463074,3.171980142593384,3,30.0
truncation,1,unet,-15.0,90.0,90.0,4,89,2.0885097980499268,3.1406376361846924,3,30.0
truncation,1,unet,-15.0,90.0,90.0,5,90,0.7035263180732727,1.2993578910827637,3,30.0
truncation,1,unet,-2.0,1100.0,1101.0,0,763,0.0651213601231575,0.5322995781898499,3,366.6666666666667
truncation,1,unet,-2.0,1100.0,1101.0,1,744,0.0720056071877479,0.5512298941612244,3,366.6666666666667
truncation,1,unet,-2.0,1100.0,1100.0,2,766,0.0697712302207946,0.542853832244873,3,366.6666666666667
truncation,1,unet,-2.0,1100.0,1101.0,3,759,0.072318248450756,0.5319691896438599,3,366.6666666666667
truncation,1,unet,-2.0,1100.0,1100.0,4,799,0.0683929622173309,0.4936014115810394,3,366.6666666666667
truncation,1,unet,-2.0,1100.0,1101.0,5,787,0.058706272393465,0.5658846497535706,3,366.6666666666667
truncation,1,unet,-2.0,1560.0,1562.0,0,1085,0.0445434749126434,0.5358858108520508,3,520.0
truncation,1,unet,-2.0,1560.0,1560.0,1,1059,0.0443470664322376,0.5610997676849365,3,520.0
truncation,1,unet,-2.0,1560.0,1560.0,2,1094,0.0548294447362422,0.5583547949790955,3,520.0
truncation,1,unet,-2.0,1560.0,1560.0,3,1075,0.0457885265350341,0.531754195690155,3,520.0
truncation,1,unet,-2.0,1560.0,1560.0,4,1123,0.0449621267616748,0.511160671710968,3,520.0
truncation,1,unet,-2.0,1560.0,1560.0,5,1120,0.0430067963898181,0.5685683488845825,3,520.0
truncation,1,unet,-2.0,165.0,165.0,0,113,0.8918432593345642,1.9293127059936523,3,55.0
truncation,1,unet,-2.0,165.0,166.0,1,116,0.7507997751235962,1.634934902191162,3,55.0
truncation,1,unet,-2.0,165.0,165.0,2,126,0.8567805886268616,1.2355973720550537,3,55.0
truncation,1,unet,-2.0,165.0,167.0,3,108,0.7797955870628357,1.80840528011322,3,55.0
truncation,1,unet,-2.0,165.0,165.0,4,119,0.7070348858833313,1.6304987668991089,3,55.0
truncation,1,unet,-2.0,165.0,165.0,5,120,0.5641793012619019,1.1481064558029177,3,55.0
truncation,1,unet,-2.0,16500.0,16501.0,0,11562,0.0188528914004564,0.5543843507766724,3,5500.0
truncation,1,unet,-2.0,16500.0,16500.0,1,11557,0.019652334973216,0.567086398601532,3,5500.0
truncation,1,unet,-2.0,16500.0,16500.0,2,11585,0.019920339807868,0.520301342010498,3,5500.0
truncation,1,unet,-2.0,16500.0,16500.0,3,11533,0.0192686300724744,0.5382075309753418,3,5500.0
truncation,1,unet,-2.0,16500.0,16500.0,4,11584,0.0193738210946321,0.5154833197593689,3,5500.0
truncation,1,unet,-2.0,16500.0,16501.0,5,11621,0.0229393318295478,0.5674754977226257,3,5500.0
truncation,1,unet,-2.0,1900.0,1902.0,0,1326,0.0365050546824932,0.5312394499778748,3,633.3333333333334
truncation,1,unet,-2.0,1900.0,1900.0,1,1305,0.0351526513695716,0.5604554414749146,3,633.3333333333334
truncation,1,unet,-2.0,1900.0,1901.0,2,1332,0.0465907230973243,0.5530423521995544,3,633.3333333333334
truncation,1,unet,-2.0,1900.0,1900.0,3,1307,0.0393399745225906,0.5367702841758728,3,633.3333333333334
truncation,1,unet,-2.0,1900.0,1900.0,4,1357,0.0373865850269794,0.4908200800418854,3,633.3333333333334
truncation,1,unet,-2.0,1900.0,1900.0,5,1358,0.0368998385965824,0.5743759274482727,3,633.3333333333334
truncation,1,unet,-2.0,30.0,30.0,0,20,1.4631731510162354,17.683746337890625,3,10.0
truncation,1,unet,-2.0,30.0,30.0,1,20,1.103849172592163,14.952804565429688,3,10.0
truncation,1,unet,-2.0,30.0,30.0,2,23,1.2238174676895142,13.63825511932373,3,10.0
truncation,1,unet,-2.0,30.0,31.0,3,19,1.0950415134429932,15.861512184143066,3,10.0
truncation,1,unet,-2.0,30.0,30.0,4,23,1.232899785041809,13.334141731262209,3,10.0
truncation,1,unet,-2.0,30.0,30.0,5,21,1.239375352859497,15.28000831604004,3,10.0
truncation,1,unet,-2.0,300.0,300.0,0,204,0.461716741323471,0.6499365568161011,3,100.0
truncation,1,unet,-2.0,300.0,301.0,1,201,0.5095210075378418,0.7081498503684998,3,100.0
truncation,1,unet,-2.0,300.0,300.0,2,215,0.470566838979721,0.7725175023078918,3,100.0
truncation,1,unet,-2.0,300.0,301.0,3,194,0.5566281080245972,0.7381019592285156,3,100.0
truncation,1,unet,-2.0,300.0,300.0,4,213,0.4671977758407593,0.6781166791915894,3,100.0
truncation,1,unet,-2.0,300.0,301.0,5,218,0.4442853033542633,0.8590237498283386,3,100.0
truncation,1,unet,-2.0,3000.0,3000.0,0,2092,0.0282733626663684,0.5283575057983398,3,1000.0
truncation,1,unet,-2.0,3000.0,3000.0,1,2060,0.0289694629609584,0.5796062350273132,3,1000.0
truncation,1,unet,-2.0,3000.0,3000.0,2,2095,0.032679695636034,0.5407108664512634,3,1000.0
truncation,1,unet,-2.0,3000.0,3000.0,3,2068,0.024816608056426,0.5407785773277283,3,1000.0
truncation,1,unet,-2.0,3000.0,3000.0,4,2154,0.029001735150814,0.4933554828166961,3,1000.0
truncation,1,unet,-2.0,3000.0,3000.0,5,2134,0.0284719746559858,0.5632999539375305,3,1000.0
truncation,1,unet,-2.0,30000.0,30000.0,0,20886,0.0189779568463563,0.5506762862205505,3,10000.0
truncation,1,unet,-2.0,30000.0,30000.0,1,21039,0.0193619728088378,0.5863018035888672,3,10000.0
truncation,1,unet,-2.0,30000.0,30001.0,2,21067,0.0198217295110225,0.5386401414871216,3,10000.0
truncation,1,unet,-2.0,30000.0,30000.0,3,20968,0.0189195945858955,0.5415881276130676,3,10000.0
truncation,1,unet,-2.0,30000.0,30000.0,4,21132,0.0189311169087886,0.5228821635246277,3,10000.0
truncation,1,unet,-2.0,30000.0,30000.0,5,21098,0.0195539519190788,0.5706133842468262,3,10000.0
truncation,1,unet,-2.0,400.0,401.0,0,273,0.2721730768680572,0.5497631430625916,3,133.33333333333334
truncation,1,unet,-2.0,400.0,400.0,1,273,0.2816084623336792,0.6002386212348938,3,133.33333333333334
truncation,1,unet,-2.0,400.0,401.0,2,286,0.2944057285785675,0.642525315284729,3,133.33333333333334
truncation,1,unet,-2.0,400.0,400.0,3,265,0.4120977222919464,0.5922408103942871,3,133.33333333333334
truncation,1,unet,-2.0,400.0,401.0,4,287,0.2949239313602447,0.5623921155929565,3,133.33333333333334
truncation,1,unet,-2.0,400.0,400.0,5,288,0.2686857879161834,0.6829196214675903,3,133.33333333333334
truncation,1,unet,-2.0,52.0,52.0,0,35,1.280391812324524,9.78548526763916,3,17.333333333333332
truncation,1,unet,-2.0,52.0,54.0,1,38,1.0196800231933594,5.614107608795166,3,17.333333333333332
truncation,1,unet,-2.0,52.0,52.0,2,37,1.132265567779541,4.172799587249756,3,17.333333333333332
truncation,1,unet,-2.0,52.0,52.0,3,35,1.0210108757019043,9.434165954589844,3,17.333333333333332
truncation,1,unet,-2.0,52.0,52.0,4,38,1.080405592918396,7.616075038909912,3,17.333333333333332
truncation,1,unet,-2.0,52.0,52.0,5,36,0.9540661573410034,6.105177402496338,3,17.333333333333332
truncation,1,unet,-2.0,520.0,520.0,0,363,0.1693080365657806,0.5581081509590149,3,173.33333333333334
truncation,1,unet,-2.0,520.0,520.0,1,360,0.1945490539073944,0.5618090629577637,3,173.33333333333334
truncation,1,unet,-2.0,520.0,520.0,2,370,0.1909566074609756,0.6050374507904053,3,173.33333333333334
truncation,1,unet,-2.0,520.0,520.0,3,346,0.2027435600757599,0.5737958550453186,3,173.33333333333334
truncation,1,unet,-2.0,520.0,520.0,4,370,0.2004756331443786,0.5275404453277588,3,173.33333333333334
truncation,1,unet,-2.0,520.0,520.0,5,379,0.1659240275621414,0.6050694584846497,3,173.33333333333334
truncation,1,unet,-2.0,5200.0,5200.0,0,3654,0.0229164455085992,0.5501598715782166,3,1733.3333333333333
truncation,1,unet,-2.0,5200.0,5200.0,1,3612,0.0233234409242868,0.5643203854560852,3,1733.3333333333333
truncation,1,unet,-2.0,5200.0,5200.0,2,3641,0.0235224794596433,0.5460846424102783,3,1733.3333333333333
truncation,1,unet,-2.0,5200.0,5200.0,3,3601,0.0205641575157642,0.5410563349723816,3,1733.3333333333333
truncation,1,unet,-2.0,5200.0,5201.0,4,3686,0.0239377692341804,0.5339892506599426,3,1733.3333333333333
truncation,1,unet,-2.0,5200.0,5202.0,5,3700,0.0241805016994476,0.5936896204948425,3,1733.3333333333333
truncation,1,unet,-2.0,700.0,701.0,0,484,0.1113358289003372,0.5431022047996521,3,233.33333333333334
truncation,1,unet,-2.0,700.0,700.0,1,477,0.1305855363607406,0.5379586815834045,3,233.33333333333334
truncation,1,unet,-2.0,700.0,702.0,2,493,0.1117890700697898,0.5681983828544617,3,233.33333333333334
truncation,1,unet,-2.0,700.0,702.0,3,465,0.1416553556919098,0.5412632822990417,3,233.33333333333334
truncation,1,unet,-2.0,700.0,700.0,4,492,0.1231453269720077,0.5042291879653931,3,233.33333333333334
truncation,1,unet,-2.0,700.0,700.0,5,514,0.1048810929059982,0.6126026511192322,3,233.33333333333334
truncation,1,unet,-2.0,90.0,90.0,0,63,1.131733536720276,8.743618965148926,3,30.0
truncation,1,unet,-2.0,90.0,91.0,1,63,0.7205002903938293,1.674729824066162,3,30.0
truncation,1,unet,-2.0,90.0,90.0,2,66,0.9774810671806335,1.413675308227539,3,30.0
truncation,1,unet,-2.0,90.0,90.0,3,61,1.4021203517913818,4.555426120758057,3,30.0
truncation,1,unet,-2.0,90.0,90.0,4,65,0.59208744764328,1.403519868850708,3,30.0
truncation,1,unet,-2.0,90.0,90.0,5,63,0.7183869481086731,1.7371963262557983,3,30.0
truncation,1,unet,-2.0,900.0,900.0,0,618,0.0914218872785568,0.5504938960075378,3,300.0
truncation,1,unet,-2.0,900.0,900.0,1,610,0.0953148826956749,0.5575069189071655,3,300.0
truncation,1,unet,-2.0,900.0,902.0,2,633,0.0849743634462356,0.5589178204536438,3,300.0
truncation,1,unet,-2.0,900.0,900.0,3,613,0.0964181125164032,0.5324783325195312,3,300.0
truncation,1,unet,-2.0,900.0,900.0,4,648,0.0905972048640251,0.493338942527771,3,300.0
truncation,1,unet,-2.0,900.0,902.0,5,651,0.0760390534996986,0.5773890614509583,3,300.0
truncation,1,unet,-2.0,9000.0,9000.0,0,6330,0.0206211637705564,0.5612503886222839,3,3000.0
truncation,1,unet,-2.0,9000.0,9000.0,1,6252,0.0207655858248472,0.5679681301116943,3,3000.0
truncation,1,unet,-2.0,9000.0,9000.0,2,6314,0.0197708941996097,0.5176799893379211,3,3000.0
truncation,1,unet,-2.0,9000.0,9000.0,3,6246,0.0195015911012887,0.5277215242385864,3,3000.0
truncation,1,unet,-2.0,9000.0,9001.0,4,6342,0.0207235142588615,0.5161169171333313,3,3000.0
truncation,1,unet,-2.0,9000.0,9000.0,5,6374,0.0212318748235702,0.585034191608429,3,3000.0
truncation,1,unet,-2.5,900.0,900.0,0,659,0.0837080627679824,0.5535738468170166,3,300.0
truncation,1,unet,-2.5,900.0,900.0,1,654,0.0865155681967735,0.579791784286499,3,300.0
truncation,1,unet,-2.5,900.0,900.0,2,682,0.0856042355298996,0.5635489225387573,3,300.0
truncation,1,unet,-2.5,900.0,901.0,3,655,0.086145706474781,0.5505222678184509,3,300.0
truncation,1,unet,-2.5,900.0,900.0,4,693,0.0841576009988784,0.5004547834396362,3,300.0
truncation,1,unet,-2.5,900.0,901.0,5,697,0.074665643274784,0.5986431837081909,3,300.0
truncation,1,unet,-20.0,1100.0,1100.0,0,1100,0.2486344426870346,1.012088418006897,3,366.6666666666667
truncation,1,unet,-20.0,1100.0,1100.0,1,1100,0.2399796992540359,0.8087529540061951,3,366.6666666666667
truncation,1,unet,-20.0,1100.0,1100.0,2,1100,0.2111631035804748,0.8243941068649292,3,366.6666666666667
truncation,1,unet,-20.0,1100.0,1100.0,3,1100,0.2322867959737777,0.634495735168457,3,366.6666666666667
truncation,1,unet,-20.0,1100.0,1100.0,4,1100,0.2520064115524292,0.9193565845489502,3,366.6666666666667
truncation,1,unet,-20.0,1100.0,1100.0,5,1100,0.2733370959758758,0.8155227303504944,3,366.6666666666667
truncation,1,unet,-20.0,1560.0,1560.0,0,1560,0.2293330281972885,0.984970211982727,3,520.0
truncation,1,unet,-20.0,1560.0,1560.0,1,1560,0.2341431379318237,0.827836275100708,3,520.0
truncation,1,unet,-20.0,1560.0,1560.0,2,1560,0.2109171748161316,0.8160784840583801,3,520.0
truncation,1,unet,-20.0,1560.0,1560.0,3,1560,0.2372322827577591,0.6525356769561768,3,520.0
truncation,1,unet,-20.0,1560.0,1560.0,4,1560,0.253793329000473,0.9260182976722716,3,520.0
truncation,1,unet,-20.0,1560.0,1560.0,5,1560,0.2626357972621918,0.8323255777359009,3,520.0
truncation,1,unet,-20.0,165.0,165.0,0,165,0.6328405737876892,0.9417953491210938,3,55.0
truncation,1,unet,-20.0,165.0,165.0,1,165,0.6428158283233643,1.0394158363342283,3,55.0
truncation,1,unet,-20.0,165.0,165.0,2,165,0.5862738490104675,1.1100836992263794,3,55.0
truncation,1,unet,-20.0,165.0,165.0,3,165,0.7605154514312744,1.7826272249221802,3,55.0
truncation,1,unet,-20.0,165.0,165.0,4,165,0.5889355540275574,1.1031079292297363,3,55.0
truncation,1,unet,-20.0,165.0,165.0,5,165,0.6120482087135315,1.1531896591186523,3,55.0
truncation,1,unet,-20.0,16500.0,16500.0,0,16500,0.2427442520856857,1.0099091529846191,3,5500.0
truncation,1,unet,-20.0,16500.0,16500.0,1,16499,0.2502684593200683,0.9694035649299622,3,5500.0
truncation,1,unet,-20.0,16500.0,16500.0,2,16500,0.2423102259635925,1.0635517835617063,3,5500.0
truncation,1,unet,-20.0,16500.0,16500.0,3,16500,0.2380111962556839,0.732066810131073,3,5500.0
truncation,1,unet,-20.0,16500.0,16500.0,4,16500,0.32857546210289,1.2007923126220703,3,5500.0
truncation,1,unet,-20.0,16500.0,16500.0,5,16498,0.2535027861595154,0.9309548735618592,3,5500.0
truncation,1,unet,-20.0,1900.0,1900.0,0,1900,0.2334692329168319,0.9439892172813416,3,633.3333333333334
truncation,1,unet,-20.0,1900.0,1900.0,1,1900,0.2355780899524688,0.8206579685211182,3,633.3333333333334
truncation,1,unet,-20.0,1900.0,1900.0,2,1900,0.2117687910795211,0.8264637589454651,3,633.3333333333334
truncation,1,unet,-20.0,1900.0,1900.0,3,1900,0.2336577326059341,0.6522729396820068,3,633.3333333333334
truncation,1,unet,-20.0,1900.0,1900.0,4,1900,0.2611961364746094,0.9280332922935486,3,633.3333333333334
truncation,1,unet,-20.0,1900.0,1900.0,5,1900,0.2572183310985565,0.8606162667274475,3,633.3333333333334
truncation,1,unet,-20.0,30.0,30.0,0,30,1.2999584674835205,11.644013404846191,3,10.0
truncation,1,unet,-20.0,30.0,30.0,1,30,1.17100989818573,7.24906587600708,3,10.0
truncation,1,unet,-20.0,30.0,30.0,2,30,1.2975585460662842,9.414628982543944,3,10.0
truncation,1,unet,-20.0,30.0,30.0,3,30,1.0283167362213137,10.306747436523438,3,10.0
truncation,1,unet,-20.0,30.0,30.0,4,30,0.8287981748580933,6.962270736694336,3,10.0
truncation,1,unet,-20.0,30.0,30.0,5,30,1.0499708652496338,10.500961303710938,3,10.0
truncation,1,unet,-20.0,300.0,300.0,0,300,0.2820998132228851,0.7472583055496216,3,100.0
truncation,1,unet,-20.0,300.0,300.0,1,300,0.2992830872535705,0.7458372116088867,3,100.0
truncation,1,unet,-20.0,300.0,300.0,2,300,0.3228864669799804,0.8202875256538391,3,100.0
truncation,1,unet,-20.0,300.0,300.0,3,300,0.3103820979595184,0.6334206461906433,3,100.0
truncation,1,unet,-20.0,300.0,300.0,4,300,0.3070194125175476,0.8616570830345154,3,100.0
truncation,1,unet,-20.0,300.0,300.0,5,300,0.3126692175865173,0.7205636501312256,3,100.0
truncation,1,unet,-20.0,3000.0,3000.0,0,3000,0.2337893396615982,1.0219815969467163,3,1000.0
truncation,1,unet,-20.0,3000.0,3000.0,1,3000,0.2354017347097396,0.8967991471290588,3,1000.0
truncation,1,unet,-20.0,3000.0,3000.0,2,3000,0.2206890881061554,0.9275912046432496,3,1000.0
truncation,1,unet,-20.0,3000.0,3000.0,3,3000,0.2329062968492508,0.662270188331604,3,1000.0
truncation,1,unet,-20.0,3000.0,3000.0,4,3000,0.3311437964439392,1.1844652891159058,3,1000.0
truncation,1,unet,-20.0,3000.0,3000.0,5,3000,0.2302705645561218,0.9234180450439452,3,1000.0
truncation,1,unet,-20.0,30000.0,30000.0,0,29999,0.2502433061599731,1.4196546077728271,3,10000.0
truncation,1,unet,-20.0,30000.0,30000.0,1,29998,0.2427151799201965,1.0087672472000122,3,10000.0
truncation,1,unet,-20.0,30000.0,30000.0,2,30000,0.2498170286417007,1.1141343116760254,3,10000.0
truncation,1,unet,-20.0,30000.0,30000.0,3,29999,0.2881075441837311,0.7837554216384888,3,10000.0
truncation,1,unet,-20.0,30000.0,30000.0,4,29999,0.3751307725906372,1.2164804935455322,3,10000.0
truncation,1,unet,-20.0,30000.0,30000.0,5,29998,0.2330155074596405,0.9015422463417052,3,10000.0
truncation,1,unet,-20.0,400.0,400.0,0,400,0.2613810002803802,0.6834110617637634,3,133.33333333333334
truncation,1,unet,-20.0,400.0,400.0,1,400,0.2667827010154724,0.7552130818367004,3,133.33333333333334
truncation,1,unet,-20.0,400.0,400.0,2,400,0.2413663417100906,0.8289616107940674,3,133.33333333333334
truncation,1,unet,-20.0,400.0,400.0,3,400,0.2520627677440643,0.6385915279388428,3,133.33333333333334
truncation,1,unet,-20.0,400.0,400.0,4,400,0.2712322473526001,0.8698739409446716,3,133.33333333333334
truncation,1,unet,-20.0,400.0,400.0,5,400,0.2619233131408691,0.7238554358482361,3,133.33333333333334
truncation,1,unet,-20.0,52.0,52.0,0,52,1.146843433380127,8.435879707336426,3,17.333333333333332
truncation,1,unet,-20.0,52.0,52.0,1,52,1.175398588180542,2.4110426902771,3,17.333333333333332
truncation,1,unet,-20.0,52.0,52.0,2,52,0.8615767955780029,2.384085893630981,3,17.333333333333332
truncation,1,unet,-20.0,52.0,52.0,3,52,0.9389578104019164,8.692320823669434,3,17.333333333333332
truncation,1,unet,-20.0,52.0,52.0,4,52,0.976945459842682,2.3637170791625977,3,17.333333333333332
truncation,1,unet,-20.0,52.0,52.0,5,52,0.822770893573761,3.045417070388794,3,17.333333333333332
truncation,1,unet,-20.0,520.0,520.0,0,520,0.2448653727769851,0.8664752244949341,3,173.33333333333334
truncation,1,unet,-20.0,520.0,520.0,1,520,0.2440249174833297,0.7222543358802795,3,173.33333333333334
truncation,1,unet,-20.0,520.0,520.0,2,520,0.2269306182861328,0.7859974503517151,3,173.33333333333334
truncation,1,unet,-20.0,520.0,520.0,3,520,0.2287558317184448,0.6412085294723511,3,173.33333333333334
truncation,1,unet,-20.0,520.0,520.0,4,520,0.2640786468982696,0.84048992395401,3,173.33333333333334
truncation,1,unet,-20.0,520.0,520.0,5,520,0.2464054077863693,0.7325783371925354,3,173.33333333333334
truncation,1,unet,-20.0,5200.0,5200.0,0,5200,0.2464383691549301,1.0414999723434448,3,1733.3333333333333
truncation,1,unet,-20.0,5200.0,5200.0,1,5200,0.2374219596385955,0.984125792980194,3,1733.3333333333333
truncation,1,unet,-20.0,5200.0,5200.0,2,5200,0.2304297536611557,0.9906725883483888,3,1733.3333333333333
truncation,1,unet,-20.0,5200.0,5200.0,3,5200,0.2374108135700225,0.7047814726829529,3,1733.3333333333333
truncation,1,unet,-20.0,5200.0,5200.0,4,5200,0.3381083607673645,1.1294020414352417,3,1733.3333333333333
truncation,1,unet,-20.0,5200.0,5200.0,5,5200,0.2417692095041275,0.9203152060508728,3,1733.3333333333333
truncation,1,unet,-20.0,700.0,700.0,0,700,0.2322635650634765,0.8409271240234375,3,233.33333333333334
truncation,1,unet,-20.0,700.0,700.0,1,700,0.2375802248716354,0.7258263826370239,3,233.33333333333334
truncation,1,unet,-20.0,700.0,700.0,2,700,0.2134942263364792,0.8162551522254944,3,233.33333333333334
truncation,1,unet,-20.0,700.0,700.0,3,700,0.2269742935895919,0.6271325349807739,3,233.33333333333334
truncation,1,unet,-20.0,700.0,700.0,4,700,0.2600417733192444,0.8779358267784119,3,233.33333333333334
truncation,1,unet,-20.0,700.0,700.0,5,700,0.2367116659879684,0.721009373664856,3,233.33333333333334
truncation,1,unet,-20.0,90.0,90.0,0,90,0.9783353805541992,4.605667591094971,3,30.0
truncation,1,unet,-20.0,90.0,90.0,1,90,0.8024160861968994,1.301537275314331,3,30.0
truncation,1,unet,-20.0,90.0,90.0,2,90,0.8325163125991821,2.070167303085327,3,30.0
truncation,1,unet,-20.0,90.0,90.0,3,90,0.8171123266220093,3.2152552604675293,3,30.0
truncation,1,unet,-20.0,90.0,90.0,4,90,0.3924954235553741,0.9901728630065918,3,30.0
truncation,1,unet,-20.0,90.0,90.0,5,90,0.9939591288566588,3.4910216331481934,3,30.0
truncation,1,unet,-20.0,900.0,900.0,0,900,0.242562785744667,0.9920505285263062,3,300.0
truncation,1,unet,-20.0,900.0,900.0,1,900,0.2390239536762237,0.7732312679290771,3,300.0
truncation,1,unet,-20.0,900.0,900.0,2,900,0.2118646949529647,0.8069998025894165,3,300.0
truncation,1,unet,-20.0,900.0,900.0,3,900,0.2258040606975555,0.630902111530304,3,300.0
truncation,1,unet,-20.0,900.0,900.0,4,900,0.2528620362281799,0.9146551489830016,3,300.0
truncation,1,unet,-20.0,900.0,900.0,5,900,0.2251863777637481,0.7215220332145691,3,300.0
truncation,1,unet,-20.0,9000.0,9000.0,0,9000,0.2402799576520919,0.9556659460067748,3,3000.0
truncation,1,unet,-20.0,9000.0,9000.0,1,9000,0.2386617809534073,1.0277615785598757,3,3000.0
truncation,1,unet,-20.0,9000.0,9000.0,2,9000,0.2332870811223983,1.0386662483215332,3,3000.0
truncation,1,unet,-20.0,9000.0,9000.0,3,9000,0.2373304665088653,0.7435210943222046,3,3000.0
truncation,1,unet,-20.0,9000.0,9000.0,4,9000,0.319542646408081,1.1945348978042605,3,3000.0
truncation,1,unet,-20.0,9000.0,9000.0,5,9000,0.2368852943181991,0.9335209727287292,3,3000.0
truncation,1,unet,-3.0,1100.0,1100.0,0,848,0.0607547312974929,0.5463724732398987,3,366.6666666666667
truncation,1,unet,-3.0,1100.0,1100.0,1,859,0.0635928362607956,0.6013940572738647,3,366.6666666666667
truncation,1,unet,-3.0,1100.0,1100.0,2,870,0.070416122674942,0.5910332202911377,3,366.6666666666667
truncation,1,unet,-3.0,1100.0,1101.0,3,855,0.0669857040047645,0.5628650784492493,3,366.6666666666667
truncation,1,unet,-3.0,1100.0,1100.0,4,906,0.0632427111268043,0.5249493718147278,3,366.6666666666667
truncation,1,unet,-3.0,1100.0,1100.0,5,890,0.0535221025347709,0.605018675327301,3,366.6666666666667
truncation,1,unet,-3.0,1560.0,1560.0,0,1219,0.0476813502609729,0.5318310856819153,3,520.0
truncation,1,unet,-3.0,1560.0,1560.0,1,1236,0.0456735417246818,0.6064597964286804,3,520.0
truncation,1,unet,-3.0,1560.0,1560.0,2,1239,0.0566466860473156,0.5906677842140198,3,520.0
truncation,1,unet,-3.0,1560.0,1560.0,3,1223,0.0457744263112545,0.5719562768936157,3,520.0
truncation,1,unet,-3.0,1560.0,1560.0,4,1265,0.0439092814922332,0.5308077335357666,3,520.0
truncation,1,unet,-3.0,1560.0,1560.0,5,1262,0.0437203682959079,0.6180475950241089,3,520.0
truncation,1,unet,-3.0,165.0,165.0,0,128,0.6228256225585938,0.8747193813323975,3,55.0
truncation,1,unet,-3.0,165.0,165.0,1,131,0.5822837948799133,0.927294909954071,3,55.0
truncation,1,unet,-3.0,165.0,165.0,2,140,0.7014814615249634,1.2323137521743774,3,55.0
truncation,1,unet,-3.0,165.0,165.0,3,123,0.749855637550354,1.5784292221069336,3,55.0
truncation,1,unet,-3.0,165.0,165.0,4,139,0.6680251955986023,1.118841528892517,3,55.0
truncation,1,unet,-3.0,165.0,165.0,5,134,0.6980270147323608,1.5992820262908936,3,55.0
truncation,1,unet,-3.0,16500.0,16500.0,0,13098,0.0209133494645357,0.5765841603279114,3,5500.0
truncation,1,unet,-3.0,16500.0,16500.0,1,13149,0.0239629931747913,0.6098767518997192,3,5500.0
truncation,1,unet,-3.0,16500.0,16500.0,2,13141,0.0220138095319271,0.5457494258880615,3,5500.0
truncation,1,unet,-3.0,16500.0,16500.0,3,13087,0.0210325624793767,0.5548369288444519,3,5500.0
truncation,1,unet,-3.0,16500.0,16500.0,4,13144,0.0217023231089115,0.5467436909675598,3,5500.0
truncation,1,unet,-3.0,16500.0,16500.0,5,13215,0.0240186378359794,0.6160966157913208,3,5500.0
truncation,1,unet,-3.0,1900.0,1900.0,0,1494,0.0392083935439586,0.5434669852256775,3,633.3333333333334
truncation,1,unet,-3.0,1900.0,1901.0,1,1514,0.0390033349394798,0.6257057189941406,3,633.3333333333334
truncation,1,unet,-3.0,1900.0,1900.0,2,1498,0.0452899076044559,0.5735460519790649,3,633.3333333333334
truncation,1,unet,-3.0,1900.0,1900.0,3,1489,0.0362549312412738,0.5500094294548035,3,633.3333333333334
truncation,1,unet,-3.0,1900.0,1900.0,4,1533,0.0341569297015666,0.5146031975746155,3,633.3333333333334
truncation,1,unet,-3.0,1900.0,1901.0,5,1537,0.0358523465692997,0.632512092590332,3,633.3333333333334
truncation,1,unet,-3.0,30.0,31.0,0,22,1.5594903230667114,18.253530502319336,3,10.0
truncation,1,unet,-3.0,30.0,30.0,1,22,1.0066511631011963,11.191984176635742,3,10.0
truncation,1,unet,-3.0,30.0,30.0,2,26,1.1577417850494385,11.212695121765137,3,10.0
truncation,1,unet,-3.0,30.0,30.0,3,20,1.102284550666809,15.328667640686035,3,10.0
truncation,1,unet,-3.0,30.0,30.0,4,24,1.2888273000717163,12.555426597595217,3,10.0
truncation,1,unet,-3.0,30.0,30.0,5,24,1.208089828491211,13.83694839477539,3,10.0
truncation,1,unet,-3.0,300.0,300.0,0,230,0.3975991308689117,0.6361919045448303,3,100.0
truncation,1,unet,-3.0,300.0,300.0,1,242,0.3539701998233795,0.731452465057373,3,100.0
truncation,1,unet,-3.0,300.0,301.0,2,246,0.351776659488678,0.7259001731872559,3,100.0
truncation,1,unet,-3.0,300.0,300.0,3,223,0.4740922451019287,0.6819496750831604,3,100.0
truncation,1,unet,-3.0,300.0,300.0,4,245,0.3663043081760406,0.6358906626701355,3,100.0
truncation,1,unet,-3.0,300.0,300.0,5,244,0.350445806980133,0.7862522006034851,3,100.0
truncation,1,unet,-3.0,3000.0,3000.0,0,2381,0.0311947967857122,0.5553576350212097,3,1000.0
truncation,1,unet,-3.0,3000.0,3000.0,1,2385,0.0309234466403722,0.6097801923751831,3,1000.0
truncation,1,unet,-3.0,3000.0,3000.0,2,2378,0.0327715538442134,0.5840978622436523,3,1000.0
truncation,1,unet,-3.0,3000.0,3000.0,3,2354,0.0276717226952314,0.5586783289909363,3,1000.0
truncation,1,unet,-3.0,3000.0,3000.0,4,2424,0.0272807832807302,0.4991245865821838,3,1000.0
truncation,1,unet,-3.0,3000.0,3000.0,5,2423,0.0299945306032896,0.6042336821556091,3,1000.0
truncation,1,unet,-3.0,30000.0,30002.0,0,23773,0.0207702852785587,0.5787324905395508,3,10000.0
truncation,1,unet,-3.0,30000.0,30000.0,1,23897,0.0231405198574066,0.5983706116676331,3,10000.0
truncation,1,unet,-3.0,30000.0,30000.0,2,23994,0.0221127215772867,0.5661118626594543,3,10000.0
truncation,1,unet,-3.0,30000.0,30000.0,3,23807,0.0203947015106678,0.5541996359825134,3,10000.0
truncation,1,unet,-3.0,30000.0,30000.0,4,24010,0.0225264076143503,0.5474832057952881,3,10000.0
truncation,1,unet,-3.0,30000.0,30000.0,5,23986,0.0228548254817724,0.5976718664169312,3,10000.0
truncation,1,unet,-3.0,400.0,400.0,0,313,0.1912431865930557,0.609218180179596,3,133.33333333333334
truncation,1,unet,-3.0,400.0,400.0,1,325,0.2500610053539276,0.6749041676521301,3,133.33333333333334
truncation,1,unet,-3.0,400.0,401.0,2,326,0.2341099828481674,0.6784055829048157,3,133.33333333333334
truncation,1,unet,-3.0,400.0,400.0,3,302,0.2944409549236297,0.599625289440155,3,133.33333333333334
truncation,1,unet,-3.0,400.0,401.0,4,327,0.2426317483186721,0.5661788582801819,3,133.33333333333334
truncation,1,unet,-3.0,400.0,401.0,5,321,0.2186232656240463,0.63627690076828,3,133.33333333333334
truncation,1,unet,-3.0,52.0,52.0,0,38,1.0943101644515991,8.835271835327148,3,17.333333333333332
truncation,1,unet,-3.0,52.0,52.0,1,41,1.2516703605651855,5.1251373291015625,3,17.333333333333332
truncation,1,unet,-3.0,52.0,52.0,2,42,1.0698388814926147,7.836634159088135,3,17.333333333333332
truncation,1,unet,-3.0,52.0,52.0,3,39,1.00324809551239,8.46353530883789,3,17.333333333333332
truncation,1,unet,-3.0,52.0,52.0,4,42,1.840611219406128,4.7757744789123535,3,17.333333333333332
truncation,1,unet,-3.0,52.0,52.0,5,41,1.0727176666259766,8.432981491088867,3,17.333333333333332
truncation,1,unet,-3.0,520.0,520.0,0,406,0.1548464596271515,0.5822104811668396,3,173.33333333333334
truncation,1,unet,-3.0,520.0,521.0,1,423,0.1637228727340698,0.6318322420120239,3,173.33333333333334
truncation,1,unet,-3.0,520.0,520.0,2,419,0.1615146249532699,0.6570746302604675,3,173.33333333333334
truncation,1,unet,-3.0,520.0,520.0,3,394,0.1641536653041839,0.5840350389480591,3,173.33333333333334
truncation,1,unet,-3.0,520.0,520.0,4,419,0.1652443259954452,0.5696039199829102,3,173.33333333333334
truncation,1,unet,-3.0,520.0,521.0,5,429,0.1476452350616455,0.6444642543792725,3,173.33333333333334
truncation,1,unet,-3.0,5200.0,5201.0,0,4123,0.0246107578277587,0.5663889050483704,3,1733.3333333333333
truncation,1,unet,-3.0,5200.0,5200.0,1,4126,0.0257518365979194,0.6081843972206116,3,1733.3333333333333
truncation,1,unet,-3.0,5200.0,5201.0,2,4139,0.0261669158935546,0.5811350345611572,3,1733.3333333333333
truncation,1,unet,-3.0,5200.0,5200.0,3,4087,0.0230309385806322,0.5570400953292847,3,1733.3333333333333
truncation,1,unet,-3.0,5200.0,5200.0,4,4159,0.0232048034667968,0.5409530401229858,3,1733.3333333333333
truncation,1,unet,-3.0,5200.0,5200.0,5,4208,0.0250117275863885,0.6245144605636597,3,1733.3333333333333
truncation,1,unet,-3.0,700.0,700.0,0,543,0.1114751398563385,0.5737812519073486,3,233.33333333333334
truncation,1,unet,-3.0,700.0,700.0,1,552,0.1117872968316078,0.5911309719085693,3,233.33333333333334
truncation,1,unet,-3.0,700.0,700.0,2,560,0.1113524958491325,0.6024293303489685,3,233.33333333333334
truncation,1,unet,-3.0,700.0,700.0,3,535,0.1182276532053947,0.5523343086242676,3,233.33333333333334
truncation,1,unet,-3.0,700.0,700.0,4,565,0.1063481271266937,0.5309056639671326,3,233.33333333333334
truncation,1,unet,-3.0,700.0,701.0,5,576,0.102429375052452,0.6455917358398438,3,233.33333333333334
truncation,1,unet,-3.0,90.0,92.0,0,69,1.0566444396972656,6.923315048217773,3,30.0
truncation,1,unet,-3.0,90.0,90.0,1,73,0.8144042491912842,1.993080735206604,3,30.0
truncation,1,unet,-3.0,90.0,90.0,2,78,0.853587806224823,1.9413716793060305,3,30.0
truncation,1,unet,-3.0,90.0,91.0,3,67,0.8877430558204651,1.8593618869781492,3,30.0
truncation,1,unet,-3.0,90.0,90.0,4,75,1.9172167778015137,2.772012948989868,3,30.0
truncation,1,unet,-3.0,90.0,90.0,5,70,0.9767804741859436,4.276296138763428,3,30.0
truncation,1,unet,-3.0,900.0,900.0,0,698,0.0802781358361244,0.5568143129348755,3,300.0
truncation,1,unet,-3.0,900.0,901.0,1,708,0.0840745717287063,0.5893521904945374,3,300.0
truncation,1,unet,-3.0,900.0,901.0,2,710,0.0830469280481338,0.5998843312263489,3,300.0
truncation,1,unet,-3.0,900.0,900.0,3,701,0.0926317945122718,0.570674479007721,3,300.0
truncation,1,unet,-3.0,900.0,900.0,4,738,0.0817909017205238,0.5231195688247681,3,300.0
truncation,1,unet,-3.0,900.0,901.0,5,732,0.0752564817667007,0.605283796787262,3,300.0
truncation,1,unet,-3.0,9000.0,9000.0,0,7163,0.0220889803022146,0.5731310844421387,3,3000.0
truncation,1,unet,-3.0,9000.0,9000.0,1,7137,0.0231185238808393,0.6009430289268494,3,3000.0
truncation,1,unet,-3.0,9000.0,9000.0,2,7176,0.0215231087058782,0.5500243306159973,3,3000.0
truncation,1,unet,-3.0,9000.0,9002.0,3,7114,0.0209308862686157,0.5448678135871887,3,3000.0
truncation,1,unet,-3.0,9000.0,9000.0,4,7178,0.0207607615739107,0.5336444973945618,3,3000.0
truncation,1,unet,-3.0,9000.0,9000.0,5,7275,0.0234743002802133,0.600464940071106,3,3000.0
truncation,1,unet,-3.5,900.0,901.0,0,737,0.0788810104131698,0.5942131876945496,3,300.0
truncation,1,unet,-3.5,900.0,900.0,1,755,0.0871091932058334,0.6084743142127991,3,300.0
truncation,1,unet,-3.5,900.0,900.0,2,754,0.0897008776664733,0.621228039264679,3,300.0
truncation,1,unet,-3.5,900.0,900.0,3,739,0.0847284644842147,0.5666800141334534,3,300.0
truncation,1,unet,-3.5,900.0,900.0,4,766,0.0764390677213668,0.5305278897285461,3,300.0
truncation,1,unet,-3.5,900.0,900.0,5,756,0.0688700824975967,0.6281667351722717,3,300.0
truncation,1,unet,-4.0,300.0,300.0,0,251,0.3188065886497497,0.6370064616203308,3,100.0
truncation,1,unet,-4.0,300.0,300.0,1,264,0.3297619223594665,0.7508904933929443,3,100.0
truncation,1,unet,-4.0,300.0,300.0,2,265,0.3408727943897247,0.7462887167930603,3,100.0
truncation,1,unet,-4.0,300.0,301.0,3,251,0.3973195254802704,0.6669024229049683,3,100.0
truncation,1,unet,-4.0,300.0,300.0,4,261,0.3397612273693084,0.6338422894477844,3,100.0
truncation,1,unet,-4.0,300.0,300.0,5,267,0.3182923495769501,0.7408809661865234,3,100.0
truncation,1,unet,-4.0,90.0,90.0,0,74,0.987211525440216,6.135429382324219,3,30.0
truncation,1,unet,-4.0,90.0,90.0,1,79,0.9081550240516664,2.549729824066162,3,30.0
truncation,1,unet,-4.0,90.0,90.0,2,83,0.7969436645507812,1.2477147579193115,3,30.0
truncation,1,unet,-4.0,90.0,90.0,3,75,0.9518280029296876,4.830950736999512,3,30.0
truncation,1,unet,-4.0,90.0,90.0,4,78,0.9467830657958984,4.153493404388428,3,30.0
truncation,1,unet,-4.0,90.0,90.0,5,78,0.840494692325592,4.119235515594482,3,30.0
truncation,1,unet,-4.0,900.0,900.0,0,772,0.0803671851754188,0.6033281087875366,3,300.0
truncation,1,unet,-4.0,900.0,900.0,1,780,0.0892109051346778,0.6343271732330322,3,300.0
truncation,1,unet,-4.0,900.0,900.0,2,777,0.0930665358901023,0.6419538855552673,3,300.0
truncation,1,unet,-4.0,900.0,900.0,3,775,0.0831761807203292,0.5866618156433105,3,300.0
truncation,1,unet,-4.0,900.0,900.0,4,793,0.0840916782617569,0.5566801428794861,3,300.0
truncation,1,unet,-4.0,900.0,900.0,5,788,0.0748972743749618,0.671470046043396,3,300.0
truncation,1,unet,-5.0,1100.0,1100.0,0,1007,0.0759636014699935,0.6296064853668213,3,366.6666666666667
truncation,1,unet,-5.0,1100.0,1100.0,1,999,0.0714467391371727,0.6503487229347229,3,366.6666666666667
truncation,1,unet,-5.0,1100.0,1100.0,2,1015,0.088329017162323,0.6814399361610413,3,366.6666666666667
truncation,1,unet,-5.0,1100.0,1100.0,3,997,0.0801774188876152,0.6260156631469727,3,366.6666666666667
truncation,1,unet,-5.0,1100.0,1100.0,4,1012,0.0766940861940383,0.5779470205307007,3,366.6666666666667
truncation,1,unet,-5.0,1100.0,1100.0,5,1013,0.0766861289739608,0.729865312576294,3,366.6666666666667
truncation,1,unet,-5.0,1560.0,1560.0,0,1434,0.0558264851570129,0.6348989605903625,3,520.0
truncation,1,unet,-5.0,1560.0,1560.0,1,1427,0.052827101200819,0.7096381783485413,3,520.0
truncation,1,unet,-5.0,1560.0,1560.0,2,1434,0.0704739764332771,0.6792275905609131,3,520.0
truncation,1,unet,-5.0,1560.0,1560.0,3,1421,0.0623732469975948,0.6002163887023926,3,520.0
truncation,1,unet,-5.0,1560.0,1560.0,4,1438,0.0537039227783679,0.5690693259239197,3,520.0
truncation,1,unet,-5.0,1560.0,1560.0,5,1440,0.0648524239659309,0.7625638246536255,3,520.0
truncation,1,unet,-5.0,165.0,165.0,0,150,0.6639657616615295,1.0175395011901855,3,55.0
truncation,1,unet,-5.0,165.0,165.0,1,147,0.6878346800804138,1.0903366804122925,3,55.0
truncation,1,unet,-5.0,165.0,165.0,2,153,0.6569511294364929,1.155853509902954,3,55.0
truncation,1,unet,-5.0,165.0,165.0,3,144,0.6744616031646729,1.0530376434326172,3,55.0
truncation,1,unet,-5.0,165.0,165.0,4,150,0.6654202938079834,1.307367205619812,3,55.0
truncation,1,unet,-5.0,165.0,165.0,5,157,0.5656675696372986,1.2020859718322754,3,55.0
truncation,1,unet,-5.0,16500.0,16500.0,0,15105,0.0275282766669988,0.6606845855712891,3,5500.0
truncation,1,unet,-5.0,16500.0,16500.0,1,15138,0.0321410484611988,0.6775936484336853,3,5500.0
truncation,1,unet,-5.0,16500.0,16502.0,2,15209,0.0329340957105159,0.6960105895996094,3,5500.0
truncation,1,unet,-5.0,16500.0,16500.0,3,15125,0.027357829734683,0.6178988218307495,3,5500.0
truncation,1,unet,-5.0,16500.0,16500.0,4,15130,0.0276235472410917,0.6806327700614929,3,5500.0
truncation,1,unet,-5.0,16500.0,16501.0,5,15168,0.0306281950324773,0.740609884262085,3,5500.0
truncation,1,unet,-5.0,1900.0,1900.0,0,1746,0.0495272539556026,0.6278814673423767,3,633.3333333333334
truncation,1,unet,-5.0,1900.0,1900.0,1,1737,0.0503479391336441,0.7102639079093933,3,633.3333333333334
truncation,1,unet,-5.0,1900.0,1900.0,2,1746,0.0593540556728839,0.6707267761230469,3,633.3333333333334
truncation,1,unet,-5.0,1900.0,1900.0,3,1725,0.0577749721705913,0.6192038059234619,3,633.3333333333334
truncation,1,unet,-5.0,1900.0,1900.0,4,1755,0.0506970286369323,0.5809940695762634,3,633.3333333333334
truncation,1,unet,-5.0,1900.0,1900.0,5,1762,0.0634756907820701,0.7340930104255676,3,633.3333333333334
truncation,1,unet,-5.0,30.0,32.0,0,29,1.175029754638672,12.020468711853027,3,10.0
truncation,1,unet,-5.0,30.0,30.0,1,27,1.0191915035247805,8.197707176208496,3,10.0
truncation,1,unet,-5.0,30.0,30.0,2,28,1.274967908859253,8.658225059509277,3,10.0
truncation,1,unet,-5.0,30.0,30.0,3,25,1.1123101711273191,11.98785400390625,3,10.0
truncation,1,unet,-5.0,30.0,30.0,4,27,1.1826961040496826,11.57811450958252,3,10.0
truncation,1,unet,-5.0,30.0,30.0,5,28,1.1170868873596191,11.07259750366211,3,10.0
truncation,1,unet,-5.0,300.0,300.0,0,274,0.2675541341304779,0.6439624428749084,3,100.0
truncation,1,unet,-5.0,300.0,300.0,1,276,0.3192956745624542,0.7453614473342896,3,100.0
truncation,1,unet,-5.0,300.0,300.0,2,277,0.3156560361385345,0.7635231018066406,3,100.0
truncation,1,unet,-5.0,300.0,300.0,3,267,0.3575365245342254,0.654313325881958,3,100.0
truncation,1,unet,-5.0,300.0,300.0,4,274,0.3079232275485992,0.6770243644714355,3,100.0
truncation,1,unet,-5.0,300.0,300.0,5,277,0.3019280135631561,0.7531676888465881,3,100.0
truncation,1,unet,-5.0,3000.0,3001.0,0,2755,0.037096370011568,0.6239349842071533,3,1000.0
truncation,1,unet,-5.0,3000.0,3000.0,1,2743,0.043428648263216,0.6980368494987488,3,1000.0
truncation,1,unet,-5.0,3000.0,3000.0,2,2756,0.0425485707819461,0.6833886504173279,3,1000.0
truncation,1,unet,-5.0,3000.0,3000.0,3,2732,0.0381106808781623,0.6164707541465759,3,1000.0
truncation,1,unet,-5.0,3000.0,3000.0,4,2761,0.0328936241567134,0.6194754838943481,3,1000.0
truncation,1,unet,-5.0,3000.0,3000.0,5,2795,0.0508982837200164,0.7637913823127747,3,1000.0
truncation,1,unet,-5.0,30000.0,30000.0,0,27512,0.0284319054335355,0.6523178815841675,3,10000.0
truncation,1,unet,-5.0,30000.0,30000.0,1,27577,0.0312170311808586,0.6865949630737305,3,10000.0
truncation,1,unet,-5.0,30000.0,30000.0,2,27650,0.0321203209459781,0.7006333470344543,3,10000.0
truncation,1,unet,-5.0,30000.0,30000.0,3,27544,0.027383578941226,0.638116717338562,3,10000.0
truncation,1,unet,-5.0,30000.0,30000.0,4,27610,0.0287924874573946,0.6631584167480469,3,10000.0
truncation,1,unet,-5.0,30000.0,30000.0,5,27627,0.0305715724825859,0.7576342821121216,3,10000.0
truncation,1,unet,-5.0,400.0,400.0,0,368,0.1940775215625763,0.7173364162445068,3,133.33333333333334
truncation,1,unet,-5.0,400.0,400.0,1,370,0.2211217880249023,0.7770626544952393,3,133.33333333333334
truncation,1,unet,-5.0,400.0,400.0,2,372,0.2161031365394592,0.7309314608573914,3,133.33333333333334
truncation,1,unet,-5.0,400.0,400.0,3,355,0.1912429332733154,0.6542696952819824,3,133.33333333333334
truncation,1,unet,-5.0,400.0,400.0,4,364,0.2247780561447143,0.6388579607009888,3,133.33333333333334
truncation,1,unet,-5.0,400.0,400.0,5,372,0.200044497847557,0.6810654997825623,3,133.33333333333334
truncation,1,unet,-5.0,52.0,52.0,0,47,1.154379963874817,9.29281520843506,3,17.333333333333332
truncation,1,unet,-5.0,52.0,52.0,1,46,1.1105674505233765,5.792670726776123,3,17.333333333333332
truncation,1,unet,-5.0,52.0,52.0,2,48,1.0147143602371216,1.639216065406799,3,17.333333333333332
truncation,1,unet,-5.0,52.0,52.0,3,45,1.2213008403778076,9.680707931518556,3,17.333333333333332
truncation,1,unet,-5.0,52.0,53.0,4,48,1.997754454612732,6.716136455535889,3,17.333333333333332
truncation,1,unet,-5.0,52.0,52.0,5,48,0.8910649418830872,6.465935707092285,3,17.333333333333332
truncation,1,unet,-5.0,520.0,520.0,0,478,0.1571072489023208,0.7348804473876953,3,173.33333333333334
truncation,1,unet,-5.0,520.0,520.0,1,473,0.1595433354377746,0.6865137219429016,3,173.33333333333334
truncation,1,unet,-5.0,520.0,520.0,2,485,0.1701884269714355,0.7105178833007812,3,173.33333333333334
truncation,1,unet,-5.0,520.0,521.0,3,465,0.1388153284788131,0.6447077989578247,3,173.33333333333334
truncation,1,unet,-5.0,520.0,520.0,4,470,0.1411276906728744,0.6104227900505066,3,173.33333333333334
truncation,1,unet,-5.0,520.0,520.0,5,485,0.1679675877094268,0.7401751279830933,3,173.33333333333334
truncation,1,unet,-5.0,5200.0,5200.0,0,4756,0.0322870761156082,0.6283724308013916,3,1733.3333333333333
truncation,1,unet,-5.0,5200.0,5200.0,1,4739,0.0332707315683364,0.702219545841217,3,1733.3333333333333
truncation,1,unet,-5.0,5200.0,5200.0,2,4811,0.038260381668806,0.7453683018684387,3,1733.3333333333333
truncation,1,unet,-5.0,5200.0,5200.0,3,4756,0.0338228940963745,0.6229313015937805,3,1733.3333333333333
truncation,1,unet,-5.0,5200.0,5200.0,4,4792,0.0290038976818323,0.6396215558052063,3,1733.3333333333333
truncation,1,unet,-5.0,5200.0,5200.0,5,4799,0.0379804037511348,0.7493008375167847,3,1733.3333333333333
truncation,1,unet,-5.0,700.0,700.0,0,646,0.1129309460520744,0.6766864657402039,3,233.33333333333334
truncation,1,unet,-5.0,700.0,702.0,1,638,0.1179026886820793,0.6402229070663452,3,233.33333333333334
truncation,1,unet,-5.0,700.0,700.0,2,649,0.1242292746901512,0.6960200071334839,3,233.33333333333334
truncation,1,unet,-5.0,700.0,700.0,3,631,0.1181880831718444,0.620388925075531,3,233.33333333333334
truncation,1,unet,-5.0,700.0,700.0,4,646,0.1200658977031707,0.5988330245018005,3,233.33333333333334
truncation,1,unet,-5.0,700.0,701.0,5,649,0.1138033866882324,0.6988051533699036,3,233.33333333333334
truncation,1,unet,-5.0,90.0,90.0,0,81,1.004556655883789,4.987929821014404,3,30.0
truncation,1,unet,-5.0,90.0,91.0,1,81,0.4800923764705658,1.2243707180023191,3,30.0
truncation,1,unet,-5.0,90.0,90.0,2,85,0.6996691823005676,1.1908196210861206,3,30.0
truncation,1,unet,-5.0,90.0,90.0,3,79,0.9292274117469788,3.881625890731812,3,30.0
truncation,1,unet,-5.0,90.0,90.0,4,82,1.494478702545166,5.612091541290283,3,30.0
truncation,1,unet,-5.0,90.0,90.0,5,84,0.4754143357276916,1.5729753971099854,3,30.0
truncation,1,unet,-5.0,900.0,900.0,0,827,0.0915519520640373,0.6660865545272827,3,300.0
truncation,1,unet,-5.0,900.0,900.0,1,816,0.0900487527251243,0.6665420532226562,3,300.0
truncation,1,unet,-5.0,900.0,900.0,2,831,0.1016129776835441,0.6685712337493896,3,300.0
truncation,1,unet,-5.0,900.0,900.0,3,822,0.1041125282645225,0.6466909646987915,3,300.0
truncation,1,unet,-5.0,900.0,900.0,4,835,0.0924953445792198,0.5842068791389465,3,300.0
truncation,1,unet,-5.0,900.0,900.0,5,827,0.0832969844341278,0.6943807601928711,3,300.0
truncation,1,unet,-5.0,9000.0,9000.0,0,8253,0.0293559655547142,0.6575269103050232,3,3000.0
truncation,1,unet,-5.0,9000.0,9000.0,1,8233,0.0331253856420517,0.684253990650177,3,3000.0
truncation,1,unet,-5.0,9000.0,9000.0,2,8311,0.0332393199205398,0.6979349851608276,3,3000.0
truncation,1,unet,-5.0,9000.0,9000.0,3,8240,0.0293116178363561,0.6188302636146545,3,3000.0
truncation,1,unet,-5.0,9000.0,9000.0,4,8263,0.0287137366831302,0.6382616758346558,3,3000.0
truncation,1,unet,-5.0,9000.0,9000.0,5,8323,0.0358569100499153,0.7492405772209167,3,3000.0
truncation,1,unet,-7.0,1100.0,1100.0,0,1066,0.1371661275625229,0.7658265233039856,3,366.6666666666667
truncation,1,unet,-7.0,1100.0,1100.0,1,1069,0.1304859519004821,0.8279745578765869,3,366.6666666666667
truncation,1,unet,-7.0,1100.0,1100.0,2,1069,0.1279708594083786,0.783000648021698,3,366.6666666666667
truncation,1,unet,-7.0,1100.0,1100.0,3,1067,0.1570579707622528,0.6500707864761353,3,366.6666666666667
truncation,1,unet,-7.0,1100.0,1101.0,4,1066,0.1601301729679107,0.5979260206222534,3,366.6666666666667
truncation,1,unet,-7.0,1100.0,1100.0,5,1067,0.1123562678694725,0.7727892994880676,3,366.6666666666667
truncation,1,unet,-7.0,1560.0,1560.0,0,1513,0.1282050609588623,0.7789598107337952,3,520.0
truncation,1,unet,-7.0,1560.0,1560.0,1,1517,0.1103922501206398,0.8708935379981995,3,520.0
truncation,1,unet,-7.0,1560.0,1560.0,2,1513,0.1155617088079452,0.760698139667511,3,520.0
truncation,1,unet,-7.0,1560.0,1560.0,3,1514,0.1369225978851318,0.6448661684989929,3,520.0
truncation,1,unet,-7.0,1560.0,1561.0,4,1510,0.139048159122467,0.5937516093254089,3,520.0
truncation,1,unet,-7.0,1560.0,1560.0,5,1520,0.1003522649407386,0.8161911368370056,3,520.0
truncation,1,unet,-7.0,165.0,165.0,0,160,0.6442229151725769,0.936664879322052,3,55.0
truncation,1,unet,-7.0,165.0,165.0,1,160,0.6571553945541382,1.070015788078308,3,55.0
truncation,1,unet,-7.0,165.0,165.0,2,163,0.6195271015167236,1.2392921447753906,3,55.0
truncation,1,unet,-7.0,165.0,165.0,3,158,0.6377109289169312,1.0730197429656982,3,55.0
truncation,1,unet,-7.0,165.0,165.0,4,159,0.6275418996810913,1.1717239618301392,3,55.0
truncation,1,unet,-7.0,165.0,165.0,5,162,0.6320139169692993,1.158760905265808,3,55.0
truncation,1,unet,-7.0,16500.0,16500.0,0,15950,0.0441442281007766,0.7338793277740479,3,5500.0
truncation,1,unet,-7.0,16500.0,16500.0,1,15999,0.0446955971419811,0.8350566029548645,3,5500.0
truncation,1,unet,-7.0,16500.0,16500.0,2,16010,0.0474548190832138,0.8175108432769775,3,5500.0
truncation,1,unet,-7.0,16500.0,16500.0,3,15972,0.0476430021226406,0.7222994565963745,3,5500.0
truncation,1,unet,-7.0,16500.0,16500.0,4,15937,0.0373013652861118,0.7568749189376831,3,5500.0
truncation,1,unet,-7.0,16500.0,16500.0,5,16001,0.0520194619894027,0.8402645587921143,3,5500.0
truncation,1,unet,-7.0,1900.0,1900.0,0,1845,0.1116634830832481,0.7626333236694336,3,633.3333333333334
truncation,1,unet,-7.0,1900.0,1900.0,1,1851,0.1046520769596099,0.8817732930183411,3,633.3333333333334
truncation,1,unet,-7.0,1900.0,1900.0,2,1843,0.1034782975912094,0.755321204662323,3,633.3333333333334
truncation,1,unet,-7.0,1900.0,1900.0,3,1841,0.1248667910695076,0.6628546118736267,3,633.3333333333334
truncation,1,unet,-7.0,1900.0,1900.0,4,1842,0.1337884813547134,0.5893795490264893,3,633.3333333333334
truncation,1,unet,-7.0,1900.0,1900.0,5,1852,0.107258640229702,0.7675614953041077,3,633.3333333333334
truncation,1,unet,-7.0,300.0,300.0,0,292,0.2620909512042999,0.7422642111778259,3,100.0
truncation,1,unet,-7.0,300.0,300.0,1,294,0.2871443927288055,0.7395058870315552,3,100.0
truncation,1,unet,-7.0,300.0,300.0,2,297,0.2650099396705627,0.7414553165435791,3,100.0
truncation,1,unet,-7.0,300.0,300.0,3,287,0.3370510935783386,0.6361134052276611,3,100.0
truncation,1,unet,-7.0,300.0,300.0,4,290,0.2939341366291046,0.7004354000091553,3,100.0
truncation,1,unet,-7.0,300.0,300.0,5,291,0.3271659016609192,0.7425142526626587,3,100.0
truncation,1,unet,-7.0,400.0,400.0,0,389,0.2252315431833267,0.6900091171264648,3,133.33333333333334
truncation,1,unet,-7.0,400.0,400.0,1,390,0.2182430922985077,0.7856460213661194,3,133.33333333333334
truncation,1,unet,-7.0,400.0,400.0,2,396,0.2360392659902572,0.8404884338378906,3,133.33333333333334
truncation,1,unet,-7.0,400.0,400.0,3,385,0.2052591294050216,0.6389690637588501,3,133.33333333333334
truncation,1,unet,-7.0,400.0,400.0,4,388,0.2587461173534393,0.6419970393180847,3,133.33333333333334
truncation,1,unet,-7.0,400.0,400.0,5,390,0.2195893824100494,0.7220692038536072,3,133.33333333333334
truncation,1,unet,-7.0,52.0,52.0,0,49,1.1131994724273682,8.632828712463379,3,17.333333333333332
truncation,1,unet,-7.0,52.0,52.0,1,50,1.090699315071106,4.386840343475342,3,17.333333333333332
truncation,1,unet,-7.0,52.0,52.0,2,52,0.8941487073898315,2.7201528549194336,3,17.333333333333332
truncation,1,unet,-7.0,52.0,52.0,3,48,1.4206331968307495,5.771410465240479,3,17.333333333333332
truncation,1,unet,-7.0,52.0,52.0,4,49,1.187523603439331,9.094809532165527,3,17.333333333333332
truncation,1,unet,-7.0,52.0,52.0,5,50,0.9146451354026794,6.315573692321777,3,17.333333333333332
truncation,1,unet,-7.0,520.0,520.0,0,502,0.1922511607408523,0.7248062491416931,3,173.33333333333334
truncation,1,unet,-7.0,520.0,521.0,1,506,0.1820950210094452,0.775570809841156,3,173.33333333333334
truncation,1,unet,-7.0,520.0,520.0,2,510,0.1983867585659027,0.768867552280426,3,173.33333333333334
truncation,1,unet,-7.0,520.0,520.0,3,502,0.1941511631011963,0.6213635802268982,3,173.33333333333334
truncation,1,unet,-7.0,520.0,520.0,4,505,0.2252611517906189,0.6143670678138733,3,173.33333333333334
truncation,1,unet,-7.0,520.0,520.0,5,507,0.1953642964363098,0.7365924119949341,3,173.33333333333334
truncation,1,unet,-7.0,5200.0,5200.0,0,5037,0.0803494229912757,0.8253000974655151,3,1733.3333333333333
truncation,1,unet,-7.0,5200.0,5200.0,1,5038,0.0570389926433563,0.8313124179840088,3,1733.3333333333333
truncation,1,unet,-7.0,5200.0,5200.0,2,5064,0.0950650200247764,0.8490126729011536,3,1733.3333333333333
truncation,1,unet,-7.0,5200.0,5200.0,3,5035,0.0805191025137901,0.7342663407325745,3,1733.3333333333333
truncation,1,unet,-7.0,5200.0,5200.0,4,5032,0.0452353991568088,0.7421906590461731,3,1733.3333333333333
truncation,1,unet,-7.0,5200.0,5200.0,5,5057,0.077362835407257,0.8287323713302612,3,1733.3333333333333
truncation,1,unet,-7.0,700.0,700.0,0,679,0.1722350865602493,0.7097864151000977,3,233.33333333333334
truncation,1,unet,-7.0,700.0,700.0,1,679,0.1704916656017303,0.8034807443618774,3,233.33333333333334
truncation,1,unet,-7.0,700.0,700.0,2,683,0.1613446027040481,0.7633988857269287,3,233.33333333333334
truncation,1,unet,-7.0,700.0,700.0,3,677,0.1640662103891372,0.636305570602417,3,233.33333333333334
truncation,1,unet,-7.0,700.0,700.0,4,683,0.2261469364166259,0.600946307182312,3,233.33333333333334
truncation,1,unet,-7.0,700.0,700.0,5,682,0.1641008704900741,0.7181435823440552,3,233.33333333333334
truncation,1,unet,-7.0,90.0,90.0,0,86,1.0102438926696775,4.510369777679443,3,30.0
truncation,1,unet,-7.0,90.0,90.0,1,87,0.6671351194381714,1.2489362955093384,3,30.0
truncation,1,unet,-7.0,90.0,90.0,2,90,0.8588360548019409,2.1649341583251958,3,30.0
truncation,1,unet,-7.0,90.0,90.0,3,86,0.8294634819030762,1.3223031759262085,3,30.0
truncation,1,unet,-7.0,90.0,90.0,4,87,0.9981837272644044,2.8377199172973637,3,30.0
truncation,1,unet,-7.0,90.0,90.0,5,87,0.964760720729828,3.337958335876465,3,30.0
truncation,1,unet,0.0,1100.0,1100.0,0,542,0.0918044373393058,0.5086269378662109,3,366.6666666666667
truncation,1,unet,0.0,1100.0,1102.0,1,542,0.1007794290781021,0.5005586743354797,3,366.6666666666667
truncation,1,unet,0.0,1100.0,1101.0,2,547,0.0915906727313995,0.5172756910324097,3,366.6666666666667
truncation,1,unet,0.0,1100.0,1100.0,3,540,0.0972775369882583,0.498837947845459,3,366.6666666666667
truncation,1,unet,0.0,1100.0,1101.0,4,565,0.0925591960549354,0.4756879210472107,3,366.6666666666667
truncation,1,unet,0.0,1100.0,1102.0,5,562,0.0899422019720077,0.5245414972305298,3,366.6666666666667
truncation,1,unet,0.0,1560.0,1562.0,0,766,0.0591477677226066,0.4967039823532104,3,520.0
truncation,1,unet,0.0,1560.0,1561.0,1,760,0.0603355094790458,0.5223016142845154,3,520.0
truncation,1,unet,0.0,1560.0,1560.0,2,768,0.0616340562701225,0.5043272376060486,3,520.0
truncation,1,unet,0.0,1560.0,1560.0,3,777,0.0603384003043174,0.4992672502994537,3,520.0
truncation,1,unet,0.0,1560.0,1562.0,4,812,0.0629409253597259,0.4601262807846069,3,520.0
truncation,1,unet,0.0,1560.0,1561.0,5,784,0.0592650882899761,0.5226088166236877,3,520.0
truncation,1,unet,0.0,165.0,165.0,0,86,1.0458091497421265,4.444983005523682,3,55.0
truncation,1,unet,0.0,165.0,166.0,1,84,0.9107996225357056,2.9206652641296387,3,55.0
truncation,1,unet,0.0,165.0,166.0,2,84,0.7932108640670776,1.0969218015670776,3,55.0
truncation,1,unet,0.0,165.0,165.0,3,77,0.8501191735267639,2.6253554821014404,3,55.0
truncation,1,unet,0.0,165.0,167.0,4,85,0.8348743319511414,2.937141895294189,3,55.0
truncation,1,unet,0.0,165.0,165.0,5,82,0.6055946350097656,0.990963876247406,3,55.0
truncation,1,unet,0.0,16500.0,16501.0,0,8261,0.0177426543086767,0.5365236401557922,3,5500.0
truncation,1,unet,0.0,16500.0,16501.0,1,8269,0.0182133149355649,0.537844181060791,3,5500.0
truncation,1,unet,0.0,16500.0,16501.0,2,8199,0.0162696484476327,0.4916648864746094,3,5500.0
truncation,1,unet,0.0,16500.0,16500.0,3,8221,0.0161260664463043,0.5114991068840027,3,5500.0
truncation,1,unet,0.0,16500.0,16500.0,4,8265,0.0161800384521484,0.4744593203067779,3,5500.0
truncation,1,unet,0.0,16500.0,16500.0,5,8277,0.0193428136408329,0.5433709025382996,3,5500.0
truncation,1,unet,0.0,1900.0,1900.0,0,930,0.0437958724796772,0.5088196992874146,3,633.3333333333334
truncation,1,unet,0.0,1900.0,1901.0,1,927,0.0444519184529781,0.5252510905265808,3,633.3333333333334
truncation,1,unet,0.0,1900.0,1900.0,2,938,0.0485974475741386,0.5084730386734009,3,633.3333333333334
truncation,1,unet,0.0,1900.0,1901.0,3,948,0.0451561994850635,0.5060166716575623,3,633.3333333333334
truncation,1,unet,0.0,1900.0,1900.0,4,982,0.0471846126019954,0.4704864025115967,3,633.3333333333334
truncation,1,unet,0.0,1900.0,1900.0,5,959,0.0456858873367309,0.506191611289978,3,633.3333333333334
truncation,1,unet,0.0,30.0,30.0,0,13,1.4145612716674805,17.95159912109375,3,10.0
truncation,1,unet,0.0,30.0,30.0,1,15,1.5200402736663818,16.684507369995117,3,10.0
truncation,1,unet,0.0,30.0,30.0,2,17,1.3955243825912476,16.324594497680664,3,10.0
truncation,1,unet,0.0,30.0,30.0,3,13,1.1837533712387085,17.445463180541992,3,10.0
truncation,1,unet,0.0,30.0,31.0,4,18,1.4125688076019287,15.047699928283691,3,10.0
truncation,1,unet,0.0,30.0,31.0,5,14,1.172078013420105,15.98077392578125,3,10.0
truncation,1,unet,0.0,300.0,300.0,0,154,0.6804099082946777,0.9582920074462892,3,100.0
truncation,1,unet,0.0,300.0,302.0,1,149,0.6688122153282166,0.9819600582122804,3,100.0
truncation,1,unet,0.0,300.0,302.0,2,155,0.5691395998001099,0.889288604259491,3,100.0
truncation,1,unet,0.0,300.0,300.0,3,139,0.7561569213867188,1.1969761848449707,3,100.0
truncation,1,unet,0.0,300.0,301.0,4,151,0.5207862257957458,0.7439685463905334,3,100.0
truncation,1,unet,0.0,300.0,301.0,5,153,0.5982089638710022,1.030251145362854,3,100.0
truncation,1,unet,0.0,3000.0,3002.0,0,1484,0.0294405128806829,0.5223115682601929,3,1000.0
truncation,1,unet,0.0,3000.0,3001.0,1,1481,0.0306749138981103,0.5287760496139526,3,1000.0
truncation,1,unet,0.0,3000.0,3000.0,2,1487,0.0349427722394466,0.5082811713218689,3,1000.0
truncation,1,unet,0.0,3000.0,3000.0,3,1485,0.0277591608464717,0.4888232946395874,3,1000.0
truncation,1,unet,0.0,3000.0,3000.0,4,1536,0.0265513621270656,0.4587164223194122,3,1000.0
truncation,1,unet,0.0,3000.0,3002.0,5,1512,0.0273219961673021,0.5050679445266724,3,1000.0
truncation,1,unet,0.0,30000.0,30002.0,0,14960,0.0170129146426916,0.5402517318725586,3,10000.0
truncation,1,unet,0.0,30000.0,30000.0,1,15061,0.0171124618500471,0.550834059715271,3,10000.0
truncation,1,unet,0.0,30000.0,30000.0,2,14890,0.0163233317434787,0.4891420602798462,3,10000.0
truncation,1,unet,0.0,30000.0,30000.0,3,14963,0.0165965389460325,0.5155773758888245,3,10000.0
truncation,1,unet,0.0,30000.0,30001.0,4,14994,0.0166556518524885,0.4905932247638702,3,10000.0
truncation,1,unet,0.0,30000.0,30002.0,5,14997,0.0190017018467187,0.5187574625015259,3,10000.0
truncation,1,unet,0.0,400.0,401.0,0,204,0.4404292702674866,0.6720229983329773,3,133.33333333333334
truncation,1,unet,0.0,400.0,402.0,1,199,0.5314715504646301,0.692886471748352,3,133.33333333333334
truncation,1,unet,0.0,400.0,402.0,2,204,0.4650063216686249,0.6851733326911926,3,133.33333333333334
truncation,1,unet,0.0,400.0,400.0,3,190,0.5472652912139893,0.6894488334655762,3,133.33333333333334
truncation,1,unet,0.0,400.0,402.0,4,202,0.3267111778259277,0.5931277871131897,3,133.33333333333334
truncation,1,unet,0.0,400.0,400.0,5,205,0.4555175006389618,0.7873634696006775,3,133.33333333333334
truncation,1,unet,0.0,52.0,53.0,0,26,1.5456897020339966,15.188249588012695,3,17.333333333333332
truncation,1,unet,0.0,52.0,53.0,1,27,1.095775842666626,7.995739459991455,3,17.333333333333332
truncation,1,unet,0.0,52.0,52.0,2,27,1.3558471202850342,4.13405179977417,3,17.333333333333332
truncation,1,unet,0.0,52.0,53.0,3,26,1.067473530769348,10.550515174865724,3,17.333333333333332
truncation,1,unet,0.0,52.0,52.0,4,28,0.995402455329895,7.101818561553955,3,17.333333333333332
truncation,1,unet,0.0,52.0,53.0,5,25,1.217169165611267,11.434792518615724,3,17.333333333333332
truncation,1,unet,0.0,520.0,520.0,0,260,0.2659112215042114,0.5459725260734558,3,173.33333333333334
truncation,1,unet,0.0,520.0,520.0,1,256,0.3120730221271515,0.5768349170684814,3,173.33333333333334
truncation,1,unet,0.0,520.0,521.0,2,264,0.3305510580539703,0.5999570488929749,3,173.33333333333334
truncation,1,unet,0.0,520.0,520.0,3,250,0.4057686924934387,0.6014692783355713,3,173.33333333333334
truncation,1,unet,0.0,520.0,521.0,4,264,0.3201205432415008,0.5659982562065125,3,173.33333333333334
truncation,1,unet,0.0,520.0,520.0,5,264,0.2967702448368072,0.6272051930427551,3,173.33333333333334
truncation,1,unet,0.0,5200.0,5200.0,0,2586,0.0228801742196083,0.5170078277587891,3,1733.3333333333333
truncation,1,unet,0.0,5200.0,5201.0,1,2582,0.0217242334038019,0.5252031683921814,3,1733.3333333333333
truncation,1,unet,0.0,5200.0,5200.0,2,2592,0.0240410082042217,0.4971384704113006,3,1733.3333333333333
truncation,1,unet,0.0,5200.0,5201.0,3,2601,0.0213937237858772,0.4930600523948669,3,1733.3333333333333
truncation,1,unet,0.0,5200.0,5200.0,4,2640,0.0224479045718908,0.4797655344009399,3,1733.3333333333333
truncation,1,unet,0.0,5200.0,5200.0,5,2588,0.0203232876956462,0.5122904181480408,3,1733.3333333333333
truncation,1,unet,0.0,700.0,701.0,0,356,0.1468712389469146,0.5395198464393616,3,233.33333333333334
truncation,1,unet,0.0,700.0,700.0,1,350,0.2002653330564499,0.5176222324371338,3,233.33333333333334
truncation,1,unet,0.0,700.0,700.0,2,351,0.1846787631511688,0.54143226146698,3,233.33333333333334
truncation,1,unet,0.0,700.0,701.0,3,342,0.2082834541797638,0.5262743830680847,3,233.33333333333334
truncation,1,unet,0.0,700.0,700.0,4,354,0.2042572349309921,0.5088754296302795,3,233.33333333333334
truncation,1,unet,0.0,700.0,700.0,5,356,0.1768831610679626,0.5310085415840149,3,233.33333333333334
truncation,1,unet,0.0,90.0,90.0,0,46,1.3334221839904783,9.413030624389648,3,30.0
truncation,1,unet,0.0,90.0,91.0,1,47,1.2133102416992188,5.742801189422607,3,30.0
truncation,1,unet,0.0,90.0,91.0,2,44,1.1361987590789795,7.995810508728027,3,30.0
truncation,1,unet,0.0,90.0,90.0,3,46,0.9629952907562256,8.818719863891602,3,30.0
truncation,1,unet,0.0,90.0,90.0,4,48,1.1100070476531982,4.394660472869873,3,30.0
truncation,1,unet,0.0,90.0,91.0,5,44,0.9647588133811952,5.718575477600098,3,30.0
truncation,1,unet,0.0,900.0,902.0,0,449,0.1036731302738189,0.5113682150840759,3,300.0
truncation,1,unet,0.0,900.0,900.0,1,448,0.1288079023361206,0.4995982646942138,3,300.0
truncation,1,unet,0.0,900.0,901.0,2,449,0.1201977133750915,0.5307892560958862,3,300.0
truncation,1,unet,0.0,900.0,900.0,3,438,0.1451431661844253,0.5153083205223083,3,300.0
truncation,1,unet,0.0,900.0,901.0,4,456,0.129085972905159,0.5119819045066833,3,300.0
truncation,1,unet,0.0,900.0,901.0,5,457,0.1288442462682724,0.5293747782707214,3,300.0
truncation,1,unet,0.0,9000.0,9001.0,0,4509,0.0191368460655212,0.5175583362579346,3,3000.0
truncation,1,unet,0.0,9000.0,9000.0,1,4507,0.0190089587122201,0.530055046081543,3,3000.0
truncation,1,unet,0.0,9000.0,9000.0,2,4479,0.0170274805277586,0.4828507006168365,3,3000.0
truncation,1,unet,0.0,9000.0,9001.0,3,4474,0.0167819298803806,0.5005228519439697,3,3000.0
truncation,1,unet,0.0,9000.0,9000.0,4,4522,0.0189359467476606,0.4739459156990051,3,3000.0
truncation,1,unet,0.0,9000.0,9000.0,5,4512,0.0189942587167024,0.5181156992912292,3,3000.0
truncation,1,unet,0.25,1100.0,1102.0,0,519,0.0960420966148376,0.5035372972488403,3,366.6666666666667
truncation,1,unet,0.25,1100.0,1100.0,1,521,0.105597585439682,0.5056594014167786,3,366.6666666666667
truncation,1,unet,0.25,1100.0,1101.0,2,520,0.0961385145783424,0.5057373046875,3,366.6666666666667
truncation,1,unet,0.25,1100.0,1101.0,3,517,0.107365995645523,0.4947522580623626,3,366.6666666666667
truncation,1,unet,0.25,1100.0,1101.0,4,542,0.0930026620626449,0.4901235997676849,3,366.6666666666667
truncation,1,unet,0.25,1100.0,1100.0,5,537,0.0921896249055862,0.5182782411575317,3,366.6666666666667
truncation,1,unet,0.25,1560.0,1560.0,0,734,0.0613076165318489,0.5013476610183716,3,520.0
truncation,1,unet,0.25,1560.0,1560.0,1,729,0.0625766962766647,0.5149912238121033,3,520.0
truncation,1,unet,0.25,1560.0,1561.0,2,733,0.0614554099738597,0.5013521909713745,3,520.0
truncation,1,unet,0.25,1560.0,1561.0,3,743,0.0633156970143318,0.4925006031990051,3,520.0
truncation,1,unet,0.25,1560.0,1560.0,4,780,0.0652071163058281,0.462348997592926,3,520.0
truncation,1,unet,0.25,1560.0,1561.0,5,752,0.0674726739525795,0.5176448225975037,3,520.0
truncation,1,unet,0.25,165.0,165.0,0,83,1.0621165037155151,4.946262836456299,3,55.0
truncation,1,unet,0.25,165.0,165.0,1,82,0.5763315558433533,1.1725177764892578,3,55.0
truncation,1,unet,0.25,165.0,166.0,2,80,0.7643072605133057,0.9934765696525574,3,55.0
truncation,1,unet,0.25,165.0,167.0,3,76,0.8589344620704651,3.781508207321167,3,55.0
truncation,1,unet,0.25,165.0,167.0,4,83,0.7623963952064514,1.0663360357284546,3,55.0
truncation,1,unet,0.25,165.0,166.0,5,79,0.6175280213356018,1.3050868511199951,3,55.0
truncation,1,unet,0.25,16500.0,16500.0,0,7928,0.0172664448618888,0.508550226688385,3,5500.0
truncation,1,unet,0.25,16500.0,16502.0,1,7931,0.0180823113769292,0.5403748154640198,3,5500.0
truncation,1,unet,0.25,16500.0,16500.0,2,7879,0.016528720036149,0.4848598837852478,3,5500.0
truncation,1,unet,0.25,16500.0,16500.0,3,7888,0.0158572643995285,0.5024089217185974,3,5500.0
truncation,1,unet,0.25,16500.0,16500.0,4,7963,0.0158623158931732,0.4719789028167724,3,5500.0
truncation,1,unet,0.25,16500.0,16500.0,5,7928,0.0177117399871349,0.5111392140388489,3,5500.0
truncation,1,unet,0.25,1900.0,1900.0,0,892,0.0438129715621471,0.5064498782157898,3,633.3333333333334
truncation,1,unet,0.25,1900.0,1900.0,1,891,0.0454051718115806,0.5367200374603271,3,633.3333333333334
truncation,1,unet,0.25,1900.0,1901.0,2,898,0.0516543313860893,0.5042077898979187,3,633.3333333333334
truncation,1,unet,0.25,1900.0,1901.0,3,906,0.0496238283812999,0.4967349767684936,3,633.3333333333334
truncation,1,unet,0.25,1900.0,1901.0,4,944,0.0502173900604248,0.4667807519435882,3,633.3333333333334
truncation,1,unet,0.25,1900.0,1901.0,5,917,0.0491005852818489,0.5040475130081177,3,633.3333333333334
truncation,1,unet,0.25,3000.0,3000.0,0,1414,0.0305479802191257,0.511044442653656,3,1000.0
truncation,1,unet,0.25,3000.0,3002.0,1,1420,0.0297937002032995,0.5246632099151611,3,1000.0
truncation,1,unet,0.25,3000.0,3001.0,2,1432,0.0360872372984886,0.4922348260879516,3,1000.0
truncation,1,unet,0.25,3000.0,3002.0,3,1420,0.0303959213197231,0.4988681674003601,3,1000.0
truncation,1,unet,0.25,3000.0,3001.0,4,1477,0.0273252949118614,0.4528200924396515,3,1000.0
truncation,1,unet,0.25,3000.0,3000.0,5,1439,0.0278049074113369,0.5057065486907959,3,1000.0
truncation,1,unet,0.25,30000.0,30001.0,0,14372,0.0173083283007144,0.5378410220146179,3,10000.0
truncation,1,unet,0.25,30000.0,30001.0,1,14440,0.0166152957826852,0.5399169325828552,3,10000.0
truncation,1,unet,0.25,30000.0,30000.0,2,14310,0.0172695331275463,0.4980548322200775,3,10000.0
truncation,1,unet,0.25,30000.0,30001.0,3,14340,0.0161774456501007,0.5060928463935852,3,10000.0
truncation,1,unet,0.25,30000.0,30000.0,4,14415,0.0168195217847824,0.4901299178600311,3,10000.0
truncation,1,unet,0.25,30000.0,30000.0,5,14382,0.0175039917230606,0.5286266207695007,3,10000.0
truncation,1,unet,0.25,400.0,400.0,0,196,0.4627115428447723,0.6661767363548279,3,133.33333333333334
truncation,1,unet,0.25,400.0,401.0,1,193,0.5534332394599915,0.7667417526245117,3,133.33333333333334
truncation,1,unet,0.25,400.0,401.0,2,195,0.4960614144802093,0.7399320602416992,3,133.33333333333334
truncation,1,unet,0.25,400.0,401.0,3,181,0.6190959811210632,0.7826417088508606,3,133.33333333333334
truncation,1,unet,0.25,400.0,400.0,4,193,0.4290447235107422,0.6781706809997559,3,133.33333333333334
truncation,1,unet,0.25,400.0,401.0,5,196,0.4637783765792846,0.8128846287727356,3,133.33333333333334
truncation,1,unet,0.25,52.0,54.0,0,26,1.5587507486343384,14.930953979492188,3,17.333333333333332
truncation,1,unet,0.25,52.0,52.0,1,25,1.576815485954285,8.394163131713867,3,17.333333333333332
truncation,1,unet,0.25,52.0,53.0,2,26,1.274063229560852,12.068063735961914,3,17.333333333333332
truncation,1,unet,0.25,52.0,52.0,3,24,1.0931334495544434,11.627175331115724,3,17.333333333333332
truncation,1,unet,0.25,52.0,54.0,4,28,1.0861320495605469,7.151583671569824,3,17.333333333333332
truncation,1,unet,0.25,52.0,52.0,5,22,1.1897729635238647,13.517234802246094,3,17.333333333333332
truncation,1,unet,0.25,520.0,520.0,0,247,0.3244922459125519,0.5471058487892151,3,173.33333333333334
truncation,1,unet,0.25,520.0,521.0,1,249,0.3170486390590668,0.5782443881034851,3,173.33333333333334
truncation,1,unet,0.25,520.0,521.0,2,252,0.336434006690979,0.6218574047088623,3,173.33333333333334
truncation,1,unet,0.25,520.0,520.0,3,237,0.450192928314209,0.6259820461273193,3,173.33333333333334
truncation,1,unet,0.25,520.0,521.0,4,256,0.3286418914794922,0.5563881397247314,3,173.33333333333334
truncation,1,unet,0.25,520.0,520.0,5,256,0.3045606315135956,0.6397275328636169,3,173.33333333333334
truncation,1,unet,0.25,5200.0,5202.0,0,2473,0.0227180030196905,0.5152196288108826,3,1733.3333333333333
truncation,1,unet,0.25,5200.0,5201.0,1,2470,0.0217479895800352,0.5241695642471313,3,1733.3333333333333
truncation,1,unet,0.25,5200.0,5200.0,2,2496,0.023014485836029,0.4861967265605926,3,1733.3333333333333
truncation,1,unet,0.25,5200.0,5202.0,3,2491,0.0213440228253602,0.5018845796585083,3,1733.3333333333333
truncation,1,unet,0.25,5200.0,5201.0,4,2544,0.0207365397363901,0.4613808393478393,3,1733.3333333333333
truncation,1,unet,0.25,5200.0,5201.0,5,2465,0.0207197144627571,0.5195000171661377,3,1733.3333333333333
truncation,1,unet,0.25,700.0,700.0,0,337,0.1656258404254913,0.5267620086669922,3,233.33333333333334
truncation,1,unet,0.25,700.0,701.0,1,333,0.2074041068553924,0.5181565880775452,3,233.33333333333334
truncation,1,unet,0.25,700.0,700.0,2,335,0.2139206230640411,0.5568723082542419,3,233.33333333333334
truncation,1,unet,0.25,700.0,701.0,3,326,0.2413474917411804,0.5206890106201172,3,233.33333333333334
truncation,1,unet,0.25,700.0,700.0,4,343,0.212348997592926,0.5102046728134155,3,233.33333333333334
truncation,1,unet,0.25,700.0,701.0,5,342,0.1906408071517944,0.5398135781288147,3,233.33333333333334
truncation,1,unet,0.25,9000.0,9002.0,0,4325,0.0192262642085552,0.5166261196136475,3,3000.0
truncation,1,unet,0.25,9000.0,9002.0,1,4313,0.0185676384717226,0.5300108790397644,3,3000.0
truncation,1,unet,0.25,9000.0,9000.0,2,4308,0.0176681447774171,0.4815603494644165,3,3000.0
truncation,1,unet,0.25,9000.0,9000.0,3,4287,0.0169795341789722,0.4997260272502899,3,3000.0
truncation,1,unet,0.25,9000.0,9001.0,4,4350,0.0184345804154872,0.4774804711341858,3,3000.0
truncation,1,unet,0.25,9000.0,9001.0,5,4304,0.0187678579241037,0.5046576857566833,3,3000.0
truncation,1,unet,0.5,1100.0,1100.0,0,502,0.0982311889529228,0.5079756379127502,3,366.6666666666667
truncation,1,unet,0.5,1100.0,1102.0,1,506,0.1108988523483276,0.5117588043212891,3,366.6666666666667
truncation,1,unet,0.5,1100.0,1101.0,2,497,0.0996256023645401,0.502567708492279,3,366.6666666666667
truncation,1,unet,0.5,1100.0,1100.0,3,500,0.1166408136487007,0.4971406161785126,3,366.6666666666667
truncation,1,unet,0.5,1100.0,1100.0,4,521,0.0961398109793663,0.4946407675743103,3,366.6666666666667
truncation,1,unet,0.5,1100.0,1100.0,5,511,0.1025989949703216,0.4982771873474121,3,366.6666666666667
truncation,1,unet,0.5,1560.0,1560.0,0,708,0.067551165819168,0.491632878780365,3,520.0
truncation,1,unet,0.5,1560.0,1560.0,1,707,0.0687350630760192,0.507365345954895,3,520.0
truncation,1,unet,0.5,1560.0,1562.0,2,705,0.0649189054965972,0.5039247274398804,3,520.0
truncation,1,unet,0.5,1560.0,1562.0,3,720,0.0644560754299163,0.4928314089775085,3,520.0
truncation,1,unet,0.5,1560.0,1561.0,4,741,0.0670452415943145,0.4640411138534546,3,520.0
truncation,1,unet,0.5,1560.0,1562.0,5,726,0.0716034770011901,0.4920161366462707,3,520.0
truncation,1,unet,0.5,165.0,165.0,0,81,1.12013578414917,5.648552894592285,3,55.0
truncation,1,unet,0.5,165.0,165.0,1,80,0.7632743120193481,1.3175790309906006,3,55.0
truncation,1,unet,0.5,165.0,166.0,2,77,0.6983302235603333,0.9762691259384156,3,55.0
truncation,1,unet,0.5,165.0,166.0,3,73,0.8703915476799011,1.4654982089996338,3,55.0
truncation,1,unet,0.5,165.0,167.0,4,78,0.8889443874359131,1.6315828561782837,3,55.0
truncation,1,unet,0.5,165.0,166.0,5,75,0.8826267719268799,1.3534774780273438,3,55.0
truncation,1,unet,0.5,16500.0,16502.0,0,7640,0.0174229424446821,0.5207528471946716,3,5500.0
truncation,1,unet,0.5,16500.0,16500.0,1,7626,0.0174656342715024,0.534399688243866,3,5500.0
truncation,1,unet,0.5,16500.0,16501.0,2,7574,0.0161232203245162,0.4882710874080658,3,5500.0
truncation,1,unet,0.5,16500.0,16500.0,3,7604,0.0159444995224475,0.4958006143569946,3,5500.0
truncation,1,unet,0.5,16500.0,16501.0,4,7631,0.0154021447524428,0.4676673710346222,3,5500.0
truncation,1,unet,0.5,16500.0,16501.0,5,7612,0.0175269450992345,0.5138432383537292,3,5500.0
truncation,1,unet,0.5,1900.0,1901.0,0,864,0.0475429631769657,0.5087562203407288,3,633.3333333333334
truncation,1,unet,0.5,1900.0,1901.0,1,861,0.0479095466434955,0.5281726121902466,3,633.3333333333334
truncation,1,unet,0.5,1900.0,1900.0,2,860,0.0542786866426467,0.4979247152805328,3,633.3333333333334
truncation,1,unet,0.5,1900.0,1900.0,3,875,0.0508655831217765,0.4918579757213592,3,633.3333333333334
truncation,1,unet,0.5,1900.0,1902.0,4,902,0.0511843189597129,0.4701275825500488,3,633.3333333333334
truncation,1,unet,0.5,1900.0,1900.0,5,875,0.0520008355379104,0.4939284026622772,3,633.3333333333334
truncation,1,unet,0.5,30.0,31.0,0,13,1.3980169296264648,17.91533088684082,3,10.0
truncation,1,unet,0.5,30.0,30.0,1,13,1.4215295314788818,16.81488037109375,3,10.0
truncation,1,unet,0.5,30.0,30.0,2,16,1.256499171257019,15.381556510925291,3,10.0
truncation,1,unet,0.5,30.0,30.0,3,13,1.1834717988967896,17.450103759765625,3,10.0
truncation,1,unet,0.5,30.0,30.0,4,16,1.4084092378616333,14.57198715209961,3,10.0
truncation,1,unet,0.5,30.0,32.0,5,14,1.181405782699585,15.560517311096191,3,10.0
truncation,1,unet,0.5,300.0,302.0,0,146,0.7050997614860535,1.1103308200836182,3,100.0
truncation,1,unet,0.5,300.0,300.0,1,141,0.3445978760719299,0.7041479349136353,3,100.0
truncation,1,unet,0.5,300.0,301.0,2,141,0.6854898929595947,1.100498914718628,3,100.0
truncation,1,unet,0.5,300.0,300.0,3,129,0.7361319065093994,1.4025449752807615,3,100.0
truncation,1,unet,0.5,300.0,300.0,4,142,0.6229298114776611,0.9471279978752136,3,100.0
truncation,1,unet,0.5,300.0,300.0,5,139,0.6573707461357117,1.3560776710510254,3,100.0
truncation,1,unet,0.5,3000.0,3001.0,0,1368,0.0296250954270362,0.5071315169334412,3,1000.0
truncation,1,unet,0.5,3000.0,3000.0,1,1375,0.0301875043660402,0.5299174785614014,3,1000.0
truncation,1,unet,0.5,3000.0,3001.0,2,1376,0.0365509949624538,0.4860517084598541,3,1000.0
truncation,1,unet,0.5,3000.0,3000.0,3,1374,0.0312539711594581,0.4884954988956451,3,1000.0
truncation,1,unet,0.5,3000.0,3001.0,4,1410,0.0286332666873931,0.4698430001735687,3,1000.0
truncation,1,unet,0.5,3000.0,3002.0,5,1383,0.0287091434001922,0.4966703057289123,3,1000.0
truncation,1,unet,0.5,30000.0,30002.0,0,13839,0.0164001155644655,0.5191790461540222,3,10000.0
truncation,1,unet,0.5,30000.0,30000.0,1,13892,0.0160418916493654,0.5387451648712158,3,10000.0
truncation,1,unet,0.5,30000.0,30000.0,2,13773,0.0168352536857128,0.4860887825489044,3,10000.0
truncation,1,unet,0.5,30000.0,30001.0,3,13832,0.0164040736854076,0.5076033473014832,3,10000.0
truncation,1,unet,0.5,30000.0,30002.0,4,13823,0.0146954450756311,0.4703461825847626,3,10000.0
truncation,1,unet,0.5,30000.0,30000.0,5,13811,0.0171429757028818,0.5184033513069153,3,10000.0
truncation,1,unet,0.5,400.0,401.0,0,189,0.4981448352336883,0.7089993357658386,3,133.33333333333334
truncation,1,unet,0.5,400.0,401.0,1,188,0.5719634890556335,0.7691633701324463,3,133.33333333333334
truncation,1,unet,0.5,400.0,402.0,2,188,0.3843410313129425,0.6666398644447327,3,133.33333333333334
truncation,1,unet,0.5,400.0,401.0,3,175,0.6220747232437134,0.7866601347923279,3,133.33333333333334
truncation,1,unet,0.5,400.0,402.0,4,186,0.5029510259628296,0.7054300308227539,3,133.33333333333334
truncation,1,unet,0.5,400.0,400.0,5,186,0.4809215366840362,0.8831661939620972,3,133.33333333333334
truncation,1,unet,0.5,52.0,52.0,0,24,1.5665098428726196,16.45393180847168,3,17.333333333333332
truncation,1,unet,0.5,52.0,53.0,1,24,1.0339057445526123,8.952136993408203,3,17.333333333333332
truncation,1,unet,0.5,52.0,54.0,2,25,1.404478669166565,12.483121871948242,3,17.333333333333332
truncation,1,unet,0.5,52.0,52.0,3,23,1.1185860633850098,12.56139087677002,3,17.333333333333332
truncation,1,unet,0.5,52.0,54.0,4,26,1.145755171775818,8.572291374206543,3,17.333333333333332
truncation,1,unet,0.5,52.0,53.0,5,22,1.2026286125183103,13.475351333618164,3,17.333333333333332
truncation,1,unet,0.5,520.0,521.0,0,242,0.330473780632019,0.574533998966217,3,173.33333333333334
truncation,1,unet,0.5,520.0,520.0,1,240,0.3468494415283203,0.5719819664955139,3,173.33333333333334
truncation,1,unet,0.5,520.0,522.0,2,243,0.3342452049255371,0.5876502394676208,3,173.33333333333334
truncation,1,unet,0.5,520.0,521.0,3,228,0.4937588274478912,0.6314666867256165,3,173.33333333333334
truncation,1,unet,0.5,520.0,521.0,4,244,0.3684802949428558,0.5619087815284729,3,173.33333333333334
truncation,1,unet,0.5,520.0,520.0,5,242,0.3378854691982269,0.6574802994728088,3,173.33333333333334
truncation,1,unet,0.5,5200.0,5201.0,0,2385,0.0231888126581907,0.5179515480995178,3,1733.3333333333333
truncation,1,unet,0.5,5200.0,5200.0,1,2383,0.0215259995311498,0.5255008339881897,3,1733.3333333333333
truncation,1,unet,0.5,5200.0,5200.0,2,2393,0.022978926077485,0.4906973838806152,3,1733.3333333333333
truncation,1,unet,0.5,5200.0,5200.0,3,2399,0.0211310237646102,0.4887317419052124,3,1733.3333333333333
truncation,1,unet,0.5,5200.0,5200.0,4,2436,0.0208793021738529,0.4726705849170685,3,1733.3333333333333
truncation,1,unet,0.5,5200.0,5202.0,5,2374,0.0221880041062831,0.509782612323761,3,1733.3333333333333
truncation,1,unet,0.5,700.0,702.0,0,327,0.1707600355148315,0.5266414284706116,3,233.33333333333334
truncation,1,unet,0.5,700.0,701.0,1,320,0.2199565768241882,0.5156635642051697,3,233.33333333333334
truncation,1,unet,0.5,700.0,701.0,2,324,0.2171800583600998,0.541220486164093,3,233.33333333333334
truncation,1,unet,0.5,700.0,700.0,3,313,0.2452225089073181,0.5158386826515198,3,233.33333333333334
truncation,1,unet,0.5,700.0,701.0,4,329,0.2187074571847915,0.4966633915901184,3,233.33333333333334
truncation,1,unet,0.5,700.0,700.0,5,326,0.201369971036911,0.5147485733032227,3,233.33333333333334
truncation,1,unet,0.5,90.0,90.0,0,44,1.280572533607483,9.053766250610352,3,30.0
truncation,1,unet,0.5,90.0,91.0,1,45,1.027324914932251,5.5598673820495605,3,30.0
truncation,1,unet,0.5,90.0,91.0,2,41,1.0015367269515991,1.7626947164535522,3,30.0
truncation,1,unet,0.5,90.0,92.0,3,42,1.2030868530273438,4.973944664001465,3,30.0
truncation,1,unet,0.5,90.0,91.0,4,43,1.1698474884033203,2.3093631267547607,3,30.0
truncation,1,unet,0.5,90.0,91.0,5,38,1.0062228441238403,7.256797790527344,3,30.0
truncation,1,unet,0.5,900.0,900.0,0,416,0.116523340344429,0.5005353689193726,3,300.0
truncation,1,unet,0.5,900.0,900.0,1,420,0.1453593373298645,0.5081925392150879,3,300.0
truncation,1,unet,0.5,900.0,901.0,2,411,0.1330890506505966,0.5325119495391846,3,300.0
truncation,1,unet,0.5,900.0,901.0,3,406,0.166256308555603,0.5093823075294495,3,300.0
truncation,1,unet,0.5,900.0,902.0,4,424,0.1392227560281753,0.5021164417266846,3,300.0
truncation,1,unet,0.5,900.0,900.0,5,420,0.1347712278366089,0.5233231782913208,3,300.0
truncation,1,unet,0.5,9000.0,9001.0,0,4165,0.0185957383364439,0.5202885270118713,3,3000.0
truncation,1,unet,0.5,9000.0,9000.0,1,4161,0.0181954931467771,0.5342535972595215,3,3000.0
truncation,1,unet,0.5,9000.0,9000.0,2,4147,0.0177343040704727,0.4909279644489288,3,3000.0
truncation,1,unet,0.5,9000.0,9001.0,3,4134,0.0173242315649986,0.4946349859237671,3,3000.0
truncation,1,unet,0.5,9000.0,9002.0,4,4164,0.0181861780583858,0.4621733129024505,3,3000.0
truncation,1,unet,0.5,9000.0,9001.0,5,4145,0.0182989612221717,0.5078729391098022,3,3000.0
truncation,1,unet,0.75,30000.0,30000.0,0,13355,0.017020434141159,0.5337724685668945,3,10000.0
truncation,1,unet,0.75,30000.0,30002.0,1,13382,0.0169704463332891,0.5423430800437927,3,10000.0
truncation,1,unet,0.75,30000.0,30002.0,2,13299,0.016063954681158,0.4799795746803283,3,10000.0
truncation,1,unet,0.75,30000.0,30001.0,3,13341,0.016103520989418,0.5159589052200317,3,10000.0
truncation,1,unet,0.75,30000.0,30000.0,4,13332,0.0160657260566949,0.4783057570457458,3,10000.0
truncation,1,unet,0.75,30000.0,30000.0,5,13316,0.017575105652213,0.5173982977867126,3,10000.0
truncation,1,unet,0.75,9000.0,9002.0,0,4006,0.0190959312021732,0.5342203974723816,3,3000.0
truncation,1,unet,0.75,9000.0,9000.0,1,4002,0.0181050132960081,0.5360239148139954,3,3000.0
truncation,1,unet,0.75,9000.0,9000.0,2,4002,0.0181560181081295,0.4783380925655365,3,3000.0
truncation,1,unet,0.75,9000.0,9001.0,3,3990,0.0163408853113651,0.4875084459781647,3,3000.0
truncation,1,unet,0.75,9000.0,9001.0,4,4010,0.0171641409397125,0.4604488611221313,3,3000.0
truncation,1,unet,0.75,9000.0,9001.0,5,3984,0.0167410932481288,0.4959934055805206,3,3000.0
truncation,1,unet,1.0,1100.0,1102.0,0,475,0.0968590527772903,0.5011661648750305,3,366.6666666666667
truncation,1,unet,1.0,1100.0,1100.0,1,473,0.1131693795323371,0.5033264756202698,3,366.6666666666667
truncation,1,unet,1.0,1100.0,1101.0,2,472,0.0930646583437919,0.5041322112083435,3,366.6666666666667
truncation,1,unet,1.0,1100.0,1101.0,3,465,0.1257124543190002,0.4928371608257293,3,366.6666666666667
truncation,1,unet,1.0,1100.0,1100.0,4,475,0.1108844950795173,0.4955826103687286,3,366.6666666666667
truncation,1,unet,1.0,1100.0,1100.0,5,479,0.1094720363616943,0.5037589073181152,3,366.6666666666667
truncation,1,unet,1.0,1560.0,1560.0,0,666,0.0679041817784309,0.486528992652893,3,520.0
truncation,1,unet,1.0,1560.0,1562.0,1,665,0.0646609663963317,0.5112093687057495,3,520.0
truncation,1,unet,1.0,1560.0,1562.0,2,662,0.0680873617529869,0.4886869788169861,3,520.0
truncation,1,unet,1.0,1560.0,1561.0,3,668,0.0718945488333702,0.4864465892314911,3,520.0
truncation,1,unet,1.0,1560.0,1561.0,4,679,0.0775211900472641,0.462463229894638,3,520.0
truncation,1,unet,1.0,1560.0,1561.0,5,676,0.0763598978519439,0.4922237694263458,3,520.0
truncation,1,unet,1.0,165.0,166.0,0,76,1.1452735662460327,6.231280326843262,3,55.0
truncation,1,unet,1.0,165.0,166.0,1,75,0.8978022336959839,2.906463146209717,3,55.0
truncation,1,unet,1.0,165.0,166.0,2,73,0.8101061582565308,1.4002944231033323,3,55.0
truncation,1,unet,1.0,165.0,166.0,3,71,0.8210068941116333,1.7121862173080444,3,55.0
truncation,1,unet,1.0,165.0,166.0,4,70,0.9149287343025208,4.300774097442627,3,55.0
truncation,1,unet,1.0,165.0,165.0,5,70,0.8497244119644165,1.3025295734405518,3,55.0
truncation,1,unet,1.0,16500.0,16500.0,0,7141,0.0173313543200492,0.5403662919998169,3,5500.0
truncation,1,unet,1.0,16500.0,16500.0,1,7114,0.0172556620091199,0.5427116751670837,3,5500.0
truncation,1,unet,1.0,16500.0,16502.0,2,7082,0.0155837051570415,0.4781592488288879,3,5500.0
truncation,1,unet,1.0,16500.0,16502.0,3,7096,0.0161957219243049,0.4994457960128784,3,5500.0
truncation,1,unet,1.0,16500.0,16501.0,4,7109,0.0146765662357211,0.4867447316646576,3,5500.0
truncation,1,unet,1.0,16500.0,16500.0,5,7112,0.0165539495646953,0.4940993785858154,3,5500.0
truncation,1,unet,1.0,1900.0,1901.0,0,813,0.0520779304206371,0.490284651517868,3,633.3333333333334
truncation,1,unet,1.0,1900.0,1900.0,1,806,0.0492558367550373,0.5237470269203186,3,633.3333333333334
truncation,1,unet,1.0,1900.0,1900.0,2,802,0.0557598918676376,0.4807653725147247,3,633.3333333333334
truncation,1,unet,1.0,1900.0,1900.0,3,817,0.0594786293804645,0.4901295602321625,3,633.3333333333334
truncation,1,unet,1.0,1900.0,1902.0,4,835,0.051777645945549,0.4678774774074554,3,633.3333333333334
truncation,1,unet,1.0,1900.0,1901.0,5,822,0.055018775165081,0.4954470098018646,3,633.3333333333334
truncation,1,unet,1.0,30.0,32.0,0,13,1.3925597667694092,17.96458625793457,3,10.0
truncation,1,unet,1.0,30.0,30.0,1,13,1.4167864322662354,16.77922248840332,3,10.0
truncation,1,unet,1.0,30.0,31.0,2,15,1.2572572231292725,15.5483980178833,3,10.0
truncation,1,unet,1.0,30.0,32.0,3,13,1.1736351251602173,16.97618293762207,3,10.0
truncation,1,unet,1.0,30.0,31.0,4,14,1.0404068231582642,12.587343215942385,3,10.0
truncation,1,unet,1.0,30.0,30.0,5,13,1.3076412677764893,19.0028076171875,3,10.0
truncation,1,unet,1.0,300.0,302.0,0,137,0.778768002986908,1.293610692024231,3,100.0
truncation,1,unet,1.0,300.0,301.0,1,131,0.6855665445327759,1.149741530418396,3,100.0
truncation,1,unet,1.0,300.0,300.0,2,134,0.7367112636566162,1.1650131940841677,3,100.0
truncation,1,unet,1.0,300.0,301.0,3,124,0.769128680229187,1.4707486629486084,3,100.0
truncation,1,unet,1.0,300.0,300.0,4,130,0.6447436213493347,0.7698880434036255,3,100.0
truncation,1,unet,1.0,300.0,301.0,5,130,0.7544791102409363,1.586121916770935,3,100.0
truncation,1,unet,1.0,3000.0,3001.0,0,1280,0.0306789875030517,0.5049890279769897,3,1000.0
truncation,1,unet,1.0,3000.0,3000.0,1,1280,0.0302807185798883,0.5230244994163513,3,1000.0
truncation,1,unet,1.0,3000.0,3000.0,2,1283,0.0405095852911472,0.4843077659606933,3,1000.0
truncation,1,unet,1.0,3000.0,3001.0,3,1288,0.034076239913702,0.4858423471450805,3,1000.0
truncation,1,unet,1.0,3000.0,3000.0,4,1312,0.0289628691971302,0.4753821492195129,3,1000.0
truncation,1,unet,1.0,3000.0,3000.0,5,1297,0.0280301682651042,0.4933988153934479,3,1000.0
truncation,1,unet,1.0,30000.0,30000.0,0,12942,0.0171548724174499,0.525886595249176,3,10000.0
truncation,1,unet,1.0,30000.0,30002.0,1,12940,0.0161910746246576,0.5309693217277527,3,10000.0
truncation,1,unet,1.0,30000.0,30001.0,2,12861,0.0161493699997663,0.4918130338191986,3,10000.0
truncation,1,unet,1.0,30000.0,30000.0,3,12917,0.0163168478757143,0.5018670558929443,3,10000.0
truncation,1,unet,1.0,30000.0,30000.0,4,12907,0.0156004773452878,0.4607868194580078,3,10000.0
truncation,1,unet,1.0,30000.0,30001.0,5,12886,0.0169685762375593,0.5101142525672913,3,10000.0
truncation,1,unet,1.0,400.0,402.0,0,177,0.5471147894859314,0.7731848955154419,3,133.33333333333334
truncation,1,unet,1.0,400.0,401.0,1,172,0.5827667117118835,0.786100447177887,3,133.33333333333334
truncation,1,unet,1.0,400.0,400.0,2,178,0.5334047675132751,0.9010632038116456,3,133.33333333333334
truncation,1,unet,1.0,400.0,401.0,3,166,0.6152452826499939,0.7205577492713928,3,133.33333333333334
truncation,1,unet,1.0,400.0,400.0,4,171,0.606141984462738,0.7865670323371887,3,133.33333333333334
truncation,1,unet,1.0,400.0,401.0,5,172,0.532167911529541,0.9493870139122008,3,133.33333333333334
truncation,1,unet,1.0,52.0,53.0,0,23,1.5967702865600586,17.362674713134766,3,17.333333333333332
truncation,1,unet,1.0,52.0,53.0,1,22,1.058199405670166,11.604060173034668,3,17.333333333333332
truncation,1,unet,1.0,52.0,53.0,2,24,1.4593360424041748,12.94844913482666,3,17.333333333333332
truncation,1,unet,1.0,52.0,52.0,3,22,1.090794801712036,12.264240264892578,3,17.333333333333332
truncation,1,unet,1.0,52.0,52.0,4,23,1.0930275917053225,10.506928443908691,3,17.333333333333332
truncation,1,unet,1.0,52.0,54.0,5,22,1.187797784805298,13.478105545043944,3,17.333333333333332
truncation,1,unet,1.0,520.0,521.0,0,229,0.3837345838546753,0.5692572593688965,3,173.33333333333334
truncation,1,unet,1.0,520.0,522.0,1,227,0.4138529002666473,0.591002881526947,3,173.33333333333334
truncation,1,unet,1.0,520.0,520.0,2,229,0.3582994043827057,0.6232134103775024,3,173.33333333333334
truncation,1,unet,1.0,520.0,520.0,3,215,0.4569167196750641,0.6109012961387634,3,173.33333333333334
truncation,1,unet,1.0,520.0,520.0,4,221,0.4621322453022003,0.57768315076828,3,173.33333333333334
truncation,1,unet,1.0,520.0,522.0,5,225,0.4053961038589477,0.6930604577064514,3,173.33333333333334
truncation,1,unet,1.0,5200.0,5202.0,0,2227,0.023021288216114,0.5197511911392212,3,1733.3333333333333
truncation,1,unet,1.0,5200.0,5200.0,1,2230,0.021974129602313,0.5206531882286072,3,1733.3333333333333
truncation,1,unet,1.0,5200.0,5202.0,2,2237,0.0236468762159347,0.4801374673843384,3,1733.3333333333333
truncation,1,unet,1.0,5200.0,5202.0,3,2239,0.0208092592656612,0.4919281303882599,3,1733.3333333333333
truncation,1,unet,1.0,5200.0,5200.0,4,2268,0.0201585926115512,0.4632775783538818,3,1733.3333333333333
truncation,1,unet,1.0,5200.0,5200.0,5,2221,0.0224201455712318,0.4971689581871032,3,1733.3333333333333
truncation,1,unet,1.0,700.0,700.0,0,307,0.1694450676441192,0.5202190279960632,3,233.33333333333334
truncation,1,unet,1.0,700.0,702.0,1,302,0.2386332601308822,0.5204445719718933,3,233.33333333333334
truncation,1,unet,1.0,700.0,700.0,2,306,0.2264876067638397,0.539864718914032,3,233.33333333333334
truncation,1,unet,1.0,700.0,700.0,3,293,0.3111749291419983,0.5189405083656311,3,233.33333333333334
truncation,1,unet,1.0,700.0,702.0,4,299,0.2614943981170654,0.4984593093395233,3,233.33333333333334
truncation,1,unet,1.0,700.0,701.0,5,308,0.2151774168014526,0.5399635434150696,3,233.33333333333334
truncation,1,unet,1.0,90.0,90.0,0,41,1.424929141998291,9.555648803710938,3,30.0
truncation,1,unet,1.0,90.0,90.0,1,42,0.999421000480652,5.386580467224121,3,30.0
truncation,1,unet,1.0,90.0,90.0,2,39,1.17551851272583,6.012772083282471,3,30.0
truncation,1,unet,1.0,90.0,91.0,3,40,1.0444961786270142,10.068784713745115,3,30.0
truncation,1,unet,1.0,90.0,91.0,4,38,1.0737844705581665,3.493085622787476,3,30.0
truncation,1,unet,1.0,90.0,90.0,5,36,0.9565763473510742,7.417548179626465,3,30.0
truncation,1,unet,1.0,900.0,900.0,0,392,0.1262582391500473,0.505258321762085,3,300.0
truncation,1,unet,1.0,900.0,900.0,1,391,0.1587342768907547,0.5209435224533081,3,300.0
truncation,1,unet,1.0,900.0,901.0,2,390,0.1386253088712692,0.5334235429763794,3,300.0
truncation,1,unet,1.0,900.0,901.0,3,378,0.1711812764406204,0.5022561550140381,3,300.0
truncation,1,unet,1.0,900.0,902.0,4,387,0.163997620344162,0.4728125035762787,3,300.0
truncation,1,unet,1.0,900.0,901.0,5,393,0.1427654176950454,0.5161723494529724,3,300.0
truncation,1,unet,1.0,9000.0,9000.0,0,3883,0.0182578228414058,0.520889937877655,3,3000.0
truncation,1,unet,1.0,9000.0,9002.0,1,3885,0.0183704905211925,0.529853343963623,3,3000.0
truncation,1,unet,1.0,9000.0,9002.0,2,3879,0.0173104014247655,0.4751185774803161,3,3000.0
truncation,1,unet,1.0,9000.0,9001.0,3,3865,0.0171855632215738,0.4853165447711944,3,3000.0
truncation,1,unet,1.0,9000.0,9000.0,4,3889,0.017530495300889,0.4577613472938537,3,3000.0
truncation,1,unet,1.0,9000.0,9001.0,5,3858,0.0173203591257333,0.5079575777053833,3,3000.0
truncation,1,unet,1.5,1100.0,1102.0,0,447,0.1022405624389648,0.4842089712619781,3,366.6666666666667
truncation,1,unet,1.5,1100.0,1101.0,1,446,0.1179981008172035,0.501915454864502,3,366.6666666666667
truncation,1,unet,1.5,1100.0,1102.0,2,446,0.1087292060256004,0.5103024840354919,3,366.6666666666667
truncation,1,unet,1.5,1100.0,1101.0,3,443,0.1363115310668945,0.498261034488678,3,366.6666666666667
truncation,1,unet,1.5,1100.0,1100.0,4,447,0.1274543702602386,0.4977213144302368,3,366.6666666666667
truncation,1,unet,1.5,1100.0,1102.0,5,449,0.11739332228899,0.5062379837036133,3,366.6666666666667
truncation,1,unet,1.5,1560.0,1562.0,0,631,0.071290299296379,0.4878698587417602,3,520.0
truncation,1,unet,1.5,1560.0,1562.0,1,629,0.0718189626932144,0.5048666000366211,3,520.0
truncation,1,unet,1.5,1560.0,1560.0,2,625,0.0699619725346565,0.48220095038414,3,520.0
truncation,1,unet,1.5,1560.0,1561.0,3,631,0.0721036195755004,0.481948584318161,3,520.0
truncation,1,unet,1.5,1560.0,1560.0,4,638,0.0783893093466758,0.4635470509529114,3,520.0
truncation,1,unet,1.5,1560.0,1562.0,5,631,0.0771275013685226,0.4974023997783661,3,520.0
truncation,1,unet,1.5,165.0,165.0,0,71,1.1250436305999756,7.157576084136963,3,55.0
truncation,1,unet,1.5,165.0,167.0,1,70,0.5109215974807739,3.388070583343506,3,55.0
truncation,1,unet,1.5,165.0,165.0,2,66,0.9220737218856812,3.525527238845825,3,55.0
truncation,1,unet,1.5,165.0,167.0,3,68,0.9592291116714478,4.899916172027588,3,55.0
truncation,1,unet,1.5,165.0,165.0,4,66,0.8940059542655945,4.5457024574279785,3,55.0
truncation,1,unet,1.5,165.0,167.0,5,69,0.6419479250907898,1.3747472763061523,3,55.0
truncation,1,unet,1.5,16500.0,16502.0,0,6736,0.0173059795051813,0.526565432548523,3,5500.0
truncation,1,unet,1.5,16500.0,16501.0,1,6720,0.0172612648457288,0.5383615493774414,3,5500.0
truncation,1,unet,1.5,16500.0,16501.0,2,6674,0.0155529277399182,0.4773976802825928,3,5500.0
truncation,1,unet,1.5,16500.0,16501.0,3,6716,0.0162741560488939,0.4946956634521484,3,5500.0
truncation,1,unet,1.5,16500.0,16501.0,4,6704,0.0148628037422895,0.4563028216361999,3,5500.0
truncation,1,unet,1.5,16500.0,16501.0,5,6702,0.0171589013189077,0.5067457556724548,3,5500.0
truncation,1,unet,1.5,1900.0,1900.0,0,763,0.0547094419598579,0.4847987294197082,3,633.3333333333334
truncation,1,unet,1.5,1900.0,1900.0,1,767,0.0550912357866764,0.5096654295921326,3,633.3333333333334
truncation,1,unet,1.5,1900.0,1902.0,2,763,0.059927225112915,0.4806424081325531,3,633.3333333333334
truncation,1,unet,1.5,1900.0,1900.0,3,772,0.062494657933712,0.4897030293941498,3,633.3333333333334
truncation,1,unet,1.5,1900.0,1901.0,4,782,0.0625084638595581,0.4646602869033813,3,633.3333333333334
truncation,1,unet,1.5,1900.0,1900.0,5,764,0.0585488602519035,0.4967655539512634,3,633.3333333333334
truncation,1,unet,1.5,30000.0,30000.0,0,12228,0.0181776415556669,0.5233456492424011,3,10000.0
truncation,1,unet,1.5,30000.0,30000.0,1,12208,0.0167815499007701,0.5473496913909912,3,10000.0
truncation,1,unet,1.5,30000.0,30000.0,2,12139,0.0161505993455648,0.4813349545001983,3,10000.0
truncation,1,unet,1.5,30000.0,30000.0,3,12217,0.0162857268005609,0.5001043081283569,3,10000.0
truncation,1,unet,1.5,30000.0,30002.0,4,12207,0.0154436882585287,0.4645038545131683,3,10000.0
truncation,1,unet,1.5,30000.0,30001.0,5,12162,0.0170052479952573,0.507844090461731,3,10000.0
truncation,1,unet,1.5,400.0,401.0,0,169,0.5962968468666077,0.8531544804573059,3,133.33333333333334
truncation,1,unet,1.5,400.0,402.0,1,162,0.6694115400314331,0.8916776776313782,3,133.33333333333334
truncation,1,unet,1.5,400.0,400.0,2,166,0.6080887317657471,0.9505081176757812,3,133.33333333333334
truncation,1,unet,1.5,400.0,402.0,3,159,0.628646731376648,0.8541518449783325,3,133.33333333333334
truncation,1,unet,1.5,400.0,400.0,4,158,0.3544372022151947,0.6386514902114868,3,133.33333333333334
truncation,1,unet,1.5,400.0,400.0,5,163,0.5601404309272766,1.0080031156539917,3,133.33333333333334
truncation,1,unet,1.5,52.0,54.0,0,22,1.662400722503662,18.313947677612305,3,17.333333333333332
truncation,1,unet,1.5,52.0,54.0,1,21,1.0901570320129397,12.862300872802734,3,17.333333333333332
truncation,1,unet,1.5,52.0,52.0,2,22,1.3471124172210691,14.634838104248049,3,17.333333333333332
truncation,1,unet,1.5,52.0,54.0,3,21,1.1103428602218628,12.641498565673828,3,17.333333333333332
truncation,1,unet,1.5,52.0,52.0,4,21,1.0861760377883911,12.306109428405762,3,17.333333333333332
truncation,1,unet,1.5,52.0,54.0,5,21,1.2127666473388672,14.744154930114746,3,17.333333333333332
truncation,1,unet,1.5,520.0,520.0,0,218,0.3740179240703583,0.569442868232727,3,173.33333333333334
truncation,1,unet,1.5,520.0,522.0,1,212,0.4646154046058655,0.63272625207901,3,173.33333333333334
truncation,1,unet,1.5,520.0,522.0,2,214,0.4017666280269623,0.6514805555343628,3,173.33333333333334
truncation,1,unet,1.5,520.0,521.0,3,205,0.5018602013587952,0.6383459568023682,3,173.33333333333334
truncation,1,unet,1.5,520.0,520.0,4,206,0.3984732627868652,0.5612082481384277,3,173.33333333333334
truncation,1,unet,1.5,520.0,521.0,5,212,0.434233546257019,0.7166855931282043,3,173.33333333333334
truncation,1,unet,1.5,5200.0,5201.0,0,2098,0.023153331130743,0.5129796266555786,3,1733.3333333333333
truncation,1,unet,1.5,5200.0,5201.0,1,2099,0.0215291585773229,0.5248735547065735,3,1733.3333333333333
truncation,1,unet,1.5,5200.0,5201.0,2,2099,0.0243208594620227,0.4815790355205536,3,1733.3333333333333
truncation,1,unet,1.5,5200.0,5201.0,3,2116,0.0216490048915147,0.4945036172866821,3,1733.3333333333333
truncation,1,unet,1.5,5200.0,5200.0,4,2134,0.0197458285838365,0.4688831269741058,3,1733.3333333333333
truncation,1,unet,1.5,5200.0,5202.0,5,2086,0.0218129195272922,0.4949486553668976,3,1733.3333333333333
truncation,1,unet,1.5,700.0,700.0,0,289,0.2283907085657119,0.5303945541381836,3,233.33333333333334
truncation,1,unet,1.5,700.0,700.0,1,282,0.2341433614492416,0.5293442606925964,3,233.33333333333334
truncation,1,unet,1.5,700.0,701.0,2,286,0.2743095755577087,0.539826512336731,3,233.33333333333334
truncation,1,unet,1.5,700.0,702.0,3,279,0.3529655039310455,0.5173296332359314,3,233.33333333333334
truncation,1,unet,1.5,700.0,702.0,4,281,0.2714796364307403,0.5215078592300415,3,233.33333333333334
truncation,1,unet,1.5,700.0,702.0,5,288,0.2055243104696273,0.5431704521179199,3,233.33333333333334
truncation,1,unet,1.5,9000.0,9000.0,0,3650,0.018792275339365,0.5223442912101746,3,3000.0
truncation,1,unet,1.5,9000.0,9001.0,1,3664,0.0178228355944156,0.5276435017585754,3,3000.0
truncation,1,unet,1.5,9000.0,9001.0,2,3647,0.0178772844374179,0.4784452617168426,3,3000.0
truncation,1,unet,1.5,9000.0,9001.0,3,3664,0.0172576531767845,0.4807431697845459,3,3000.0
truncation,1,unet,1.5,9000.0,9000.0,4,3675,0.0169770829379558,0.4625836014747619,3,3000.0
truncation,1,unet,1.5,9000.0,9000.0,5,3635,0.018246604129672,0.5094658136367798,3,3000.0
truncation,1,unet,2.0,1100.0,1101.0,0,432,0.099501147866249,0.4920932650566101,3,366.6666666666667
truncation,1,unet,2.0,1100.0,1101.0,1,433,0.1189901605248451,0.5018554329872131,3,366.6666666666667
truncation,1,unet,2.0,1100.0,1101.0,2,426,0.1202937960624694,0.5077574253082275,3,366.6666666666667
truncation,1,unet,2.0,1100.0,1100.0,3,427,0.13800148665905,0.501285970211029,3,366.6666666666667
truncation,1,unet,2.0,1100.0,1100.0,4,427,0.1195241138339042,0.4976773858070373,3,366.6666666666667
truncation,1,unet,2.0,1100.0,1102.0,5,429,0.1339904367923736,0.5048320889472961,3,366.6666666666667
truncation,1,unet,2.0,1560.0,1562.0,0,604,0.0713582783937454,0.4831938147544861,3,520.0
truncation,1,unet,2.0,1560.0,1561.0,1,607,0.072615809738636,0.5028178691864014,3,520.0
truncation,1,unet,2.0,1560.0,1562.0,2,601,0.0754301846027374,0.4784699380397796,3,520.0
truncation,1,unet,2.0,1560.0,1561.0,3,609,0.0769779533147811,0.4822623431682586,3,520.0
truncation,1,unet,2.0,1560.0,1562.0,4,608,0.0781916603446006,0.4700555801391601,3,520.0
truncation,1,unet,2.0,1560.0,1560.0,5,604,0.0792725905776023,0.4976385533809662,3,520.0
truncation,1,unet,2.0,165.0,166.0,0,69,1.18915855884552,7.553600311279297,3,55.0
truncation,1,unet,2.0,165.0,167.0,1,67,0.9650947451591492,1.7277932167053225,3,55.0
truncation,1,unet,2.0,165.0,165.0,2,63,0.8992388248443604,1.04254150390625,3,55.0
truncation,1,unet,2.0,165.0,165.0,3,65,0.5500434637069702,1.8071606159210205,3,55.0
truncation,1,unet,2.0,165.0,167.0,4,65,0.9199674725532532,1.527127027511597,3,55.0
truncation,1,unet,2.0,165.0,166.0,5,67,1.051485300064087,4.932316780090332,3,55.0
truncation,1,unet,2.0,16500.0,16500.0,0,6426,0.0176715161651372,0.5204848647117615,3,5500.0
truncation,1,unet,2.0,16500.0,16501.0,1,6430,0.0162543952465057,0.5519896745681763,3,5500.0
truncation,1,unet,2.0,16500.0,16502.0,2,6388,0.0150799108669161,0.46714648604393,3,5500.0
truncation,1,unet,2.0,16500.0,16500.0,3,6425,0.0162614826112985,0.4905129969120025,3,5500.0
truncation,1,unet,2.0,16500.0,16501.0,4,6409,0.0141662070527672,0.4721997082233429,3,5500.0
truncation,1,unet,2.0,16500.0,16502.0,5,6401,0.0165733955800533,0.4918161034584045,3,5500.0
truncation,1,unet,2.0,1900.0,1901.0,0,732,0.0599613636732101,0.4891912043094635,3,633.3333333333334
truncation,1,unet,2.0,1900.0,1902.0,1,735,0.0579090043902397,0.4951210618019104,3,633.3333333333334
truncation,1,unet,2.0,1900.0,1902.0,2,730,0.0629505440592765,0.4760405719280243,3,633.3333333333334
truncation,1,unet,2.0,1900.0,1901.0,3,745,0.0610168687999248,0.4790859222412109,3,633.3333333333334
truncation,1,unet,2.0,1900.0,1900.0,4,743,0.0663930475711822,0.4665626287460327,3,633.3333333333334
truncation,1,unet,2.0,1900.0,1902.0,5,736,0.0631301328539848,0.4746497273445129,3,633.3333333333334
truncation,1,unet,2.0,30.0,31.0,0,12,1.255059838294983,17.82615089416504,3,10.0
truncation,1,unet,2.0,30.0,32.0,1,13,1.4222856760025024,16.545413970947266,3,10.0
truncation,1,unet,2.0,30.0,30.0,2,12,1.5117132663726809,15.948725700378418,3,10.0
truncation,1,unet,2.0,30.0,32.0,3,12,1.354708194732666,20.48110008239746,3,10.0
truncation,1,unet,2.0,30.0,31.0,4,13,1.0207442045211792,10.895806312561035,3,10.0
truncation,1,unet,2.0,30.0,31.0,5,12,1.21381676197052,17.93787384033203,3,10.0
truncation,1,unet,2.0,300.0,300.0,0,124,0.7848857045173645,1.6648924350738523,3,100.0
truncation,1,unet,2.0,300.0,302.0,1,119,0.5809445977210999,0.7175703048706055,3,100.0
truncation,1,unet,2.0,300.0,300.0,2,117,0.5108861327171326,0.6591963171958923,3,100.0
truncation,1,unet,2.0,300.0,302.0,3,115,0.7549067735671997,1.7594558000564575,3,100.0
truncation,1,unet,2.0,300.0,301.0,4,115,0.5086003541946411,0.7023972868919373,3,100.0
truncation,1,unet,2.0,300.0,301.0,5,118,0.6255992650985718,0.8796809315681458,3,100.0
truncation,1,unet,2.0,3000.0,3000.0,0,1151,0.033116765320301,0.5029165148735046,3,1000.0
truncation,1,unet,2.0,3000.0,3001.0,1,1153,0.0322631224989891,0.5087338089942932,3,1000.0
truncation,1,unet,2.0,3000.0,3000.0,2,1153,0.0432204529643058,0.4683162569999695,3,1000.0
truncation,1,unet,2.0,3000.0,3000.0,3,1174,0.0365767404437065,0.484974056482315,3,1000.0
truncation,1,unet,2.0,3000.0,3000.0,4,1177,0.0351131856441497,0.4693513512611389,3,1000.0
truncation,1,unet,2.0,3000.0,3000.0,5,1156,0.0328586436808109,0.47764453291893,3,1000.0
truncation,1,unet,2.0,30000.0,30001.0,0,11678,0.0168301407247781,0.5317047834396362,3,10000.0
truncation,1,unet,2.0,30000.0,30000.0,1,11673,0.0159046631306409,0.5277636051177979,3,10000.0
truncation,1,unet,2.0,30000.0,30002.0,2,11604,0.0157156884670257,0.4916526973247528,3,10000.0
truncation,1,unet,2.0,30000.0,30001.0,3,11657,0.0154919456690549,0.4918169975280761,3,10000.0
truncation,1,unet,2.0,30000.0,30002.0,4,11649,0.015575947239995,0.473835825920105,3,10000.0
truncation,1,unet,2.0,30000.0,30001.0,5,11624,0.0164822451770305,0.5088902711868286,3,10000.0
truncation,1,unet,2.0,400.0,402.0,0,163,0.6227937936782837,0.8732357621192932,3,133.33333333333334
truncation,1,unet,2.0,400.0,400.0,1,156,0.6648314595222473,0.9550604224205016,3,133.33333333333334
truncation,1,unet,2.0,400.0,400.0,2,155,0.6124132871627808,0.9933057427406312,3,133.33333333333334
truncation,1,unet,2.0,400.0,402.0,3,154,0.6653051376342773,0.9256541728973388,3,133.33333333333334
truncation,1,unet,2.0,400.0,402.0,4,154,0.5913639068603516,0.8390858173370361,3,133.33333333333334
truncation,1,unet,2.0,400.0,400.0,5,156,0.569225549697876,1.080314874649048,3,133.33333333333334
truncation,1,unet,2.0,52.0,53.0,0,21,1.5501363277435305,17.319408416748047,3,17.333333333333332
truncation,1,unet,2.0,52.0,54.0,1,21,1.088652491569519,12.93555736541748,3,17.333333333333332
truncation,1,unet,2.0,52.0,53.0,2,21,1.4239548444747925,15.392744064331056,3,17.333333333333332
truncation,1,unet,2.0,52.0,52.0,3,20,1.1098209619522097,14.123167037963867,3,17.333333333333332
truncation,1,unet,2.0,52.0,52.0,4,21,1.0805943012237549,12.306608200073242,3,17.333333333333332
truncation,1,unet,2.0,52.0,54.0,5,20,1.200464963912964,15.343425750732422,3,17.333333333333332
truncation,1,unet,2.0,520.0,521.0,0,209,0.3768069744110107,0.5504516959190369,3,173.33333333333334
truncation,1,unet,2.0,520.0,521.0,1,205,0.4936650693416595,0.6337302923202515,3,173.33333333333334
truncation,1,unet,2.0,520.0,521.0,2,202,0.4186099171638489,0.6636306047439575,3,173.33333333333334
truncation,1,unet,2.0,520.0,520.0,3,199,0.5422363877296448,0.6692216396331787,3,173.33333333333334
truncation,1,unet,2.0,520.0,521.0,4,198,0.4685387313365936,0.6187145113945007,3,173.33333333333334
truncation,1,unet,2.0,520.0,520.0,5,203,0.4530398547649383,0.7775141596794128,3,173.33333333333334
truncation,1,unet,2.0,5200.0,5200.0,0,2006,0.0230533182621002,0.5010820031166077,3,1733.3333333333333
truncation,1,unet,2.0,5200.0,5200.0,1,2011,0.0236539375036954,0.5337505340576172,3,1733.3333333333333
truncation,1,unet,2.0,5200.0,5201.0,2,2010,0.0259336400777101,0.4727154076099396,3,1733.3333333333333
truncation,1,unet,2.0,5200.0,5200.0,3,2024,0.0220596697181463,0.477380633354187,3,1733.3333333333333
truncation,1,unet,2.0,5200.0,5200.0,4,2038,0.0213325954973697,0.4603233933448791,3,1733.3333333333333
truncation,1,unet,2.0,5200.0,5200.0,5,1993,0.021562498062849,0.4965676665306091,3,1733.3333333333333
truncation,1,unet,2.0,700.0,700.0,0,278,0.238242045044899,0.5194265842437744,3,233.33333333333334
truncation,1,unet,2.0,700.0,700.0,1,272,0.2498924732208252,0.5373371839523315,3,233.33333333333334
truncation,1,unet,2.0,700.0,701.0,2,271,0.2760457694530487,0.5426912903785706,3,233.33333333333334
truncation,1,unet,2.0,700.0,702.0,3,270,0.3689136505126953,0.5482808947563171,3,233.33333333333334
truncation,1,unet,2.0,700.0,702.0,4,268,0.290230244398117,0.5205748081207275,3,233.33333333333334
truncation,1,unet,2.0,700.0,700.0,5,274,0.261406809091568,0.5880794525146484,3,233.33333333333334
truncation,1,unet,2.0,90.0,92.0,0,38,1.3301104307174685,9.510517120361328,3,30.0
truncation,1,unet,2.0,90.0,91.0,1,37,1.0370464324951172,4.65904426574707,3,30.0
truncation,1,unet,2.0,90.0,90.0,2,34,1.1317758560180664,3.361039161682129,3,30.0
truncation,1,unet,2.0,90.0,92.0,3,37,1.0391842126846311,8.450848579406738,3,30.0
truncation,1,unet,2.0,90.0,90.0,4,35,0.9473461508750916,6.921541690826416,3,30.0
truncation,1,unet,2.0,90.0,92.0,5,34,1.001098871231079,7.859086513519287,3,30.0
truncation,1,unet,2.0,900.0,901.0,0,358,0.1456752866506576,0.5132789611816406,3,300.0
truncation,1,unet,2.0,900.0,900.0,1,352,0.1781331747770309,0.4998883008956909,3,300.0
truncation,1,unet,2.0,900.0,902.0,2,349,0.1821370273828506,0.5239116549491882,3,300.0
truncation,1,unet,2.0,900.0,900.0,3,348,0.1800975501537323,0.5131702423095703,3,300.0
truncation,1,unet,2.0,900.0,900.0,4,347,0.1819760352373123,0.5021076202392578,3,300.0
truncation,1,unet,2.0,900.0,900.0,5,351,0.1596641689538955,0.51022869348526,3,300.0
truncation,1,unet,2.0,9000.0,9002.0,0,3490,0.0188360828906297,0.5107489824295044,3,3000.0
truncation,1,unet,2.0,9000.0,9000.0,1,3503,0.0176425203680992,0.5253381133079529,3,3000.0
truncation,1,unet,2.0,9000.0,9000.0,2,3496,0.01783162727952,0.471341609954834,3,3000.0
truncation,1,unet,2.0,9000.0,9000.0,3,3508,0.01772434823215,0.47559255361557,3,3000.0
truncation,1,unet,2.0,9000.0,9000.0,4,3500,0.0181696061044931,0.4610939621925354,3,3000.0
truncation,1,unet,2.0,9000.0,9001.0,5,3470,0.0181719120591878,0.52045738697052,3,3000.0
truncation,1,unet,2.5,9000.0,9001.0,0,3374,0.0185527447611093,0.5062370896339417,3,3000.0
truncation,1,unet,2.5,9000.0,9000.0,1,3375,0.0181271415203809,0.5257985591888428,3,3000.0
truncation,1,unet,2.5,9000.0,9002.0,2,3380,0.0182449407875537,0.4586990177631378,3,3000.0
truncation,1,unet,2.5,9000.0,9002.0,3,3384,0.0179405957460403,0.4825661480426788,3,3000.0
truncation,1,unet,2.5,9000.0,9001.0,4,3375,0.017729140818119,0.4591103196144104,3,3000.0
truncation,1,unet,2.5,9000.0,9002.0,5,3343,0.0178296938538551,0.5012536644935608,3,3000.0
truncation,1,unet,20.0,1100.0,1101.0,0,367,0.1378089338541031,0.5027478933334351,3,366.6666666666667
truncation,1,unet,20.0,1100.0,1101.0,1,367,0.1417972594499588,0.4986582696437835,3,366.6666666666667
truncation,1,unet,20.0,1100.0,1101.0,2,367,0.1530517190694809,0.5133373737335205,3,366.6666666666667
truncation,1,unet,20.0,1100.0,1101.0,3,367,0.1571547985076904,0.50876784324646,3,366.6666666666667
truncation,1,unet,20.0,1100.0,1101.0,4,367,0.139484241604805,0.5008886456489563,3,366.6666666666667
truncation,1,unet,20.0,1100.0,1101.0,5,367,0.1460563987493515,0.5085099339485168,3,366.6666666666667
truncation,1,unet,20.0,1560.0,1560.0,0,520,0.0788634046912193,0.5024720430374146,3,520.0
truncation,1,unet,20.0,1560.0,1560.0,1,520,0.0816884189844131,0.5016957521438599,3,520.0
truncation,1,unet,20.0,1560.0,1560.0,2,520,0.0759079232811927,0.4936907887458801,3,520.0
truncation,1,unet,20.0,1560.0,1560.0,3,520,0.0883394107222557,0.4866334795951843,3,520.0
truncation,1,unet,20.0,1560.0,1560.0,4,520,0.0821273326873779,0.4907863438129425,3,520.0
truncation,1,unet,20.0,1560.0,1560.0,5,520,0.0923880487680435,0.5163307189941406,3,520.0
truncation,1,unet,20.0,165.0,165.0,0,55,1.1045470237731934,6.978299617767334,3,55.0
truncation,1,unet,20.0,165.0,165.0,1,55,1.0472171306610107,4.348892211914063,3,55.0
truncation,1,unet,20.0,165.0,165.0,2,55,1.040615200996399,3.9907476902008057,3,55.0
truncation,1,unet,20.0,165.0,165.0,3,55,0.8929286003112793,6.564054012298584,3,55.0
truncation,1,unet,20.0,165.0,165.0,4,55,0.5029934048652649,1.1402119398117063,3,55.0
truncation,1,unet,20.0,165.0,165.0,5,55,0.7391482591629028,1.2384235858917236,3,55.0
truncation,1,unet,20.0,16500.0,16500.0,0,5500,0.01742535084486,0.517033040523529,3,5500.0
truncation,1,unet,20.0,16500.0,16500.0,1,5500,0.0158723909407854,0.5372111797332764,3,5500.0
truncation,1,unet,20.0,16500.0,16502.0,2,5501,0.0148876113817095,0.4691127240657806,3,5500.0
truncation,1,unet,20.0,16500.0,16500.0,3,5500,0.0154492510482668,0.4830626547336578,3,5500.0
truncation,1,unet,20.0,16500.0,16500.0,4,5500,0.0152012389153242,0.4505899846553802,3,5500.0
truncation,1,unet,20.0,16500.0,16500.0,5,5500,0.0152083346620202,0.4938363134860992,3,5500.0
truncation,1,unet,20.0,1900.0,1902.0,0,634,0.0618380531668663,0.4978685975074768,3,633.3333333333334
truncation,1,unet,20.0,1900.0,1902.0,1,634,0.0615183636546134,0.5075675845146179,3,633.3333333333334
truncation,1,unet,20.0,1900.0,1902.0,2,634,0.0652797147631645,0.4791570901870727,3,633.3333333333334
truncation,1,unet,20.0,1900.0,1902.0,3,634,0.0599194131791591,0.482746958732605,3,633.3333333333334
truncation,1,unet,20.0,1900.0,1902.0,4,634,0.0661526694893837,0.4723867774009704,3,633.3333333333334
truncation,1,unet,20.0,1900.0,1902.0,5,634,0.0627485141158104,0.4964227974414825,3,633.3333333333334
truncation,1,unet,20.0,30.0,30.0,0,10,1.368204951286316,14.009648323059082,3,10.0
truncation,1,unet,20.0,30.0,30.0,1,10,1.6332234144210815,17.539920806884766,3,10.0
truncation,1,unet,20.0,30.0,30.0,2,10,1.3121258020401,12.630881309509276,3,10.0
truncation,1,unet,20.0,30.0,30.0,3,10,1.1838945150375366,14.870387077331545,3,10.0
truncation,1,unet,20.0,30.0,30.0,4,10,1.109138011932373,15.642316818237305,3,10.0
truncation,1,unet,20.0,30.0,30.0,5,10,1.34350323677063,21.66734313964844,3,10.0
truncation,1,unet,20.0,300.0,300.0,0,100,0.8419617414474487,2.6648449897766118,3,100.0
truncation,1,unet,20.0,300.0,300.0,1,100,0.8092886209487915,1.639356017112732,3,100.0
truncation,1,unet,20.0,300.0,300.0,2,100,0.7301650643348694,0.79135662317276,3,100.0
truncation,1,unet,20.0,300.0,300.0,3,100,0.760687530040741,2.1139121055603027,3,100.0
truncation,1,unet,20.0,300.0,300.0,4,100,0.7201043367385864,1.6219244003295898,3,100.0
truncation,1,unet,20.0,300.0,300.0,5,100,0.7565733790397644,2.644477367401123,3,100.0
truncation,1,unet,20.0,3000.0,3000.0,0,1000,0.0320947766304016,0.5084816813468933,3,1000.0
truncation,1,unet,20.0,3000.0,3000.0,1,1000,0.031259287148714,0.5090311169624329,3,1000.0
truncation,1,unet,20.0,3000.0,3000.0,2,1000,0.0422748029232025,0.4725865423679352,3,1000.0
truncation,1,unet,20.0,3000.0,3000.0,3,1000,0.0355530939996242,0.4911848306655884,3,1000.0
truncation,1,unet,20.0,3000.0,3000.0,4,1000,0.0344596654176712,0.4800485968589782,3,1000.0
truncation,1,unet,20.0,3000.0,3000.0,5,1000,0.0375031679868698,0.4771819710731506,3,1000.0
truncation,1,unet,20.0,30000.0,30000.0,0,10000,0.0167765598744153,0.5147019028663635,3,10000.0
truncation,1,unet,20.0,30000.0,30000.0,1,10000,0.0153348632156848,0.5367509126663208,3,10000.0
truncation,1,unet,20.0,30000.0,30001.0,2,10001,0.0141578195616602,0.473393440246582,3,10000.0
truncation,1,unet,20.0,30000.0,30000.0,3,10000,0.0146811651065945,0.4819784462451935,3,10000.0
truncation,1,unet,20.0,30000.0,30000.0,4,10000,0.0148361297324299,0.476990282535553,3,10000.0
truncation,1,unet,20.0,30000.0,30000.0,5,10000,0.0163102615624666,0.4875252544879913,3,10000.0
truncation,1,unet,20.0,400.0,402.0,0,134,0.7328097224235535,1.1919021606445312,3,133.33333333333334
truncation,1,unet,20.0,400.0,402.0,1,134,0.5314418077468872,0.8046987056732178,3,133.33333333333334
truncation,1,unet,20.0,400.0,402.0,2,134,0.6840998530387878,1.0696979761123655,3,133.33333333333334
truncation,1,unet,20.0,400.0,402.0,3,134,0.7140300869941711,1.2882897853851318,3,133.33333333333334
truncation,1,unet,20.0,400.0,402.0,4,134,0.533677875995636,0.7361689805984497,3,133.33333333333334
truncation,1,unet,20.0,400.0,402.0,5,134,0.6737164855003357,1.4207241535186768,3,133.33333333333334
truncation,1,unet,20.0,52.0,54.0,0,18,1.5345052480697632,15.716814041137695,3,17.333333333333332
truncation,1,unet,20.0,52.0,54.0,1,18,1.17338228225708,13.474967956542969,3,17.333333333333332
truncation,1,unet,20.0,52.0,54.0,2,18,1.405806541442871,15.050711631774902,3,17.333333333333332
truncation,1,unet,20.0,52.0,54.0,3,18,1.139240860939026,16.06037139892578,3,17.333333333333332
truncation,1,unet,20.0,52.0,54.0,4,18,1.087238907814026,14.90465259552002,3,17.333333333333332
truncation,1,unet,20.0,52.0,54.0,5,18,1.1425044536590576,15.042330741882324,3,17.333333333333332
truncation,1,unet,20.0,520.0,522.0,0,174,0.5364298224449158,0.7622196674346924,3,173.33333333333334
truncation,1,unet,20.0,520.0,522.0,1,174,0.5617430210113525,0.7928006052970886,3,173.33333333333334
truncation,1,unet,20.0,520.0,522.0,2,174,0.4891989827156067,0.7754708528518677,3,173.33333333333334
truncation,1,unet,20.0,520.0,522.0,3,174,0.583524227142334,0.7060366868972778,3,173.33333333333334
truncation,1,unet,20.0,520.0,522.0,4,174,0.5331462025642395,0.7138895392417908,3,173.33333333333334
truncation,1,unet,20.0,520.0,522.0,5,174,0.4800694286823272,0.8782093524932861,3,173.33333333333334
truncation,1,unet,20.0,5200.0,5202.0,0,1734,0.0232236292213201,0.5041697025299072,3,1733.3333333333333
truncation,1,unet,20.0,5200.0,5202.0,1,1734,0.0236155781894922,0.5254079699516296,3,1733.3333333333333
truncation,1,unet,20.0,5200.0,5202.0,2,1734,0.0253198947757482,0.4670054614543915,3,1733.3333333333333
truncation,1,unet,20.0,5200.0,5202.0,3,1734,0.0228223409503698,0.4914619028568268,3,1733.3333333333333
truncation,1,unet,20.0,5200.0,5202.0,4,1734,0.0231913886964321,0.4542551934719085,3,1733.3333333333333
truncation,1,unet,20.0,5200.0,5202.0,5,1734,0.0204845424741506,0.4988056719303131,3,1733.3333333333333
truncation,1,unet,20.0,700.0,702.0,0,234,0.3465682864189148,0.5629541873931885,3,233.33333333333334
truncation,1,unet,20.0,700.0,702.0,1,234,0.3278138339519501,0.5743429660797119,3,233.33333333333334
truncation,1,unet,20.0,700.0,702.0,2,234,0.316003680229187,0.5720661878585815,3,233.33333333333334
truncation,1,unet,20.0,700.0,702.0,3,234,0.4086958467960357,0.5750885605812073,3,233.33333333333334
truncation,1,unet,20.0,700.0,702.0,4,234,0.3778579533100128,0.5519052743911743,3,233.33333333333334
truncation,1,unet,20.0,700.0,702.0,5,234,0.3149110972881317,0.6247940063476562,3,233.33333333333334
truncation,1,unet,20.0,90.0,90.0,0,30,1.2537506818771362,10.53560733795166,3,30.0
truncation,1,unet,20.0,90.0,90.0,1,30,1.1533843278884888,6.028782844543457,3,30.0
truncation,1,unet,20.0,90.0,90.0,2,30,1.3557580709457395,8.984086990356445,3,30.0
truncation,1,unet,20.0,90.0,90.0,3,30,1.0001451969146729,9.28421688079834,3,30.0
truncation,1,unet,20.0,90.0,90.0,4,30,0.933957040309906,7.178281784057617,3,30.0
truncation,1,unet,20.0,90.0,90.0,5,30,1.0427173376083374,9.5347261428833,3,30.0
truncation,1,unet,20.0,900.0,900.0,0,300,0.1698048710823059,0.5231520533561707,3,300.0
truncation,1,unet,20.0,900.0,900.0,1,300,0.2117464244365692,0.5280863642692566,3,300.0
truncation,1,unet,20.0,900.0,900.0,2,300,0.2127197235822677,0.5187538862228394,3,300.0
truncation,1,unet,20.0,900.0,900.0,3,300,0.2801002562046051,0.5178335309028625,3,300.0
truncation,1,unet,20.0,900.0,900.0,4,300,0.2111529856920242,0.520325779914856,3,300.0
truncation,1,unet,20.0,900.0,900.0,5,300,0.2000321596860885,0.5371772050857544,3,300.0
truncation,1,unet,20.0,9000.0,9000.0,0,3000,0.0186130329966545,0.5071972608566284,3,3000.0
truncation,1,unet,20.0,9000.0,9000.0,1,3000,0.0174646247178316,0.5118980407714844,3,3000.0
truncation,1,unet,20.0,9000.0,9000.0,2,3000,0.0176798831671476,0.4728279709815979,3,3000.0
truncation,1,unet,20.0,9000.0,9000.0,3,3000,0.0190186165273189,0.4899569451808929,3,3000.0
truncation,1,unet,20.0,9000.0,9000.0,4,3000,0.0188356507569551,0.4620212912559509,3,3000.0
truncation,1,unet,20.0,9000.0,9000.0,5,3000,0.0176866315305233,0.5084188580513,3,3000.0
truncation,1,unet,3.0,1100.0,1100.0,0,405,0.1099705472588539,0.4879292845726013,3,366.6666666666667
truncation,1,unet,3.0,1100.0,1101.0,1,405,0.1409521102905273,0.5215790271759033,3,366.6666666666667
truncation,1,unet,3.0,1100.0,1100.0,2,398,0.1334307789802551,0.512686014175415,3,366.6666666666667
truncation,1,unet,3.0,1100.0,1101.0,3,400,0.1491581499576568,0.5064713954925537,3,366.6666666666667
truncation,1,unet,3.0,1100.0,1101.0,4,398,0.1419307142496109,0.4751369059085846,3,366.6666666666667
truncation,1,unet,3.0,1100.0,1100.0,5,399,0.1332024335861206,0.505460262298584,3,366.6666666666667
truncation,1,unet,3.0,1560.0,1560.0,0,567,0.07655930519104,0.4977224767208099,3,520.0
truncation,1,unet,3.0,1560.0,1561.0,1,571,0.0773147344589233,0.4994744658470154,3,520.0
truncation,1,unet,3.0,1560.0,1561.0,2,563,0.0816240310668945,0.4781608581542969,3,520.0
truncation,1,unet,3.0,1560.0,1562.0,3,569,0.0891076475381851,0.4862798452377319,3,520.0
truncation,1,unet,3.0,1560.0,1562.0,4,570,0.0829414576292038,0.4883355498313904,3,520.0
truncation,1,unet,3.0,1560.0,1562.0,5,565,0.0813779681921005,0.4965228140354156,3,520.0
truncation,1,unet,3.0,165.0,165.0,0,63,1.0782698392868042,7.803371429443359,3,55.0
truncation,1,unet,3.0,165.0,165.0,1,62,0.7152758836746216,1.171987533569336,3,55.0
truncation,1,unet,3.0,165.0,166.0,2,60,1.0236485004425049,4.0155930519104,3,55.0
truncation,1,unet,3.0,165.0,166.0,3,62,1.0012396574020386,5.976281642913818,3,55.0
truncation,1,unet,3.0,165.0,166.0,4,60,0.8622687458992004,2.5483174324035645,3,55.0
truncation,1,unet,3.0,165.0,165.0,5,61,0.7610198259353638,1.2834619283676147,3,55.0
truncation,1,unet,3.0,16500.0,16500.0,0,6022,0.0186270736157894,0.5108903646469116,3,5500.0
truncation,1,unet,3.0,16500.0,16500.0,1,6010,0.0165858305990695,0.5307605862617493,3,5500.0
truncation,1,unet,3.0,16500.0,16501.0,2,6006,0.0150662967935204,0.4674527645111084,3,5500.0
truncation,1,unet,3.0,16500.0,16502.0,3,6014,0.0159498490393161,0.4863907992839813,3,5500.0
truncation,1,unet,3.0,16500.0,16500.0,4,6004,0.0148509806022048,0.4727307260036468,3,5500.0
truncation,1,unet,3.0,16500.0,16502.0,5,5994,0.0169712044298648,0.4967668950557709,3,5500.0
truncation,1,unet,3.0,1900.0,1902.0,0,688,0.0617279820144176,0.4828890264034271,3,633.3333333333334
truncation,1,unet,3.0,1900.0,1900.0,1,691,0.0581064410507679,0.4865159392356872,3,633.3333333333334
truncation,1,unet,3.0,1900.0,1901.0,2,685,0.0636276975274086,0.4722720682621002,3,633.3333333333334
truncation,1,unet,3.0,1900.0,1901.0,3,696,0.0606595389544963,0.4765226244926452,3,633.3333333333334
truncation,1,unet,3.0,1900.0,1900.0,4,692,0.0678064301609993,0.4685062170028686,3,633.3333333333334
truncation,1,unet,3.0,1900.0,1901.0,5,685,0.0647137016057968,0.4994109272956848,3,633.3333333333334
truncation,1,unet,3.0,30.0,31.0,0,11,1.380181908607483,17.980531692504883,3,10.0
truncation,1,unet,3.0,30.0,30.0,1,11,1.550681471824646,17.42659568786621,3,10.0
truncation,1,unet,3.0,30.0,30.0,2,11,1.3701881170272827,14.394292831420898,3,10.0
truncation,1,unet,3.0,30.0,30.0,3,11,1.1849182844161987,16.271854400634766,3,10.0
truncation,1,unet,3.0,30.0,31.0,4,11,1.013611912727356,14.226181030273438,3,10.0
truncation,1,unet,3.0,30.0,32.0,5,12,1.230235576629639,17.545856475830078,3,10.0
truncation,1,unet,3.0,300.0,301.0,0,115,0.8505668640136719,2.1742844581604004,3,100.0
truncation,1,unet,3.0,300.0,300.0,1,109,0.5836080312728882,0.734273374080658,3,100.0
truncation,1,unet,3.0,300.0,300.0,2,107,0.7574335932731628,1.6169039011001587,3,100.0
truncation,1,unet,3.0,300.0,300.0,3,108,0.7404307126998901,1.8444548845291135,3,100.0
truncation,1,unet,3.0,300.0,302.0,4,109,0.5288200378417969,0.574116587638855,3,100.0
truncation,1,unet,3.0,300.0,302.0,5,110,0.6726630926132202,0.8247063755989075,3,100.0
truncation,1,unet,3.0,3000.0,3001.0,0,1086,0.034056544303894,0.5102236270904541,3,1000.0
truncation,1,unet,3.0,3000.0,3001.0,1,1086,0.0337277054786682,0.5126867294311523,3,1000.0
truncation,1,unet,3.0,3000.0,3001.0,2,1082,0.0433037765324115,0.4812577664852142,3,1000.0
truncation,1,unet,3.0,3000.0,3002.0,3,1098,0.0383099764585495,0.490679383277893,3,1000.0
truncation,1,unet,3.0,3000.0,3002.0,4,1100,0.0365355610847473,0.4726266860961914,3,1000.0
truncation,1,unet,3.0,3000.0,3000.0,5,1081,0.0349394828081131,0.4752436578273773,3,1000.0
truncation,1,unet,3.0,30000.0,30000.0,0,10943,0.0168902147561311,0.5261831283569336,3,10000.0
truncation,1,unet,3.0,30000.0,30000.0,1,10932,0.0156739968806505,0.5364442467689514,3,10000.0
truncation,1,unet,3.0,30000.0,30000.0,2,10905,0.0154956746846437,0.4792493283748626,3,10000.0
truncation,1,unet,3.0,30000.0,30002.0,3,10927,0.0153838610276579,0.4885666072368622,3,10000.0
truncation,1,unet,3.0,30000.0,30000.0,4,10909,0.0143655464053154,0.4725014865398407,3,10000.0
truncation,1,unet,3.0,30000.0,30000.0,5,10883,0.0162903200834989,0.5059489607810974,3,10000.0
truncation,1,unet,3.0,400.0,401.0,0,152,0.6478726267814636,0.9087291359901428,3,133.33333333333334
truncation,1,unet,3.0,400.0,401.0,1,147,0.6678600907325745,1.0213091373443604,3,133.33333333333334
truncation,1,unet,3.0,400.0,400.0,2,144,0.6380215883255005,1.0350805521011353,3,133.33333333333334
truncation,1,unet,3.0,400.0,400.0,3,143,0.6695553660392761,0.9821606278419496,3,133.33333333333334
truncation,1,unet,3.0,400.0,402.0,4,145,0.5605053305625916,0.7531907558441162,3,133.33333333333334
truncation,1,unet,3.0,400.0,400.0,5,145,0.6138594746589661,1.2047746181488037,3,133.33333333333334
truncation,1,unet,3.0,52.0,53.0,0,19,1.4839950799942017,15.877299308776855,3,17.333333333333332
truncation,1,unet,3.0,52.0,53.0,1,19,1.1643937826156616,13.41551399230957,3,17.333333333333332
truncation,1,unet,3.0,52.0,53.0,2,20,1.4674687385559082,14.975992202758787,3,17.333333333333332
truncation,1,unet,3.0,52.0,54.0,3,19,1.1089752912521362,15.12197971343994,3,17.333333333333332
truncation,1,unet,3.0,52.0,53.0,4,19,1.1333571672439575,15.615575790405272,3,17.333333333333332
truncation,1,unet,3.0,52.0,53.0,5,19,1.1896923780441284,14.831804275512695,3,17.333333333333332
truncation,1,unet,3.0,520.0,521.0,0,197,0.481310099363327,0.6535477042198181,3,173.33333333333334
truncation,1,unet,3.0,520.0,522.0,1,193,0.4607859551906585,0.65024733543396,3,173.33333333333334
truncation,1,unet,3.0,520.0,521.0,2,188,0.3960433900356293,0.6556764841079712,3,173.33333333333334
truncation,1,unet,3.0,520.0,521.0,3,186,0.5537453293800354,0.6724485158920288,3,173.33333333333334
truncation,1,unet,3.0,520.0,521.0,4,186,0.5142223238945007,0.7020207047462463,3,173.33333333333334
truncation,1,unet,3.0,520.0,521.0,5,188,0.4417055547237396,0.7760038375854492,3,173.33333333333334
truncation,1,unet,3.0,5200.0,5200.0,0,1888,0.0246843472123146,0.5006799101829529,3,1733.3333333333333
truncation,1,unet,3.0,5200.0,5202.0,1,1885,0.0231953896582126,0.5119896531105042,3,1733.3333333333333
truncation,1,unet,3.0,5200.0,5202.0,2,1893,0.02587765827775,0.4645786881446838,3,1733.3333333333333
truncation,1,unet,3.0,5200.0,5200.0,3,1892,0.0228344481438398,0.4868221282958984,3,1733.3333333333333
truncation,1,unet,3.0,5200.0,5202.0,4,1904,0.0226985495537519,0.4605296850204468,3,1733.3333333333333
truncation,1,unet,3.0,5200.0,5202.0,5,1877,0.0229175854474306,0.4977339506149292,3,1733.3333333333333
truncation,1,unet,3.0,700.0,702.0,0,262,0.2473977953195572,0.5159082412719727,3,233.33333333333334
truncation,1,unet,3.0,700.0,702.0,1,259,0.2790147662162781,0.5482854843139648,3,233.33333333333334
truncation,1,unet,3.0,700.0,700.0,2,252,0.2945098280906677,0.564052402973175,3,233.33333333333334
truncation,1,unet,3.0,700.0,702.0,3,252,0.3862859904766083,0.5718886852264404,3,233.33333333333334
truncation,1,unet,3.0,700.0,702.0,4,251,0.337925523519516,0.5447598695755005,3,233.33333333333334
truncation,1,unet,3.0,700.0,700.0,5,256,0.2783688604831695,0.5884490609169006,3,233.33333333333334
truncation,1,unet,3.0,90.0,90.0,0,34,1.2815862894058228,9.530447006225586,3,30.0
truncation,1,unet,3.0,90.0,91.0,1,34,1.0657612085342407,4.567738056182861,3,30.0
truncation,1,unet,3.0,90.0,91.0,2,33,1.1272438764572144,7.9637980461120605,3,30.0
truncation,1,unet,3.0,90.0,91.0,3,34,0.9669263958930968,9.00693130493164,3,30.0
truncation,1,unet,3.0,90.0,90.0,4,32,0.8644671440124512,3.06280255317688,3,30.0
truncation,1,unet,3.0,90.0,91.0,5,32,1.0167721509933472,8.468017578125,3,30.0
truncation,1,unet,3.0,900.0,900.0,0,332,0.1624330878257751,0.5224056243896484,3,300.0
truncation,1,unet,3.0,900.0,900.0,1,329,0.1888176500797271,0.5168373584747314,3,300.0
truncation,1,unet,3.0,900.0,900.0,2,326,0.1992700845003128,0.5128501653671265,3,300.0
truncation,1,unet,3.0,900.0,900.0,3,325,0.2278234660625457,0.5201969742774963,3,300.0
truncation,1,unet,3.0,900.0,901.0,4,325,0.205422818660736,0.4847572147846222,3,300.0
truncation,1,unet,3.0,900.0,900.0,5,328,0.1935997605323791,0.5257640480995178,3,300.0
truncation,1,unet,3.0,9000.0,9000.0,0,3278,0.0192004200071096,0.5083669424057007,3,3000.0
truncation,1,unet,3.0,9000.0,9001.0,1,3279,0.0182984918355941,0.5219783782958984,3,3000.0
truncation,1,unet,3.0,9000.0,9001.0,2,3286,0.0187633018940687,0.4708825945854187,3,3000.0
truncation,1,unet,3.0,9000.0,9002.0,3,3283,0.0174104813486337,0.473172664642334,3,3000.0
truncation,1,unet,3.0,9000.0,9002.0,4,3281,0.017785582691431,0.4831220805644989,3,3000.0
truncation,1,unet,3.0,9000.0,9000.0,5,3255,0.0176730789244174,0.4975113570690155,3,3000.0
truncation,1,unet,5.0,1100.0,1101.0,0,378,0.1348168402910232,0.4936659932136535,3,366.6666666666667
truncation,1,unet,5.0,1100.0,1102.0,1,379,0.1348979920148849,0.5115600228309631,3,366.6666666666667
truncation,1,unet,5.0,1100.0,1102.0,2,378,0.133241981267929,0.505645215511322,3,366.6666666666667
truncation,1,unet,5.0,1100.0,1100.0,3,376,0.1596010476350784,0.5038729906082153,3,366.6666666666667
truncation,1,unet,5.0,1100.0,1100.0,4,375,0.1393532454967498,0.4935031831264496,3,366.6666666666667
truncation,1,unet,5.0,1100.0,1100.0,5,380,0.1326781213283538,0.5142105221748352,3,366.6666666666667
truncation,1,unet,5.0,1560.0,1561.0,0,535,0.0790281295776367,0.4917088449001312,3,520.0
truncation,1,unet,5.0,1560.0,1560.0,1,537,0.0760533958673477,0.5028156638145447,3,520.0
truncation,1,unet,5.0,1560.0,1561.0,2,535,0.0785974562168121,0.4891768395900726,3,520.0
truncation,1,unet,5.0,1560.0,1562.0,3,535,0.087541788816452,0.4805081784725189,3,520.0
truncation,1,unet,5.0,1560.0,1562.0,4,535,0.0783494338393211,0.4860363602638244,3,520.0
truncation,1,unet,5.0,1560.0,1560.0,5,536,0.0853685662150383,0.5052253007888794,3,520.0
truncation,1,unet,5.0,165.0,167.0,0,59,1.0878589153289795,6.902093410491943,3,55.0
truncation,1,unet,5.0,165.0,167.0,1,58,1.08462655544281,4.076864719390869,3,55.0
truncation,1,unet,5.0,165.0,167.0,2,57,1.042672038078308,3.8776779174804688,3,55.0
truncation,1,unet,5.0,165.0,165.0,3,57,0.925750732421875,6.225499153137207,3,55.0
truncation,1,unet,5.0,165.0,166.0,4,56,0.8386480808258057,2.7892491817474365,3,55.0
truncation,1,unet,5.0,165.0,165.0,5,57,0.9740204215049744,4.949459552764893,3,55.0
truncation,1,unet,5.0,16500.0,16501.0,0,5676,0.0178942214697599,0.5107454657554626,3,5500.0
truncation,1,unet,5.0,16500.0,16501.0,1,5678,0.0166888404637575,0.5319021344184875,3,5500.0
truncation,1,unet,5.0,16500.0,16500.0,2,5662,0.0152872512117028,0.4694840013980865,3,5500.0
truncation,1,unet,5.0,16500.0,16502.0,3,5671,0.0161161422729492,0.4829278588294983,3,5500.0
truncation,1,unet,5.0,16500.0,16500.0,4,5653,0.0149365328252315,0.4690219759941101,3,5500.0
truncation,1,unet,5.0,16500.0,16502.0,5,5655,0.0171006228774786,0.5103558897972107,3,5500.0
truncation,1,unet,5.0,1900.0,1902.0,0,650,0.0626731440424919,0.5026122331619263,3,633.3333333333334
truncation,1,unet,5.0,1900.0,1902.0,1,653,0.0576617941260337,0.5021082758903503,3,633.3333333333334
truncation,1,unet,5.0,1900.0,1902.0,2,651,0.0651889741420745,0.4758557081222534,3,633.3333333333334
truncation,1,unet,5.0,1900.0,1901.0,3,653,0.0603517219424247,0.4890812337398529,3,633.3333333333334
truncation,1,unet,5.0,1900.0,1901.0,4,651,0.0640757381916046,0.4729079604148865,3,633.3333333333334
truncation,1,unet,5.0,1900.0,1902.0,5,654,0.0652382895350456,0.4987955391407013,3,633.3333333333334
truncation,1,unet,5.0,30.0,32.0,0,11,1.3469889163970947,18.344934463500977,3,10.0
truncation,1,unet,5.0,30.0,32.0,1,11,1.5622085332870483,17.92833709716797,3,10.0
truncation,1,unet,5.0,30.0,30.0,2,10,1.3117740154266355,12.618719100952148,3,10.0
truncation,1,unet,5.0,30.0,32.0,3,11,1.1676478385925293,15.77294921875,3,10.0
truncation,1,unet,5.0,30.0,32.0,4,11,1.0097781419754028,13.833110809326172,3,10.0
truncation,1,unet,5.0,30.0,32.0,5,11,1.2041168212890625,19.370792388916016,3,10.0
truncation,1,unet,5.0,300.0,300.0,0,106,0.867168128490448,2.67354154586792,3,100.0
truncation,1,unet,5.0,300.0,302.0,1,104,0.77347332239151,1.4458242654800415,3,100.0
truncation,1,unet,5.0,300.0,302.0,2,102,0.7950546145439148,1.1950781345367432,3,100.0
truncation,1,unet,5.0,300.0,300.0,3,103,0.7507485747337341,1.7335755825042725,3,100.0
truncation,1,unet,5.0,300.0,302.0,4,102,0.6296297311782837,0.8648228049278259,3,100.0
truncation,1,unet,5.0,300.0,301.0,5,104,0.7686782479286194,2.7069108486175537,3,100.0
truncation,1,unet,5.0,3000.0,3000.0,0,1026,0.0321646034717559,0.5035971999168396,3,1000.0
truncation,1,unet,5.0,3000.0,3000.0,1,1027,0.0328688584268093,0.5151494741439819,3,1000.0
truncation,1,unet,5.0,3000.0,3001.0,2,1027,0.0407005436718463,0.4756450653076172,3,1000.0
truncation,1,unet,5.0,3000.0,3001.0,3,1033,0.0355803184211254,0.4878051280975342,3,1000.0
truncation,1,unet,5.0,3000.0,3001.0,4,1031,0.0329403616487979,0.4817147850990295,3,1000.0
truncation,1,unet,5.0,3000.0,3000.0,5,1028,0.0372316762804985,0.4898438155651092,3,1000.0
truncation,1,unet,5.0,30000.0,30000.0,0,10315,0.0164396334439516,0.5220076441764832,3,10000.0
truncation,1,unet,5.0,30000.0,30001.0,1,10306,0.0160245131701231,0.5233184099197388,3,10000.0
truncation,1,unet,5.0,30000.0,30001.0,2,10292,0.0151156084612011,0.4701870381832123,3,10000.0
truncation,1,unet,5.0,30000.0,30002.0,3,10319,0.0155940819531679,0.4920088052749634,3,10000.0
truncation,1,unet,5.0,30000.0,30001.0,4,10291,0.0151767265051603,0.4718948304653168,3,10000.0
truncation,1,unet,5.0,30000.0,30001.0,5,10291,0.016495868563652,0.4927699863910675,3,10000.0
truncation,1,unet,5.0,400.0,400.0,0,140,0.7226574420928955,1.0658016204833984,3,133.33333333333334
truncation,1,unet,5.0,400.0,400.0,1,138,0.6808008551597595,0.9971542358398438,3,133.33333333333334
truncation,1,unet,5.0,400.0,401.0,2,137,0.6827293038368225,1.1518311500549316,3,133.33333333333334
truncation,1,unet,5.0,400.0,402.0,3,138,0.6874902248382568,1.1829997301101685,3,133.33333333333334
truncation,1,unet,5.0,400.0,401.0,4,136,0.5953901410102844,0.8702701926231384,3,133.33333333333334
truncation,1,unet,5.0,400.0,400.0,5,138,0.6706186532974243,1.428440809249878,3,133.33333333333334
truncation,1,unet,5.0,52.0,52.0,0,18,1.4635496139526367,15.878902435302734,3,17.333333333333332
truncation,1,unet,5.0,52.0,53.0,1,18,1.1811407804489136,13.49886417388916,3,17.333333333333332
truncation,1,unet,5.0,52.0,52.0,2,18,1.3684751987457275,14.529796600341797,3,17.333333333333332
truncation,1,unet,5.0,52.0,53.0,3,18,1.139406442642212,16.085012435913086,3,17.333333333333332
truncation,1,unet,5.0,52.0,53.0,4,18,1.0955102443695068,15.049077033996582,3,17.333333333333332
truncation,1,unet,5.0,52.0,53.0,5,18,1.1202952861785889,14.366808891296388,3,17.333333333333332
truncation,1,unet,5.0,520.0,521.0,0,181,0.5159491896629333,0.6958801746368408,3,173.33333333333334
truncation,1,unet,5.0,520.0,521.0,1,179,0.5584766864776611,0.7471984624862671,3,173.33333333333334
truncation,1,unet,5.0,520.0,520.0,2,178,0.4583215713500976,0.7579385042190552,3,173.33333333333334
truncation,1,unet,5.0,520.0,522.0,3,178,0.5337274074554443,0.6733213663101196,3,173.33333333333334
truncation,1,unet,5.0,520.0,521.0,4,176,0.5425371527671814,0.7507912516593933,3,173.33333333333334
truncation,1,unet,5.0,520.0,520.0,5,179,0.4710990786552429,0.8647871017456055,3,173.33333333333334
truncation,1,unet,5.0,5200.0,5201.0,0,1784,0.0238635335117578,0.4989393651485443,3,1733.3333333333333
truncation,1,unet,5.0,5200.0,5201.0,1,1781,0.0245341584086418,0.5192533135414124,3,1733.3333333333333
truncation,1,unet,5.0,5200.0,5202.0,2,1783,0.0261877458542585,0.4615831673145294,3,1733.3333333333333
truncation,1,unet,5.0,5200.0,5200.0,3,1788,0.0224288310855627,0.486231654882431,3,1733.3333333333333
truncation,1,unet,5.0,5200.0,5202.0,4,1784,0.0226889718323946,0.464585930109024,3,1733.3333333333333
truncation,1,unet,5.0,5200.0,5202.0,5,1778,0.0216475315392017,0.4993760585784912,3,1733.3333333333333
truncation,1,unet,5.0,700.0,701.0,0,243,0.2938585579395294,0.5317934155464172,3,233.33333333333334
truncation,1,unet,5.0,700.0,702.0,1,243,0.2710818946361542,0.5574643611907959,3,233.33333333333334
truncation,1,unet,5.0,700.0,702.0,2,240,0.2929419279098511,0.5428282022476196,3,233.33333333333334
truncation,1,unet,5.0,700.0,701.0,3,239,0.4207161664962768,0.5750364661216736,3,233.33333333333334
truncation,1,unet,5.0,700.0,701.0,4,237,0.3522643148899078,0.5550140738487244,3,233.33333333333334
truncation,1,unet,5.0,700.0,700.0,5,242,0.2936025857925415,0.6165447235107422,3,233.33333333333334
truncation,1,unet,5.0,90.0,92.0,0,32,1.2332916259765625,10.094868659973145,3,30.0
truncation,1,unet,5.0,90.0,90.0,1,31,1.179882287979126,5.920907974243164,3,30.0
truncation,1,unet,5.0,90.0,91.0,2,31,1.336018681526184,8.191486358642578,3,30.0
truncation,1,unet,5.0,90.0,92.0,3,32,0.9957379102706908,8.814119338989258,3,30.0
truncation,1,unet,5.0,90.0,92.0,4,31,1.1131433248519895,5.694465637207031,3,30.0
truncation,1,unet,5.0,90.0,91.0,5,31,1.0527637004852295,9.26784324645996,3,30.0
truncation,1,unet,5.0,900.0,901.0,0,311,0.1703354567289352,0.5246102809906006,3,300.0
truncation,1,unet,5.0,900.0,901.0,1,310,0.193899467587471,0.5345081090927124,3,300.0
truncation,1,unet,5.0,900.0,902.0,2,309,0.1950114220380783,0.5197707414627075,3,300.0
truncation,1,unet,5.0,900.0,901.0,3,308,0.2556314468383789,0.5219692587852478,3,300.0
truncation,1,unet,5.0,900.0,901.0,4,307,0.2031625658273697,0.5101303458213806,3,300.0
truncation,1,unet,5.0,900.0,902.0,5,313,0.1954813003540039,0.5208610892295837,3,300.0
truncation,1,unet,5.0,9000.0,9000.0,0,3095,0.0185267645865678,0.4961000680923462,3,3000.0
truncation,1,unet,5.0,9000.0,9001.0,1,3094,0.0181407742202281,0.5257190465927124,3,3000.0
truncation,1,unet,5.0,9000.0,9002.0,2,3088,0.0177775751799345,0.4707446992397308,3,3000.0
truncation,1,unet,5.0,9000.0,9000.0,3,3098,0.01834955252707,0.4810903370380401,3,3000.0
truncation,1,unet,5.0,9000.0,9002.0,4,3085,0.0180053059011697,0.4553965926170349,3,3000.0
truncation,1,unet,5.0,9000.0,9000.0,5,3077,0.0184034034609794,0.5063332319259644,3,3000.0
truncation,2,unet,-0.5,21000.0,21001.0,0,5723,0.0215094629675149,0.0864230319857597,7,3000.0
truncation,2,unet,-0.5,21000.0,21002.0,1,5685,0.0218752920627594,0.090527631342411,7,3000.0
truncation,2,unet,-0.5,21000.0,21001.0,2,5701,0.019727773964405,0.0897240117192268,7,3000.0
truncation,2,unet,-0.5,21000.0,21003.0,3,5678,0.0226571131497621,0.0882932841777801,7,3000.0
truncation,2,unet,-0.5,21000.0,21002.0,4,5754,0.0213725417852401,0.0850981697440147,7,3000.0
truncation,2,unet,-0.5,21000.0,21005.0,5,5726,0.0235377475619316,0.0909368470311164,7,3000.0
truncation,2,unet,-1.0,2100.0,2100.0,0,609,0.1113526672124862,0.0937251821160316,7,300.0
truncation,2,unet,-1.0,2100.0,2102.0,1,610,0.117081880569458,0.0950747951865196,7,300.0
truncation,2,unet,-1.0,2100.0,2104.0,2,616,0.1069237142801284,0.0968402177095413,7,300.0
truncation,2,unet,-1.0,2100.0,2101.0,3,603,0.1156398579478263,0.0971410349011421,7,300.0
truncation,2,unet,-1.0,2100.0,2101.0,4,648,0.1050279811024665,0.0912063494324684,7,300.0
truncation,2,unet,-1.0,2100.0,2103.0,5,637,0.1013493835926055,0.0992357432842254,7,300.0
truncation,2,unet,-1.0,21000.0,21000.0,0,6298,0.0208270214498043,0.0863371044397354,7,3000.0
truncation,2,unet,-1.0,21000.0,21004.0,1,6221,0.0217177048325538,0.0905040800571441,7,3000.0
truncation,2,unet,-1.0,21000.0,21001.0,2,6246,0.0192241538316011,0.0863265767693519,7,3000.0
truncation,2,unet,-1.0,21000.0,21000.0,3,6215,0.0221361964941024,0.088898167014122,7,3000.0
truncation,2,unet,-1.0,21000.0,21002.0,4,6298,0.0206360891461372,0.0826643332839012,7,3000.0
truncation,2,unet,-1.0,21000.0,21002.0,5,6311,0.0225184578448534,0.0898636877536773,7,3000.0
truncation,2,unet,-1.0,70.0,74.0,0,21,1.0061029195785522,0.8169352412223816,7,10.0
truncation,2,unet,-1.0,70.0,70.0,1,20,0.8440765738487244,0.5637969374656677,7,10.0
truncation,2,unet,-1.0,70.0,73.0,2,24,0.8759126663208008,0.5608607530593872,7,10.0
truncation,2,unet,-1.0,70.0,73.0,3,19,0.7040106058120728,0.3746756613254547,7,10.0
truncation,2,unet,-1.0,70.0,70.0,4,23,1.0031155347824097,0.8993687033653259,7,10.0
truncation,2,unet,-1.0,70.0,72.0,5,19,0.8458749055862427,0.7076353430747986,7,10.0
truncation,2,unet,-1.0,700.0,701.0,0,208,0.4813792407512665,0.10917629301548,7,100.0
truncation,2,unet,-1.0,700.0,704.0,1,206,0.2970749735832214,0.119543470442295,7,100.0
truncation,2,unet,-1.0,700.0,701.0,2,214,0.323846161365509,0.1074397638440132,7,100.0
truncation,2,unet,-1.0,700.0,700.0,3,188,0.5211268067359924,0.133843719959259,7,100.0
truncation,2,unet,-1.0,700.0,700.0,4,210,0.439074844121933,0.1231105178594589,7,100.0
truncation,2,unet,-1.0,700.0,702.0,5,210,0.2960502207279205,0.1197532415390014,7,100.0
truncation,2,unet,-1.0,7000.0,7001.0,0,2053,0.0448789186775684,0.0894752666354179,7,1000.0
truncation,2,unet,-1.0,7000.0,7001.0,1,2056,0.048575859516859,0.0926666781306266,7,1000.0
truncation,2,unet,-1.0,7000.0,7001.0,2,2066,0.0478411763906478,0.0922268405556678,7,1000.0
truncation,2,unet,-1.0,7000.0,7005.0,3,2063,0.0512773171067237,0.0918711274862289,7,1000.0
truncation,2,unet,-1.0,7000.0,7002.0,4,2157,0.0470607541501522,0.0847185477614402,7,1000.0
truncation,2,unet,-1.0,7000.0,7002.0,5,2081,0.046005692332983,0.091675691306591,7,1000.0
truncation,2,unet,-1.0,70000.0,70000.0,0,20700,0.0179294776171445,0.0854236036539077,7,10000.0
truncation,2,unet,-1.0,70000.0,70003.0,1,20945,0.0189976766705513,0.0903718918561935,7,10000.0
truncation,2,unet,-1.0,70000.0,70003.0,2,20872,0.0179456565529108,0.0883917212486267,7,10000.0
truncation,2,unet,-1.0,70000.0,70002.0,3,20815,0.0187849923968315,0.0885259583592414,7,10000.0
truncation,2,unet,-1.0,70000.0,70000.0,4,21014,0.0178138092160224,0.0800947397947311,7,10000.0
truncation,2,unet,-1.0,70000.0,70005.0,5,20913,0.0179610420018434,0.0883349180221557,7,10000.0
truncation,2,unet,-10.0,70.0,70.0,0,54,0.7999320030212402,0.5305022597312927,7,10.0
truncation,2,unet,-10.0,70.0,70.0,1,58,0.7324941754341125,0.2667129933834076,7,10.0
truncation,2,unet,-10.0,70.0,70.0,2,60,0.752703845500946,0.3769720494747162,7,10.0
truncation,2,unet,-10.0,70.0,70.0,3,54,0.7187408208847046,0.4418888688087463,7,10.0
truncation,2,unet,-10.0,70.0,70.0,4,57,0.723386824131012,0.3827911913394928,7,10.0
truncation,2,unet,-10.0,70.0,70.0,5,54,0.7078396677970886,0.3817209601402282,7,10.0
truncation,2,unet,-10.0,700.0,700.0,0,563,0.1678013801574707,0.1053253337740898,7,100.0
truncation,2,unet,-10.0,700.0,700.0,1,564,0.1601200699806213,0.1062545925378799,7,100.0
truncation,2,unet,-10.0,700.0,702.0,2,572,0.1716242879629135,0.114290714263916,7,100.0
truncation,2,unet,-10.0,700.0,700.0,3,547,0.1805845648050308,0.1059865355491638,7,100.0
truncation,2,unet,-10.0,700.0,700.0,4,572,0.1486969888210296,0.1135660707950592,7,100.0
truncation,2,unet,-10.0,700.0,700.0,5,582,0.1497703343629837,0.1120154932141304,7,100.0
truncation,2,unet,-2.0,2100.0,2100.0,0,732,0.0991652831435203,0.0923231095075607,7,300.0
truncation,2,unet,-2.0,2100.0,2102.0,1,730,0.0999644249677658,0.0944254398345947,7,300.0
truncation,2,unet,-2.0,2100.0,2100.0,2,741,0.102470263838768,0.093709759414196,7,300.0
truncation,2,unet,-2.0,2100.0,2100.0,3,739,0.0956598296761512,0.0960346460342407,7,300.0
truncation,2,unet,-2.0,2100.0,2101.0,4,799,0.0948656797409057,0.0933955386281013,7,300.0
truncation,2,unet,-2.0,2100.0,2103.0,5,767,0.0881287008523941,0.0996719226241111,7,300.0
truncation,2,unet,-2.0,21000.0,21000.0,0,7563,0.019831208512187,0.0872208923101425,7,3000.0
truncation,2,unet,-2.0,21000.0,21001.0,1,7505,0.0208226721733808,0.0921069011092186,7,3000.0
truncation,2,unet,-2.0,21000.0,21001.0,2,7516,0.0188168995082378,0.0894325152039527,7,3000.0
truncation,2,unet,-2.0,21000.0,21001.0,3,7510,0.0216448307037353,0.0898212492465972,7,3000.0
truncation,2,unet,-2.0,21000.0,21002.0,4,7565,0.019631803035736,0.0833513215184211,7,3000.0
truncation,2,unet,-2.0,21000.0,21001.0,5,7649,0.0206667277961969,0.0903872475028038,7,3000.0
truncation,2,unet,-2.0,7000.0,7001.0,0,2497,0.0399297103285789,0.0900532901287078,7,1000.0
truncation,2,unet,-2.0,7000.0,7001.0,1,2491,0.0432770997285842,0.0933491960167884,7,1000.0
truncation,2,unet,-2.0,7000.0,7002.0,2,2500,0.0391095615923404,0.0895553156733512,7,1000.0
truncation,2,unet,-2.0,7000.0,7002.0,3,2490,0.0430578701198101,0.0920438468456268,7,1000.0
truncation,2,unet,-2.0,7000.0,7000.0,4,2581,0.0396611839532852,0.086793728172779,7,1000.0
truncation,2,unet,-2.0,7000.0,7001.0,5,2523,0.0409403517842292,0.0923925787210464,7,1000.0
truncation,2,unet,-20.0,2100.0,2100.0,0,2028,0.1543101519346237,0.108902484178543,7,300.0
truncation,2,unet,-20.0,2100.0,2100.0,1,2036,0.1736340522766113,0.1150983050465583,7,300.0
truncation,2,unet,-20.0,2100.0,2100.0,2,2019,0.160165250301361,0.1205213516950607,7,300.0
truncation,2,unet,-20.0,2100.0,2100.0,3,2023,0.1879344284534454,0.1169777736067771,7,300.0
truncation,2,unet,-20.0,2100.0,2100.0,4,2029,0.1415558457374572,0.1127135083079338,7,300.0
truncation,2,unet,-20.0,2100.0,2100.0,5,2040,0.171490803360939,0.1157698705792427,7,300.0
truncation,2,unet,-20.0,21000.0,21000.0,0,20183,0.1189570426940918,0.108825147151947,7,3000.0
truncation,2,unet,-20.0,21000.0,21000.0,1,20239,0.1309323459863662,0.1071561872959137,7,3000.0
truncation,2,unet,-20.0,21000.0,21000.0,2,20295,0.153967872262001,0.1276653110980987,7,3000.0
truncation,2,unet,-20.0,21000.0,21000.0,3,20218,0.1464016437530517,0.1096703857183456,7,3000.0
truncation,2,unet,-20.0,21000.0,21000.0,4,20203,0.1312329769134521,0.1173693835735321,7,3000.0
truncation,2,unet,-20.0,21000.0,21000.0,5,20274,0.1185353323817253,0.1094149723649025,7,3000.0
truncation,2,unet,-20.0,70.0,70.0,0,65,0.727333664894104,0.4399982988834381,7,10.0
truncation,2,unet,-20.0,70.0,70.0,1,68,0.7309498190879822,0.2349269986152649,7,10.0
truncation,2,unet,-20.0,70.0,70.0,2,70,0.7313375473022461,0.3980969786643982,7,10.0
truncation,2,unet,-20.0,70.0,70.0,3,66,0.6930738687515259,0.3609255254268646,7,10.0
truncation,2,unet,-20.0,70.0,70.0,4,67,0.7017542123794556,0.4420275688171386,7,10.0
truncation,2,unet,-20.0,70.0,70.0,5,67,0.6845234036445618,0.3697207570075989,7,10.0
truncation,2,unet,-20.0,700.0,700.0,0,678,0.2024053186178207,0.113074779510498,7,100.0
truncation,2,unet,-20.0,700.0,700.0,1,674,0.2084151953458786,0.1155254319310188,7,100.0
truncation,2,unet,-20.0,700.0,700.0,2,677,0.2164940237998962,0.1246516406536102,7,100.0
truncation,2,unet,-20.0,700.0,700.0,3,672,0.2175424844026565,0.1188823506236076,7,100.0
truncation,2,unet,-20.0,700.0,700.0,4,680,0.1812263578176498,0.1260444968938827,7,100.0
truncation,2,unet,-20.0,700.0,700.0,5,680,0.2057593166828155,0.1198141649365425,7,100.0
truncation,2,unet,-20.0,7000.0,7000.0,0,6745,0.1258241087198257,0.1066395714879036,7,1000.0
truncation,2,unet,-20.0,7000.0,7000.0,1,6756,0.1478820145130157,0.1105055212974548,7,1000.0
truncation,2,unet,-20.0,7000.0,7000.0,2,6776,0.1473371833562851,0.1235972493886947,7,1000.0
truncation,2,unet,-20.0,7000.0,7000.0,3,6720,0.1470721215009689,0.1112411096692085,7,1000.0
truncation,2,unet,-20.0,7000.0,7000.0,4,6744,0.1374470442533493,0.1138910353183746,7,1000.0
truncation,2,unet,-20.0,7000.0,7000.0,5,6773,0.1407292783260345,0.1111192777752876,7,1000.0
truncation,2,unet,-20.0,70000.0,70000.0,0,67407,0.1156649962067604,0.106915183365345,7,10000.0
truncation,2,unet,-20.0,70000.0,70000.0,1,67543,0.1377743929624557,0.1061812117695808,7,10000.0
truncation,2,unet,-20.0,70000.0,70000.0,2,67587,0.1570562571287155,0.1245159059762954,7,10000.0
truncation,2,unet,-20.0,70000.0,70000.0,3,67455,0.1463598012924194,0.1098335683345794,7,10000.0
truncation,2,unet,-20.0,70000.0,70000.0,4,67459,0.1367204040288925,0.1164714246988296,7,10000.0
truncation,2,unet,-20.0,70000.0,70000.0,5,67466,0.1194564700126648,0.1098954007029533,7,10000.0
truncation,2,unet,-3.0,2100.0,2100.0,0,872,0.0866051167249679,0.0927552655339241,7,300.0
truncation,2,unet,-3.0,2100.0,2103.0,1,869,0.0911644995212555,0.0946139767765998,7,300.0
truncation,2,unet,-3.0,2100.0,2100.0,2,889,0.0959516018629074,0.0944142490625381,7,300.0
truncation,2,unet,-3.0,2100.0,2102.0,3,878,0.0890117436647415,0.0961372330784797,7,300.0
truncation,2,unet,-3.0,2100.0,2100.0,4,948,0.0849694013595581,0.0913270711898803,7,300.0
truncation,2,unet,-3.0,2100.0,2101.0,5,925,0.0812464281916618,0.1002347841858863,7,300.0
truncation,2,unet,-3.0,7000.0,7000.0,0,2986,0.0343020521104335,0.0916779488325119,7,1000.0
truncation,2,unet,-3.0,7000.0,7001.0,1,2991,0.0392170809209346,0.0946766510605812,7,1000.0
truncation,2,unet,-3.0,7000.0,7003.0,2,2993,0.0363845042884349,0.0927813351154327,7,1000.0
truncation,2,unet,-3.0,7000.0,7001.0,3,2978,0.0383754782378673,0.0922051966190338,7,1000.0
truncation,2,unet,-3.0,7000.0,7004.0,4,3047,0.034461572766304,0.0878299474716186,7,1000.0
truncation,2,unet,-3.0,7000.0,7002.0,5,3046,0.0326226390898227,0.0934071391820907,7,1000.0
truncation,2,unet,-5.0,2100.0,2100.0,0,1174,0.0760878473520279,0.0945517048239708,7,300.0
truncation,2,unet,-5.0,2100.0,2100.0,1,1189,0.0734436884522438,0.0955684632062912,7,300.0
truncation,2,unet,-5.0,2100.0,2100.0,2,1190,0.0873798504471778,0.097193531692028,7,300.0
truncation,2,unet,-5.0,2100.0,2100.0,3,1175,0.0772258788347244,0.0988019704818725,7,300.0
truncation,2,unet,-5.0,2100.0,2100.0,4,1232,0.0762755200266838,0.0929851159453392,7,300.0
truncation,2,unet,-5.0,2100.0,2100.0,5,1211,0.0719140022993087,0.1022342443466186,7,300.0
truncation,2,unet,-5.0,21000.0,21000.0,0,11974,0.0228674802929162,0.0909221619367599,7,3000.0
truncation,2,unet,-5.0,21000.0,21000.0,1,11988,0.0220968965440988,0.0934885963797569,7,3000.0
truncation,2,unet,-5.0,21000.0,21000.0,2,11968,0.0227572564035654,0.0935542434453964,7,3000.0
truncation,2,unet,-5.0,21000.0,21000.0,3,11904,0.0236367862671613,0.0947689786553382,7,3000.0
truncation,2,unet,-5.0,21000.0,21000.0,4,11970,0.0227403994649648,0.0890088081359863,7,3000.0
truncation,2,unet,-5.0,21000.0,21000.0,5,12024,0.0229888763278722,0.0952200293540954,7,3000.0
truncation,2,unet,-5.0,70.0,71.0,0,38,0.8282002210617065,0.4610959887504577,7,10.0
truncation,2,unet,-5.0,70.0,70.0,1,40,0.7841438055038452,0.3293593525886535,7,10.0
truncation,2,unet,-5.0,70.0,70.0,2,39,0.7647417783737183,0.3599715232849121,7,10.0
truncation,2,unet,-5.0,70.0,70.0,3,37,0.7398654222488403,0.3696202039718628,7,10.0
truncation,2,unet,-5.0,70.0,70.0,4,39,0.7678373456001282,0.580996572971344,7,10.0
truncation,2,unet,-5.0,70.0,71.0,5,38,0.6153437495231628,0.231148675084114,7,10.0
truncation,2,unet,-5.0,700.0,701.0,0,395,0.2077197581529617,0.1019721403717994,7,100.0
truncation,2,unet,-5.0,700.0,703.0,1,409,0.2188880741596222,0.1001320257782936,7,100.0
truncation,2,unet,-5.0,700.0,700.0,2,411,0.2020725607872009,0.1061230599880218,7,100.0
truncation,2,unet,-5.0,700.0,705.0,3,367,0.289743036031723,0.1052215918898582,7,100.0
truncation,2,unet,-5.0,700.0,703.0,4,409,0.1979742050170898,0.1066911295056343,7,100.0
truncation,2,unet,-5.0,700.0,701.0,5,420,0.152891531586647,0.1145536005496978,7,100.0
truncation,2,unet,-5.0,7000.0,7000.0,0,3979,0.0318627953529357,0.0921343564987182,7,1000.0
truncation,2,unet,-5.0,7000.0,7000.0,1,3974,0.0314323529601097,0.0971619561314582,7,1000.0
truncation,2,unet,-5.0,7000.0,7002.0,2,3989,0.0328204147517681,0.0952719449996948,7,1000.0
truncation,2,unet,-5.0,7000.0,7000.0,3,3922,0.0330331921577453,0.0981749519705772,7,1000.0
truncation,2,unet,-5.0,7000.0,7001.0,4,4023,0.0302388854324817,0.0894180461764335,7,1000.0
truncation,2,unet,-5.0,7000.0,7000.0,5,4043,0.0310780797153711,0.0960511490702629,7,1000.0
truncation,2,unet,-5.0,70000.0,70003.0,0,39890,0.0221271645277738,0.0894492715597152,7,10000.0
truncation,2,unet,-5.0,70000.0,70004.0,1,39978,0.0215464942157268,0.0925801619887352,7,10000.0
truncation,2,unet,-5.0,70000.0,70001.0,2,40156,0.0224664770066738,0.0912873372435569,7,10000.0
truncation,2,unet,-5.0,70000.0,70001.0,3,39770,0.021491540595889,0.0935449972748756,7,10000.0
truncation,2,unet,-5.0,70000.0,70000.0,4,40080,0.0215430185198783,0.0886102244257927,7,10000.0
truncation,2,unet,-5.0,70000.0,70000.0,5,40009,0.0215249322354793,0.0945739522576332,7,10000.0
truncation,2,unet,-7.0,70.0,70.0,0,45,0.8171095252037048,0.5514938235282898,7,10.0
truncation,2,unet,-7.0,70.0,71.0,1,46,0.7535603046417236,0.3233301341533661,7,10.0
truncation,2,unet,-7.0,70.0,70.0,2,51,0.7576692700386047,0.3637734055519104,7,10.0
truncation,2,unet,-7.0,70.0,72.0,3,45,0.7478204369544983,0.4860548675060272,7,10.0
truncation,2,unet,-7.0,70.0,70.0,4,48,0.7524052858352661,0.4926206469535827,7,10.0
truncation,2,unet,-7.0,70.0,70.0,5,48,0.7526041865348816,0.4532292187213897,7,10.0
truncation,2,unet,-7.0,700.0,700.0,0,474,0.1760621070861816,0.1025090217590332,7,100.0
truncation,2,unet,-7.0,700.0,700.0,1,467,0.1808717250823974,0.1022512316703796,7,100.0
truncation,2,unet,-7.0,700.0,701.0,2,493,0.1712064445018768,0.1097292080521583,7,100.0
truncation,2,unet,-7.0,700.0,701.0,3,455,0.2011745274066925,0.1052157208323478,7,100.0
truncation,2,unet,-7.0,700.0,700.0,4,478,0.1686461269855499,0.1064344868063926,7,100.0
truncation,2,unet,-7.0,700.0,700.0,5,509,0.1347827017307281,0.111113466322422,7,100.0
truncation,2,unet,0.0,100.0,102.0,1,24,0.8257307410240173,0.549114465713501,7,14.285714285714286
truncation,2,unet,0.0,100.0,103.0,2,26,0.8707953691482544,0.6845739483833313,7,14.285714285714286
truncation,2,unet,0.0,100.0,102.0,3,24,0.7860510349273682,0.4064712524414062,7,14.285714285714286
truncation,2,unet,0.0,100.0,102.0,4,27,0.7987942099571228,0.5351948142051697,7,14.285714285714286
truncation,2,unet,0.0,100.0,102.0,5,22,0.7937023639678955,0.6508718132972717,7,14.285714285714286
truncation,2,unet,0.0,2100.0,2104.0,0,512,0.126701220870018,0.0950366035103797,7,300.0
truncation,2,unet,0.0,2100.0,2105.0,1,514,0.1306902021169662,0.0961695462465286,7,300.0
truncation,2,unet,0.0,2100.0,2105.0,2,517,0.1156795769929885,0.1042573153972625,7,300.0
truncation,2,unet,0.0,2100.0,2100.0,3,505,0.1387245506048202,0.0965703949332237,7,300.0
truncation,2,unet,0.0,2100.0,2103.0,4,534,0.1209453865885734,0.0915857702493667,7,300.0
truncation,2,unet,0.0,2100.0,2103.0,5,535,0.1106785386800766,0.0992655530571937,7,300.0
truncation,2,unet,0.0,21000.0,21001.0,0,5262,0.0221193730831146,0.0868922844529151,7,3000.0
truncation,2,unet,0.0,21000.0,21001.0,1,5220,0.0227542985230684,0.0901136398315429,7,3000.0
truncation,2,unet,0.0,21000.0,21005.0,2,5217,0.0207349676638841,0.0888508185744285,7,3000.0
truncation,2,unet,0.0,21000.0,21001.0,3,5225,0.0236974358558654,0.0892557501792907,7,3000.0
truncation,2,unet,0.0,21000.0,21000.0,4,5276,0.021857151761651,0.0818486511707305,7,3000.0
truncation,2,unet,0.0,21000.0,21001.0,5,5247,0.0238506738096475,0.0896760448813438,7,3000.0
truncation,2,unet,0.0,70.0,70.0,0,16,0.8705732822418213,0.4647873938083648,7,10.0
truncation,2,unet,0.0,70.0,73.0,1,17,0.8643189072608948,0.6060299873352051,7,10.0
truncation,2,unet,0.0,70.0,72.0,2,21,0.9265145659446716,0.7299895882606506,7,10.0
truncation,2,unet,0.0,70.0,70.0,3,16,0.9546217322349548,0.435757040977478,7,10.0
truncation,2,unet,0.0,70.0,70.0,4,19,1.0669231414794922,1.003106713294983,7,10.0
truncation,2,unet,0.0,70.0,71.0,5,16,0.8439032435417175,0.6743501424789429,7,10.0
truncation,2,unet,0.0,700.0,705.0,0,177,0.5430025458335876,0.1420064568519592,7,100.0
truncation,2,unet,0.0,700.0,705.0,1,170,0.5891414284706116,0.1299565881490707,7,100.0
truncation,2,unet,0.0,700.0,701.0,2,181,0.5484169125556946,0.1392189264297485,7,100.0
truncation,2,unet,0.0,700.0,703.0,3,160,0.5577729344367981,0.1529102474451065,7,100.0
truncation,2,unet,0.0,700.0,700.0,4,173,0.4976457953453064,0.1521929204463958,7,100.0
truncation,2,unet,0.0,700.0,703.0,5,178,0.4731553494930267,0.1437755674123764,7,100.0
truncation,2,unet,0.0,7000.0,7003.0,0,1725,0.0501571372151374,0.08836480230093,7,1000.0
truncation,2,unet,0.0,7000.0,7001.0,1,1716,0.0551241375505924,0.0941883102059364,7,1000.0
truncation,2,unet,0.0,7000.0,7001.0,2,1728,0.0516159571707248,0.0902098268270492,7,1000.0
truncation,2,unet,0.0,7000.0,7002.0,3,1729,0.0560427755117416,0.0915724262595176,7,1000.0
truncation,2,unet,0.0,7000.0,7001.0,4,1796,0.0545097440481185,0.0869567841291427,7,1000.0
truncation,2,unet,0.0,7000.0,7005.0,5,1734,0.05103100836277,0.0924723818898201,7,1000.0
truncation,2,unet,0.0,70000.0,70000.0,0,17356,0.0179631095379591,0.0850857272744178,7,10000.0
truncation,2,unet,0.0,70000.0,70001.0,1,17582,0.0188537370413541,0.0887779220938682,7,10000.0
truncation,2,unet,0.0,70000.0,70000.0,2,17403,0.0178730357438325,0.0879433527588844,7,10000.0
truncation,2,unet,0.0,70000.0,70000.0,3,17472,0.0185055863112211,0.0874116122722625,7,10000.0
truncation,2,unet,0.0,70000.0,70001.0,4,17543,0.0174329038709402,0.0805035009980201,7,10000.0
truncation,2,unet,0.0,70000.0,70001.0,5,17495,0.0177591629326343,0.0888770818710327,7,10000.0
truncation,2,unet,1.0,2100.0,2101.0,0,448,0.1403815150260925,0.0969590246677398,7,300.0
truncation,2,unet,1.0,2100.0,2104.0,1,452,0.1398412734270095,0.0980345904827117,7,300.0
truncation,2,unet,1.0,2100.0,2102.0,2,449,0.1394627690315246,0.0975601524114608,7,300.0
truncation,2,unet,1.0,2100.0,2101.0,3,436,0.1649909019470214,0.0981304123997688,7,300.0
truncation,2,unet,1.0,2100.0,2100.0,4,455,0.1457397937774658,0.0948279425501823,7,300.0
truncation,2,unet,1.0,2100.0,2102.0,5,457,0.1297321915626526,0.1011417955160141,7,300.0
truncation,2,unet,1.0,21000.0,21002.0,0,4529,0.0231604874134063,0.0876790583133697,7,3000.0
truncation,2,unet,1.0,21000.0,21004.0,1,4529,0.0252701845020055,0.0898034274578094,7,3000.0
truncation,2,unet,1.0,21000.0,21001.0,2,4502,0.0221198499202728,0.0896302387118339,7,3000.0
truncation,2,unet,1.0,21000.0,21000.0,3,4487,0.0268093105405569,0.0894927754998207,7,3000.0
truncation,2,unet,1.0,21000.0,21002.0,4,4527,0.0234534665942192,0.0834952592849731,7,3000.0
truncation,2,unet,1.0,21000.0,21002.0,5,4496,0.0254219528287649,0.0903800204396247,7,3000.0
truncation,2,unet,1.0,70.0,73.0,0,14,1.0683162212371826,1.07252299785614,7,10.0
truncation,2,unet,1.0,70.0,75.0,1,15,0.9136604070663452,0.4152281880378723,7,10.0
truncation,2,unet,1.0,70.0,74.0,2,18,1.0209414958953855,0.8796371221542358,7,10.0
truncation,2,unet,1.0,70.0,72.0,3,14,0.8510208129882812,0.5021582245826721,7,10.0
truncation,2,unet,1.0,70.0,76.0,4,18,0.9608132243156432,0.8336042761802673,7,10.0
truncation,2,unet,1.0,70.0,70.0,5,14,0.8576571345329285,0.7034595608711243,7,10.0
truncation,2,unet,1.0,700.0,702.0,0,156,0.5707557797431946,0.1542922109365463,7,100.0
truncation,2,unet,1.0,700.0,702.0,1,150,0.6221403479576111,0.1417227834463119,7,100.0
truncation,2,unet,1.0,700.0,700.0,2,154,0.5990484356880188,0.173143208026886,7,100.0
truncation,2,unet,1.0,700.0,702.0,3,141,0.598821759223938,0.1595392525196075,7,100.0
truncation,2,unet,1.0,700.0,700.0,4,150,0.5410569310188293,0.1491421610116958,7,100.0
truncation,2,unet,1.0,700.0,702.0,5,151,0.5254532694816589,0.1540144383907318,7,100.0
truncation,2,unet,1.0,7000.0,7003.0,0,1481,0.0548161715269088,0.0898694172501564,7,1000.0
truncation,2,unet,1.0,7000.0,7003.0,1,1492,0.0594599284231662,0.091488629579544,7,1000.0
truncation,2,unet,1.0,7000.0,7001.0,2,1487,0.0587545447051525,0.0903056487441062,7,1000.0
truncation,2,unet,1.0,7000.0,7000.0,3,1496,0.0619872286915779,0.0920222997665405,7,1000.0
truncation,2,unet,1.0,7000.0,7001.0,4,1535,0.060859341174364,0.0878225341439247,7,1000.0
truncation,2,unet,1.0,7000.0,7003.0,5,1497,0.057878877967596,0.0919949114322662,7,1000.0
truncation,2,unet,1.0,70000.0,70000.0,0,15013,0.0189184620976448,0.0840107053518295,7,10000.0
truncation,2,unet,1.0,70000.0,70005.0,1,15086,0.0180655028671026,0.0858414247632026,7,10000.0
truncation,2,unet,1.0,70000.0,70001.0,2,14941,0.0167431738227605,0.0871246680617332,7,10000.0
truncation,2,unet,1.0,70000.0,70000.0,3,15032,0.017912907525897,0.0874282792210578,7,10000.0
truncation,2,unet,1.0,70000.0,70003.0,4,15047,0.0171566940844059,0.0800359100103378,7,10000.0
truncation,2,unet,1.0,70000.0,70003.0,5,15005,0.0181001611053943,0.0880911871790885,7,10000.0
truncation,2,unet,10.0,70000.0,70001.0,0,10351,0.0169824231415987,0.0839582458138465,7,10000.0
truncation,2,unet,10.0,70000.0,70004.0,1,10348,0.0191396977752447,0.0848222523927688,7,10000.0
truncation,2,unet,10.0,70000.0,70000.0,2,10339,0.016841908916831,0.0843919739127159,7,10000.0
truncation,2,unet,10.0,70000.0,70000.0,3,10347,0.019074834883213,0.0867618322372436,7,10000.0
truncation,2,unet,10.0,70000.0,70001.0,4,10335,0.0170405600219964,0.0792903378605842,7,10000.0
truncation,2,unet,10.0,70000.0,70005.0,5,10331,0.0182906109839677,0.0888224095106124,7,10000.0
truncation,2,unet,20.0,2100.0,2106.0,0,303,0.2614275813102722,0.1036696210503578,7,300.0
truncation,2,unet,20.0,2100.0,2106.0,1,303,0.3164794147014618,0.0984804928302764,7,300.0
truncation,2,unet,20.0,2100.0,2105.0,2,302,0.1936832815408706,0.1353459656238556,7,300.0
truncation,2,unet,20.0,2100.0,2103.0,3,302,0.3262072205543518,0.1039905175566673,7,300.0
truncation,2,unet,20.0,2100.0,2100.0,4,301,0.2578530609607696,0.0975638851523399,7,300.0
truncation,2,unet,20.0,2100.0,2101.0,5,302,0.2252959161996841,0.1107740029692649,7,300.0
truncation,2,unet,20.0,21000.0,21000.0,0,3017,0.0307515021413564,0.0863884314894676,7,3000.0
truncation,2,unet,20.0,21000.0,21006.0,1,3016,0.0336549952626228,0.0903708711266517,7,3000.0
truncation,2,unet,20.0,21000.0,21002.0,2,3015,0.0300140846520662,0.0878413915634155,7,3000.0
truncation,2,unet,20.0,21000.0,21005.0,3,3018,0.0345113836228847,0.0895884186029434,7,3000.0
truncation,2,unet,20.0,21000.0,21006.0,4,3017,0.029844855889678,0.0818852707743644,7,3000.0
truncation,2,unet,20.0,21000.0,21005.0,5,3013,0.0300349183380603,0.090710163116455,7,3000.0
truncation,2,unet,20.0,70.0,70.0,0,10,0.99314147233963,1.2589448690414429,7,10.0
truncation,2,unet,20.0,70.0,70.0,1,10,0.9551060199737548,1.0514311790466309,7,10.0
truncation,2,unet,20.0,70.0,70.0,2,10,0.9368790984153748,0.6960785984992981,7,10.0
truncation,2,unet,20.0,70.0,76.0,3,11,0.8878348469734192,0.7189866304397583,7,10.0
truncation,2,unet,20.0,70.0,70.0,4,10,1.132165789604187,1.0794646739959717,7,10.0
truncation,2,unet,20.0,70.0,70.0,5,10,0.9001969695091248,0.7684756517410278,7,10.0
truncation,2,unet,20.0,700.0,700.0,0,101,0.6720516681671143,0.2556812167167663,7,100.0
truncation,2,unet,20.0,700.0,704.0,1,101,0.3636740744113922,0.1618522554636001,7,100.0
truncation,2,unet,20.0,700.0,706.0,2,101,0.6912727952003479,0.2277222424745559,7,100.0
truncation,2,unet,20.0,700.0,702.0,3,101,0.6416448950767517,0.2140522301197052,7,100.0
truncation,2,unet,20.0,700.0,700.0,4,100,0.657342791557312,0.2016960531473159,7,100.0
truncation,2,unet,20.0,700.0,704.0,5,101,0.3686157166957855,0.1604513525962829,7,100.0
truncation,2,unet,20.0,7000.0,7001.0,0,1005,0.0735846683382988,0.0881577283143997,7,1000.0
truncation,2,unet,20.0,7000.0,7003.0,1,1005,0.075183093547821,0.0916965529322624,7,1000.0
truncation,2,unet,20.0,7000.0,7001.0,2,1005,0.0783934742212295,0.0922930687665939,7,1000.0
truncation,2,unet,20.0,7000.0,7006.0,3,1007,0.0764920487999916,0.0939333140850067,7,1000.0
truncation,2,unet,20.0,7000.0,7000.0,4,1006,0.0742723196744918,0.0873771086335182,7,1000.0
truncation,2,unet,20.0,7000.0,7002.0,5,1004,0.0712571665644645,0.0955897867679596,7,1000.0
truncation,2,unet,20.0,70000.0,70005.0,0,10057,0.0167591255158185,0.0820483192801475,7,10000.0
truncation,2,unet,20.0,70000.0,70002.0,1,10051,0.017749598249793,0.0850430950522422,7,10000.0
truncation,2,unet,20.0,70000.0,70002.0,2,10054,0.0171869900077581,0.0830339193344116,7,10000.0
truncation,2,unet,20.0,70000.0,70004.0,3,10056,0.0190951135009527,0.0875019803643226,7,10000.0
truncation,2,unet,20.0,70000.0,70005.0,4,10052,0.0168537069112062,0.0799034610390663,7,10000.0
truncation,2,unet,20.0,70000.0,70000.0,5,10050,0.0184519998729228,0.0877807438373565,7,10000.0
truncation,2,unet,5.0,2100.0,2105.0,0,340,0.2172157168388366,0.0996672883629798,7,300.0
truncation,2,unet,5.0,2100.0,2102.0,1,335,0.265596866607666,0.0987744107842445,7,300.0
truncation,2,unet,5.0,2100.0,2103.0,2,336,0.1980167031288147,0.1010100916028022,7,300.0
truncation,2,unet,5.0,2100.0,2101.0,3,333,0.2844091057777405,0.101680964231491,7,300.0
truncation,2,unet,5.0,2100.0,2103.0,4,332,0.2274446040391922,0.0983803942799568,7,300.0
truncation,2,unet,5.0,2100.0,2102.0,5,339,0.1832401603460312,0.1069226711988449,7,300.0
truncation,2,unet,5.0,21000.0,21006.0,0,3356,0.0288387145847082,0.0881773382425308,7,3000.0
truncation,2,unet,5.0,21000.0,21003.0,1,3365,0.0306549929082393,0.0894243419170379,7,3000.0
truncation,2,unet,5.0,21000.0,21002.0,2,3361,0.0274393260478973,0.0871090665459632,7,3000.0
truncation,2,unet,5.0,21000.0,21000.0,3,3366,0.0313296541571617,0.0895091444253921,7,3000.0
truncation,2,unet,5.0,21000.0,21003.0,4,3365,0.0279732942581176,0.0823339447379112,7,3000.0
truncation,2,unet,5.0,21000.0,21002.0,5,3340,0.0266417358070611,0.0906025543808937,7,3000.0
truncation,2,unet,5.0,70.0,70.0,0,11,0.9878585338592528,1.2688863277435305,7,10.0
truncation,2,unet,5.0,70.0,74.0,1,12,0.9155244827270508,0.8064630031585693,7,10.0
truncation,2,unet,5.0,70.0,70.0,2,12,0.956171989440918,0.6189796924591064,7,10.0
truncation,2,unet,5.0,70.0,74.0,3,12,1.3518956899642944,0.631007730960846,7,10.0
truncation,2,unet,5.0,70.0,70.0,4,11,0.9809529781341552,0.8776922225952148,7,10.0
truncation,2,unet,5.0,70.0,75.0,5,12,0.8398222327232361,0.7033681273460388,7,10.0
truncation,2,unet,5.0,700.0,703.0,0,117,0.635545015335083,0.2196019291877746,7,100.0
truncation,2,unet,5.0,700.0,701.0,1,113,0.6726924777030945,0.1715472340583801,7,100.0
truncation,2,unet,5.0,700.0,706.0,2,112,0.3075365424156189,0.1845044791698455,7,100.0
truncation,2,unet,5.0,700.0,701.0,3,111,0.6107214093208313,0.1986268758773803,7,100.0
truncation,2,unet,5.0,700.0,702.0,4,110,0.6307259798049927,0.1849981099367141,7,100.0
truncation,2,unet,5.0,700.0,703.0,5,112,0.5929750204086304,0.1916737109422683,7,100.0
truncation,2,unet,5.0,7000.0,7005.0,0,1113,0.0667648017406463,0.0903078094124794,7,1000.0
truncation,2,unet,5.0,7000.0,7005.0,1,1111,0.0712907835841178,0.0904184505343437,7,1000.0
truncation,2,unet,5.0,7000.0,7003.0,2,1110,0.076660118997097,0.0923964753746986,7,1000.0
truncation,2,unet,5.0,7000.0,7002.0,3,1126,0.0729308798909187,0.0930323600769043,7,1000.0
truncation,2,unet,5.0,7000.0,7005.0,4,1129,0.0700544267892837,0.0859647542238235,7,1000.0
truncation,2,unet,5.0,7000.0,7006.0,5,1115,0.0682085081934928,0.094749741256237,7,1000.0
truncation,2,unet,5.0,70000.0,70006.0,0,11212,0.0168686751276254,0.0826334580779075,7,10000.0
truncation,2,unet,5.0,70000.0,70005.0,1,11198,0.0185157898813486,0.0860521793365478,7,10000.0
truncation,2,unet,5.0,70000.0,70004.0,2,11180,0.016999626532197,0.0848558247089386,7,10000.0
truncation,2,unet,5.0,70000.0,70000.0,3,11219,0.0191672816872596,0.0870363712310791,7,10000.0
truncation,2,unet,5.0,70000.0,70000.0,4,11182,0.0172735508531332,0.0781430006027221,7,10000.0
truncation,2,unet,5.0,70000.0,70004.0,5,11164,0.0178655534982681,0.0882367268204689,7,10000.0
truncation,2,unet,7.0,70000.0,70000.0,0,10702,0.0175762251019477,0.0861780419945716,7,10000.0
truncation,2,unet,7.0,70000.0,70000.0,1,10696,0.0185022372752428,0.0858480185270309,7,10000.0
truncation,2,unet,7.0,70000.0,70005.0,2,10677,0.0170408934354782,0.0836605280637741,7,10000.0
truncation,2,unet,7.0,70000.0,70002.0,3,10698,0.019301202148199,0.0875029936432838,7,10000.0
truncation,2,unet,7.0,70000.0,70005.0,4,10687,0.016911732032895,0.0789243280887603,7,10000.0
truncation,2,unet,7.0,70000.0,70004.0,5,10669,0.0183174218982458,0.0878382250666618,7,10000.0
truncation,3,unet,-1.0,2400.0,2401.0,0,542,0.0781876668334007,0.0632494315505027,8,300.0
truncation,3,unet,-1.0,2400.0,2402.0,1,540,0.0708341747522354,0.0631915479898452,8,300.0
truncation,3,unet,-1.0,2400.0,2402.0,2,549,0.0728633925318718,0.063241921365261,8,300.0
truncation,3,unet,-1.0,24000.0,24003.0,0,5525,0.0198369063436985,0.0351683050394058,8,3000.0
truncation,3,unet,-1.0,24000.0,24000.0,1,5470,0.020464040338993,0.0348349623382091,8,3000.0
truncation,3,unet,-1.0,24000.0,24001.0,2,5490,0.0202962588518857,0.0355765298008918,8,3000.0
truncation,3,unet,-1.0,80.0,84.0,0,18,0.6871911287307739,0.5041818022727966,8,10.0
truncation,3,unet,-1.0,80.0,84.0,1,18,0.5303961634635925,0.3832114338874817,8,10.0
truncation,3,unet,-1.0,80.0,84.0,2,22,0.8834067583084106,0.3870032429695129,8,10.0
truncation,3,unet,-1.0,800.0,800.0,0,183,0.1683082580566406,0.1011981442570686,8,100.0
truncation,3,unet,-1.0,800.0,805.0,1,181,0.1451809704303741,0.1050902158021926,8,100.0
truncation,3,unet,-1.0,800.0,803.0,2,189,0.1449434012174606,0.1025783345103263,8,100.0
truncation,3,unet,-1.0,8000.0,8001.0,0,1828,0.033482875674963,0.0427650921046733,8,1000.0
truncation,3,unet,-1.0,8000.0,8004.0,1,1815,0.033282745629549,0.0421960093080997,8,1000.0
truncation,3,unet,-1.0,8000.0,8001.0,2,1830,0.034563947468996,0.0433103963732719,8,1000.0
truncation,3,unet,-1.0,80000.0,80006.0,0,18248,0.0180661808699369,0.0336645022034645,8,10000.0
truncation,3,unet,-1.0,80000.0,80001.0,1,18427,0.0174838900566101,0.033156506717205,8,10000.0
truncation,3,unet,-1.0,80000.0,80005.0,2,18389,0.0180220007896423,0.0349451452493667,8,10000.0
truncation,3,unet,-20.0,2400.0,2402.0,0,1180,0.123407244682312,0.0568483807146549,8,300.0
truncation,3,unet,-20.0,2400.0,2400.0,1,1180,0.0905778482556343,0.0569892488420009,8,300.0
truncation,3,unet,-20.0,2400.0,2401.0,2,1180,0.1165560111403465,0.0847482681274414,8,300.0
truncation,3,unet,-20.0,24000.0,24000.0,0,11773,0.1067756563425064,0.0509201511740684,8,3000.0
truncation,3,unet,-20.0,24000.0,24001.0,1,11789,0.0588214285671711,0.0423844419419765,8,3000.0
truncation,3,unet,-20.0,24000.0,24002.0,2,11796,0.0867429301142692,0.0727030634880065,8,3000.0
truncation,3,unet,-20.0,80.0,81.0,0,39,0.3206095397472381,0.2505281269550323,8,10.0
truncation,3,unet,-20.0,80.0,81.0,1,40,0.3413463532924652,0.2342538386583328,8,10.0
truncation,3,unet,-20.0,80.0,80.0,2,40,0.5248119235038757,0.4839828908443451,8,10.0
truncation,3,unet,-20.0,800.0,800.0,0,394,0.1458792835474014,0.0768876895308494,8,100.0
truncation,3,unet,-20.0,800.0,801.0,1,394,0.1312136948108673,0.0773891806602478,8,100.0
truncation,3,unet,-20.0,800.0,801.0,2,397,0.1727644652128219,0.0987766459584236,8,100.0
truncation,3,unet,-20.0,8000.0,8000.0,0,3924,0.1026208251714706,0.0436630249023437,8,1000.0
truncation,3,unet,-20.0,8000.0,8001.0,1,3926,0.0690956115722656,0.0436574108898639,8,1000.0
truncation,3,unet,-20.0,8000.0,8001.0,2,3935,0.0960074886679649,0.0693768113851547,8,1000.0
truncation,3,unet,-20.0,80000.0,80000.0,0,39229,0.093354120850563,0.0407378710806369,8,10000.0
truncation,3,unet,-20.0,80000.0,80000.0,1,39277,0.0587210841476917,0.0423292256891727,8,10000.0
truncation,3,unet,-20.0,80000.0,80001.0,2,39310,0.0927794426679611,0.0760371685028076,8,10000.0
truncation,3,unet,-5.0,2400.0,2400.0,0,855,0.0584200024604797,0.0541797056794166,8,300.0
truncation,3,unet,-5.0,2400.0,2402.0,1,858,0.0565564855933189,0.0540812090039253,8,300.0
truncation,3,unet,-5.0,2400.0,2400.0,2,867,0.0579759329557418,0.0562501847743988,8,300.0
truncation,3,unet,-5.0,24000.0,24002.0,0,8726,0.021924341097474,0.035180777311325,8,3000.0
truncation,3,unet,-5.0,24000.0,24000.0,1,8704,0.0221442356705665,0.0352777242660522,8,3000.0
truncation,3,unet,-5.0,24000.0,24003.0,2,8715,0.0223286394029855,0.0365197546780109,8,3000.0
truncation,3,unet,-5.0,80.0,83.0,0,29,0.4787598252296448,0.376979261636734,8,10.0
truncation,3,unet,-5.0,80.0,81.0,1,29,0.5504002571105957,0.2848239839076996,8,10.0
truncation,3,unet,-5.0,80.0,80.0,2,30,0.3507025837898254,0.2813886702060699,8,10.0
truncation,3,unet,-5.0,800.0,801.0,0,288,0.1197855174541473,0.0832012891769409,8,100.0
truncation,3,unet,-5.0,800.0,801.0,1,292,0.1164624318480491,0.0843029096722602,8,100.0
truncation,3,unet,-5.0,800.0,801.0,2,300,0.1099356785416603,0.0825488045811653,8,100.0
truncation,3,unet,-5.0,8000.0,8001.0,0,2903,0.0284847375005483,0.0400247946381568,8,1000.0
truncation,3,unet,-5.0,8000.0,8000.0,1,2903,0.0293909180909395,0.0405224822461605,8,1000.0
truncation,3,unet,-5.0,8000.0,8002.0,2,2888,0.0293693207204341,0.0410204604268074,8,1000.0
truncation,3,unet,-5.0,80000.0,80001.0,0,28987,0.0257830917835235,0.0407868772745132,8,10000.0
truncation,3,unet,-5.0,80000.0,80000.0,1,29112,0.0219053924083709,0.0355433747172355,8,10000.0
truncation,3,unet,-5.0,80000.0,80002.0,2,29191,0.0230548921972513,0.0392780788242816,8,10000.0
truncation,3,unet,0.0,2400.0,2402.0,0,474,0.0817690342664718,0.0667845606803894,8,300.0
truncation,3,unet,0.0,2400.0,2403.0,1,474,0.0746411755681037,0.0669798329472541,8,300.0
truncation,3,unet,0.0,2400.0,2405.0,2,476,0.0781084150075912,0.0673004388809204,8,300.0
truncation,3,unet,0.0,24000.0,24005.0,0,4808,0.0209584366530179,0.03656742349267,8,3000.0
truncation,3,unet,0.0,24000.0,24004.0,1,4793,0.021164322271943,0.0371304750442504,8,3000.0
truncation,3,unet,0.0,24000.0,24002.0,2,4782,0.0209570862352848,0.035780481994152,8,3000.0
truncation,3,unet,0.0,80.0,80.0,0,14,0.5950555205345154,0.6343290209770203,8,10.0
truncation,3,unet,0.0,80.0,81.0,1,15,0.5664879679679871,0.4510945677757263,8,10.0
truncation,3,unet,0.0,80.0,85.0,2,19,0.819056510925293,0.4260138571262359,8,10.0
truncation,3,unet,0.0,800.0,800.0,0,162,0.150421530008316,0.1173433363437652,8,100.0
truncation,3,unet,0.0,800.0,802.0,1,157,0.2449680119752884,0.1177368983626365,8,100.0
truncation,3,unet,0.0,800.0,801.0,2,164,0.1274972259998321,0.108713112771511,8,100.0
truncation,3,unet,0.0,8000.0,8002.0,0,1575,0.0353666506707668,0.0440843291580677,8,1000.0
truncation,3,unet,0.0,8000.0,8001.0,1,1577,0.0355660878121852,0.0439114831387996,8,1000.0
truncation,3,unet,0.0,8000.0,8004.0,2,1580,0.0376596339046955,0.0451708734035491,8,1000.0
truncation,3,unet,0.0,80000.0,80007.0,0,15919,0.0179637018591165,0.0333305150270462,8,10000.0
truncation,3,unet,0.0,80000.0,80000.0,1,16053,0.0174979474395513,0.0332918427884578,8,10000.0
truncation,3,unet,0.0,80000.0,80001.0,2,15904,0.0179558377712965,0.034732636064291,8,10000.0
truncation,3,unet,1.0,2400.0,2401.0,0,424,0.0891288444399833,0.0691161081194877,8,300.0
truncation,3,unet,1.0,2400.0,2404.0,1,429,0.0809002593159675,0.069048173725605,8,300.0
truncation,3,unet,1.0,2400.0,2400.0,2,422,0.078664980828762,0.0715997442603111,8,300.0
truncation,3,unet,1.0,24000.0,24001.0,0,4254,0.0216587875038385,0.0357913337647914,8,3000.0
truncation,3,unet,1.0,24000.0,24000.0,1,4253,0.0221832059323787,0.0352701358497142,8,3000.0
truncation,3,unet,1.0,24000.0,24001.0,2,4232,0.0217819176614284,0.036734901368618,8,3000.0
truncation,3,unet,1.0,80.0,82.0,0,13,0.5690054893493652,0.7092064619064331,8,10.0
truncation,3,unet,1.0,80.0,82.0,1,14,0.5840327143669128,0.4642749726772308,8,10.0
truncation,3,unet,1.0,80.0,85.0,2,17,0.6676969528198242,0.4614230096340179,8,10.0
truncation,3,unet,1.0,800.0,803.0,0,148,0.1438428908586502,0.1148042529821395,8,100.0
truncation,3,unet,1.0,800.0,801.0,1,142,0.126662015914917,0.1206933483481407,8,100.0
truncation,3,unet,1.0,800.0,804.0,2,145,0.2902043163776397,0.1330289840698242,8,100.0
truncation,3,unet,1.0,8000.0,8003.0,0,1398,0.0371251516044139,0.0459636636078357,8,1000.0
truncation,3,unet,1.0,8000.0,8001.0,1,1402,0.0387498810887336,0.0451301671564579,8,1000.0
truncation,3,unet,1.0,8000.0,8000.0,2,1403,0.0386301651597023,0.0470261164009571,8,1000.0
truncation,3,unet,1.0,80000.0,80001.0,0,14157,0.0177613142877817,0.0336945243179798,8,10000.0
truncation,3,unet,1.0,80000.0,80004.0,1,14181,0.017464529722929,0.0335765518248081,8,10000.0
truncation,3,unet,1.0,80000.0,80003.0,2,14081,0.0175798889249563,0.0343741811811924,8,10000.0
truncation,3,unet,20.0,2400.0,2401.0,0,302,0.1140906661748886,0.0804493203759193,8,300.0
truncation,3,unet,20.0,2400.0,2401.0,1,302,0.1081582009792327,0.0818686634302139,8,300.0
truncation,3,unet,20.0,2400.0,2407.0,2,302,0.103272758424282,0.0814688876271247,8,300.0
truncation,3,unet,20.0,24000.0,24001.0,0,3015,0.0240224208682775,0.0377156510949134,8,3000.0
truncation,3,unet,20.0,24000.0,24007.0,1,3014,0.0244195666164159,0.0372656807303428,8,3000.0
truncation,3,unet,20.0,24000.0,24001.0,2,3013,0.0244250502437353,0.0392600335180759,8,3000.0
truncation,3,unet,20.0,80.0,80.0,0,10,0.7410300970077515,0.7920783162117004,8,10.0
truncation,3,unet,20.0,80.0,80.0,1,10,0.5704899430274963,0.6968360543251038,8,10.0
truncation,3,unet,20.0,80.0,80.0,2,10,0.6364925503730774,0.8077009916305542,8,10.0
truncation,3,unet,20.0,800.0,801.0,0,101,0.1619340926408767,0.1430166959762573,8,100.0
truncation,3,unet,20.0,800.0,805.0,1,101,0.1573183536529541,0.1372340321540832,8,100.0
truncation,3,unet,20.0,800.0,807.0,2,101,0.1919829845428466,0.1409915834665298,8,100.0
truncation,3,unet,20.0,8000.0,8006.0,0,1005,0.0472923927009105,0.0502088740468025,8,1000.0
truncation,3,unet,20.0,8000.0,8000.0,1,1004,0.0458270236849784,0.0510196760296821,8,1000.0
truncation,3,unet,20.0,8000.0,8006.0,2,1005,0.0478382855653762,0.051914032548666,8,1000.0
truncation,3,unet,20.0,80000.0,80006.0,0,10050,0.0173782054334878,0.0335749983787536,8,10000.0
truncation,3,unet,20.0,80000.0,80005.0,1,10045,0.0173795577138662,0.0328639931976795,8,10000.0
truncation,3,unet,20.0,80000.0,80000.0,2,10047,0.0172357391566038,0.0343324765563011,8,10000.0
truncation,3,unet,5.0,2400.0,2401.0,0,334,0.0961671322584152,0.078374408185482,8,300.0
truncation,3,unet,5.0,2400.0,2406.0,1,331,0.0908950194716453,0.0794327184557914,8,300.0
truncation,3,unet,5.0,2400.0,2402.0,2,331,0.0972412973642349,0.0781490132212638,8,300.0
truncation,3,unet,5.0,24000.0,24002.0,0,3305,0.022712554782629,0.0375005379319191,8,3000.0
truncation,3,unet,5.0,24000.0,24007.0,1,3316,0.0237197484821081,0.0377163775265216,8,3000.0
truncation,3,unet,5.0,24000.0,24002.0,2,3309,0.023765929043293,0.0379558615386486,8,3000.0
truncation,3,unet,5.0,80.0,81.0,0,11,0.7465515732765198,0.7928611040115356,8,10.0
truncation,3,unet,5.0,80.0,86.0,1,12,0.6442160606384277,0.6305743455886841,8,10.0
truncation,3,unet,5.0,80.0,82.0,2,12,0.5214332938194275,0.5088209509849548,8,10.0
truncation,3,unet,5.0,800.0,807.0,0,115,0.2015882432460785,0.1277980804443359,8,100.0
truncation,3,unet,5.0,800.0,807.0,1,112,0.1893623322248459,0.131208449602127,8,100.0
truncation,3,unet,5.0,800.0,802.0,2,110,0.1818260103464126,0.1346010714769363,8,100.0
truncation,3,unet,5.0,8000.0,8004.0,0,1098,0.0442905165255069,0.0491725578904151,8,1000.0
truncation,3,unet,5.0,8000.0,8000.0,1,1096,0.0456427931785583,0.0487553924322128,8,1000.0
truncation,3,unet,5.0,8000.0,8006.0,2,1095,0.0475327670574188,0.0503889471292495,8,1000.0
truncation,3,unet,5.0,80000.0,80004.0,0,11043,0.0168716236948966,0.0331088155508041,8,10000.0
truncation,3,unet,5.0,80000.0,80007.0,1,11037,0.0175150334835052,0.0332318432629108,8,10000.0
truncation,3,unet,5.0,80000.0,80007.0,2,11013,0.0174434464424848,0.0357022248208522,8,10000.0
discretization,1,fno,-0.5,1440.0,1472.0,0,48,1.2646324634552002,15.979745864868164,48,30.0
discretization,1,fno,-0.5,1440.0,1456.0,1,48,1.064486026763916,12.372262954711914,48,30.0
discretization,1,fno,-0.5,1440.0,1460.0,2,46,0.8218243718147278,11.61762523651123,48,30.0
discretization,1,fno,-0.5,1440.0,1448.0,3,46,0.997574269771576,17.426748275756836,48,30.0
discretization,1,fno,-0.5,1440.0,1472.0,4,49,1.1007511615753174,14.876705169677734,48,30.0
discretization,1,fno,-0.5,1440.0,1440.0,5,44,1.1388399600982666,18.173826217651367,48,30.0
discretization,1,fno,-0.5,14400.0,14436.0,0,458,0.2094332128763198,3.9367308616638175,48,300.0
discretization,1,fno,-0.5,14400.0,14424.0,1,463,0.1632851064205169,2.313532590866089,48,300.0
discretization,1,fno,-0.5,14400.0,14420.0,2,462,0.1920294910669326,2.614053249359131,48,300.0
discretization,1,fno,-0.5,14400.0,14412.0,3,447,0.1856319010257721,3.4421331882476807,48,300.0
discretization,1,fno,-0.5,14400.0,14420.0,4,470,0.1699499785900116,2.162728786468506,48,300.0
discretization,1,fno,-0.5,14400.0,14400.0,5,470,0.1934480965137481,2.4957103729248047,48,300.0
discretization,1,fno,-0.5,144000.0,144044.0,0,4630,0.0864244252443313,1.7520207166671753,48,3000.0
discretization,1,fno,-0.5,144000.0,144020.0,1,4617,0.0844379141926765,1.1970608234405518,48,3000.0
discretization,1,fno,-0.5,144000.0,144024.0,2,4608,0.0922215357422828,1.345691800117493,48,3000.0
discretization,1,fno,-0.5,144000.0,144032.0,3,4603,0.0821148976683616,1.267693281173706,48,3000.0
discretization,1,fno,-0.5,144000.0,144004.0,4,4647,0.081420287489891,1.4444820880889893,48,3000.0
discretization,1,fno,-0.5,144000.0,144032.0,5,4626,0.0886978730559349,1.305815815925598,48,3000.0
discretization,1,fno,-0.5,480.0,496.0,0,14,1.586271047592163,14.39828109741211,48,10.0
discretization,1,fno,-0.5,480.0,492.0,1,16,2.2269880771636963,13.845382690429688,48,10.0
discretization,1,fno,-0.5,480.0,508.0,2,18,1.2742905616760254,13.136889457702637,48,10.0
discretization,1,fno,-0.5,480.0,496.0,3,14,1.4246584177017212,13.110214233398438,48,10.0
discretization,1,fno,-0.5,480.0,508.0,4,18,1.4930695295333862,12.488844871520996,48,10.0
discretization,1,fno,-0.5,480.0,512.0,5,15,1.3429964780807495,10.955340385437012,48,10.0
discretization,1,fno,-0.5,4800.0,4800.0,0,155,0.6225721836090088,9.810376167297363,48,100.0
discretization,1,fno,-0.5,4800.0,4816.0,1,155,0.4300016760826111,6.3886308670043945,48,100.0
discretization,1,fno,-0.5,4800.0,4812.0,2,157,0.4091287553310394,5.368221759796143,48,100.0
discretization,1,fno,-0.5,4800.0,4808.0,3,143,0.4380684196949005,8.978059768676758,48,100.0
discretization,1,fno,-0.5,4800.0,4812.0,4,157,0.4083392322063446,5.14687442779541,48,100.0
discretization,1,fno,-0.5,4800.0,4804.0,5,156,0.4064120650291443,7.761160850524902,48,100.0
discretization,1,fno,-0.5,48000.0,48016.0,0,1522,0.1146139726042747,2.297703742980957,48,1000.0
discretization,1,fno,-0.5,48000.0,48016.0,1,1533,0.0886735394597053,1.322667360305786,48,1000.0
discretization,1,fno,-0.5,48000.0,48000.0,2,1527,0.1192431151866912,1.559867262840271,48,1000.0
discretization,1,fno,-0.5,48000.0,48000.0,3,1525,0.112232431769371,1.5339611768722534,48,1000.0
discretization,1,fno,-0.5,48000.0,48008.0,4,1569,0.103193774819374,1.5505882501602173,48,1000.0
discretization,1,fno,-0.5,48000.0,48000.0,5,1539,0.0979054644703865,1.496260166168213,48,1000.0
discretization,1,fno,-0.5,480000.0,480004.0,0,15349,0.079396903514862,1.5204153060913086,48,10000.0
discretization,1,fno,-0.5,480000.0,480016.0,1,15431,0.0786919295787811,1.1569024324417114,48,10000.0
discretization,1,fno,-0.5,480000.0,480000.0,2,15329,0.0762597769498825,1.1352423429489136,48,10000.0
discretization,1,fno,-0.5,480000.0,480004.0,3,15381,0.0753019228577613,1.1948201656341553,48,10000.0
discretization,1,fno,-0.5,480000.0,480000.0,4,15413,0.0807956606149673,1.2792295217514038,48,10000.0
discretization,1,fno,-0.5,480000.0,480028.0,5,15393,0.0765738189220428,1.1708109378814695,48,10000.0
discretization,1,fno,-1.0,1440.0,1448.0,0,50,1.1173275709152222,14.304509162902832,48,30.0
discretization,1,fno,-1.0,1440.0,1456.0,1,50,1.0169005393981934,13.63510513305664,48,30.0
discretization,1,fno,-1.0,1440.0,1456.0,2,50,0.7599313259124756,10.978997230529783,48,30.0
discretization,1,fno,-1.0,1440.0,1440.0,3,49,0.9701147079467772,17.228139877319336,48,30.0
discretization,1,fno,-1.0,1440.0,1448.0,4,49,1.1080372333526611,13.870871543884276,48,30.0
discretization,1,fno,-1.0,1440.0,1460.0,5,47,1.0078094005584717,14.91178035736084,48,30.0
discretization,1,fno,-1.0,14400.0,14404.0,0,483,0.1873392462730407,3.824651002883911,48,300.0
discretization,1,fno,-1.0,14400.0,14420.0,1,484,0.1719900816679,2.3699913024902344,48,300.0
discretization,1,fno,-1.0,14400.0,14412.0,2,489,0.1716859936714172,2.5595991611480717,48,300.0
discretization,1,fno,-1.0,14400.0,14416.0,3,476,0.1840793788433075,3.025660991668701,48,300.0
discretization,1,fno,-1.0,14400.0,14424.0,4,493,0.1734305769205093,2.1331493854522705,48,300.0
discretization,1,fno,-1.0,14400.0,14416.0,5,501,0.1780694127082824,2.6198296546936035,48,300.0
discretization,1,fno,-1.0,144000.0,144016.0,0,4896,0.0889815315604209,1.6708691120147705,48,3000.0
discretization,1,fno,-1.0,144000.0,144008.0,1,4874,0.0839704498648643,1.3199435472488403,48,3000.0
discretization,1,fno,-1.0,144000.0,144008.0,2,4878,0.0900697335600853,1.36944580078125,48,3000.0
discretization,1,fno,-1.0,144000.0,144024.0,3,4874,0.0840246826410293,1.3310306072235107,48,3000.0
discretization,1,fno,-1.0,144000.0,144000.0,4,4903,0.0945189148187637,1.4128071069717407,48,3000.0
discretization,1,fno,-1.0,144000.0,144020.0,5,4892,0.0878664180636406,1.3217397928237915,48,3000.0
discretization,1,fno,-1.0,480.0,492.0,0,15,1.847525954246521,12.155778884887695,48,10.0
discretization,1,fno,-1.0,480.0,500.0,1,17,2.02236557006836,12.290096282958984,48,10.0
discretization,1,fno,-1.0,480.0,504.0,2,19,1.5353600978851318,11.098340034484863,48,10.0
discretization,1,fno,-1.0,480.0,504.0,3,15,1.389601707458496,10.583463668823242,48,10.0
discretization,1,fno,-1.0,480.0,508.0,4,18,1.4930695295333862,12.488844871520996,48,10.0
discretization,1,fno,-1.0,480.0,504.0,5,15,1.376465082168579,11.105603218078612,48,10.0
discretization,1,fno,-1.0,4800.0,4812.0,0,164,0.5568628311157227,9.846397399902344,48,100.0
discretization,1,fno,-1.0,4800.0,4816.0,1,159,0.4079155623912811,6.064148902893066,48,100.0
discretization,1,fno,-1.0,4800.0,4800.0,2,168,0.3631314039230346,5.387866020202637,48,100.0
discretization,1,fno,-1.0,4800.0,4812.0,3,154,0.3928472697734833,7.994870662689209,48,100.0
discretization,1,fno,-1.0,4800.0,4816.0,4,163,0.3639605641365051,5.020708084106445,48,100.0
discretization,1,fno,-1.0,4800.0,4832.0,5,165,0.3809346258640289,6.793375492095947,48,100.0
discretization,1,fno,-1.0,48000.0,48008.0,0,1612,0.105627417564392,2.2243432998657227,48,1000.0
discretization,1,fno,-1.0,48000.0,48020.0,1,1615,0.0908903703093528,1.5451726913452148,48,1000.0
discretization,1,fno,-1.0,48000.0,48000.0,2,1614,0.1113493889570236,1.4810575246810913,48,1000.0
discretization,1,fno,-1.0,48000.0,48020.0,3,1616,0.120172880589962,1.4946132898330688,48,1000.0
discretization,1,fno,-1.0,48000.0,48004.0,4,1651,0.099360853433609,1.566297173500061,48,1000.0
discretization,1,fno,-1.0,48000.0,48016.0,5,1629,0.1037330254912376,1.594035267829895,48,1000.0
discretization,1,fno,-1.0,480000.0,480012.0,0,16205,0.0842738300561904,1.6395803689956665,48,10000.0
discretization,1,fno,-1.0,480000.0,480012.0,1,16342,0.0786831155419349,1.1348541975021362,48,10000.0
discretization,1,fno,-1.0,480000.0,480000.0,2,16248,0.0832479819655418,1.322173237800598,48,10000.0
discretization,1,fno,-1.0,480000.0,480000.0,3,16255,0.0776661410927772,1.2421720027923584,48,10000.0
discretization,1,fno,-1.0,480000.0,480004.0,4,16310,0.0771795287728309,1.262417912483215,48,10000.0
discretization,1,fno,-1.0,480000.0,480000.0,5,16302,0.0789691731333732,1.1667473316192627,48,10000.0
discretization,1,fno,-1.5,14400.0,14400.0,0,510,0.181828424334526,3.497316837310791,48,300.0
discretization,1,fno,-1.5,14400.0,14412.0,1,503,0.1593619436025619,2.302987098693848,48,300.0
discretization,1,fno,-1.5,14400.0,14412.0,2,516,0.1721004098653793,2.538221597671509,48,300.0
discretization,1,fno,-1.5,14400.0,14400.0,3,497,0.1950668692588806,3.394841194152832,48,300.0
discretization,1,fno,-1.5,14400.0,14404.0,4,516,0.1525559425354004,2.135554790496826,48,300.0
discretization,1,fno,-1.5,14400.0,14416.0,5,524,0.1587816327810287,2.366666316986084,48,300.0
discretization,1,fno,-1.5,4800.0,4820.0,0,171,0.4991849660873413,8.463555335998535,48,100.0
discretization,1,fno,-1.5,4800.0,4800.0,1,164,0.4444149732589721,7.120950698852539,48,100.0
discretization,1,fno,-1.5,4800.0,4800.0,2,177,0.362394243478775,5.484031677246094,48,100.0
discretization,1,fno,-1.5,4800.0,4824.0,3,161,0.385627269744873,7.839497566223144,48,100.0
discretization,1,fno,-1.5,4800.0,4804.0,4,172,0.3164008855819702,4.895389080047607,48,100.0
discretization,1,fno,-1.5,4800.0,4808.0,5,176,0.3665406703948974,6.811445236206055,48,100.0
discretization,1,fno,-10.0,1440.0,1456.0,0,70,0.7531778812408447,9.806629180908203,48,30.0
discretization,1,fno,-10.0,1440.0,1440.0,1,70,0.7169637084007263,10.074178695678713,48,30.0
discretization,1,fno,-10.0,1440.0,1444.0,2,71,0.8014281392097473,6.513028621673584,48,30.0
discretization,1,fno,-10.0,1440.0,1456.0,3,70,0.7848330736160278,9.93666934967041,48,30.0
discretization,1,fno,-10.0,1440.0,1440.0,4,70,0.7696651220321655,11.03042697906494,48,30.0
discretization,1,fno,-10.0,1440.0,1452.0,5,71,0.7327572703361511,10.007875442504885,48,30.0
discretization,1,fno,-10.0,480.0,488.0,0,24,1.0085124969482422,9.075149536132812,48,10.0
discretization,1,fno,-10.0,480.0,484.0,1,23,1.0652693510055542,9.389561653137209,48,10.0
discretization,1,fno,-10.0,480.0,488.0,2,24,1.1192106008529663,11.618876457214355,48,10.0
discretization,1,fno,-10.0,480.0,480.0,3,22,1.8221131563186648,9.200404167175291,48,10.0
discretization,1,fno,-10.0,480.0,484.0,4,23,1.9809415340423584,13.632381439208984,48,10.0
discretization,1,fno,-10.0,480.0,488.0,5,24,1.0348515510559082,11.18413257598877,48,10.0
discretization,1,fno,-15.0,1440.0,1444.0,0,71,0.8272264003753662,6.547862529754639,48,30.0
discretization,1,fno,-15.0,1440.0,1440.0,1,72,0.7589874863624573,12.160375595092772,48,30.0
discretization,1,fno,-15.0,1440.0,1440.0,2,72,0.7171640396118164,7.549814224243164,48,30.0
discretization,1,fno,-15.0,1440.0,1444.0,3,71,0.7778080701828003,11.342719078063965,48,30.0
discretization,1,fno,-15.0,1440.0,1456.0,4,72,0.7104705572128296,8.668028831481934,48,30.0
discretization,1,fno,-15.0,1440.0,1440.0,5,72,0.7380949258804321,11.09665298461914,48,30.0
discretization,1,fno,-15.0,480.0,480.0,0,24,1.13065767288208,15.05788516998291,48,10.0
discretization,1,fno,-15.0,480.0,480.0,1,24,1.171010136604309,14.93013858795166,48,10.0
discretization,1,fno,-15.0,480.0,480.0,2,24,1.081785798072815,10.41663646697998,48,10.0
discretization,1,fno,-15.0,480.0,496.0,3,24,1.055928111076355,7.837807655334473,48,10.0
discretization,1,fno,-15.0,480.0,496.0,4,24,1.4223836660385132,11.589378356933594,48,10.0
discretization,1,fno,-15.0,480.0,480.0,5,24,1.2445803880691528,15.933050155639648,48,10.0
discretization,1,fno,-2.0,1440.0,1456.0,0,55,1.0010499954223633,12.067863464355469,48,30.0
discretization,1,fno,-2.0,1440.0,1444.0,1,56,0.9334741234779358,11.916638374328612,48,30.0
discretization,1,fno,-2.0,1440.0,1452.0,2,56,0.7809789180755615,9.292346954345703,48,30.0
discretization,1,fno,-2.0,1440.0,1444.0,3,53,0.8309877514839172,14.22390842437744,48,30.0
discretization,1,fno,-2.0,1440.0,1444.0,4,55,0.958923637866974,12.860688209533691,48,30.0
discretization,1,fno,-2.0,1440.0,1456.0,5,52,0.8324002027511597,15.814080238342283,48,30.0
discretization,1,fno,-2.0,14400.0,14400.0,0,537,0.1701379716396331,3.553164005279541,48,300.0
discretization,1,fno,-2.0,14400.0,14408.0,1,532,0.164956048130989,2.286970853805542,48,300.0
discretization,1,fno,-2.0,14400.0,14424.0,2,544,0.1713153272867202,2.235517740249634,48,300.0
discretization,1,fno,-2.0,14400.0,14408.0,3,520,0.2059744447469711,3.037062406539917,48,300.0
discretization,1,fno,-2.0,14400.0,14408.0,4,545,0.1445103138685226,2.1448049545288086,48,300.0
discretization,1,fno,-2.0,14400.0,14408.0,5,554,0.1637372523546219,2.2128937244415283,48,300.0
discretization,1,fno,-2.0,144000.0,144004.0,0,5400,0.0921587571501731,1.8188817501068115,48,3000.0
discretization,1,fno,-2.0,144000.0,144008.0,1,5366,0.0849976167082786,1.3163524866104126,48,3000.0
discretization,1,fno,-2.0,144000.0,144008.0,2,5394,0.0964132919907569,1.4994854927062988,48,3000.0
discretization,1,fno,-2.0,144000.0,144004.0,3,5378,0.0844613835215568,1.3797674179077148,48,3000.0
discretization,1,fno,-2.0,144000.0,144008.0,4,5429,0.0873920023441314,1.5591387748718262,48,3000.0
discretization,1,fno,-2.0,144000.0,144004.0,5,5426,0.0907854065299034,1.415883183479309,48,3000.0
discretization,1,fno,-2.0,480.0,500.0,0,18,1.6378861665725708,12.982684135437012,48,10.0
discretization,1,fno,-2.0,480.0,504.0,1,18,1.5007277727127075,14.39216423034668,48,10.0
discretization,1,fno,-2.0,480.0,484.0,2,21,2.0066967010498047,8.808113098144531,48,10.0
discretization,1,fno,-2.0,480.0,488.0,3,16,1.1909997463226318,10.307488441467283,48,10.0
discretization,1,fno,-2.0,480.0,500.0,4,19,1.624082326889038,12.68016529083252,48,10.0
discretization,1,fno,-2.0,480.0,488.0,5,17,1.3736263513565063,13.086444854736328,48,10.0
discretization,1,fno,-2.0,4800.0,4808.0,0,178,0.5064507126808167,7.789716720581055,48,100.0
discretization,1,fno,-2.0,4800.0,4816.0,1,180,0.381525844335556,5.700886249542236,48,100.0
discretization,1,fno,-2.0,4800.0,4816.0,2,186,0.3492388725280761,5.296546459197998,48,100.0
discretization,1,fno,-2.0,4800.0,4804.0,3,168,0.3925970494747162,7.120790481567383,48,100.0
discretization,1,fno,-2.0,4800.0,4800.0,4,182,0.3272513449192047,5.274379730224609,48,100.0
discretization,1,fno,-2.0,4800.0,4804.0,5,184,0.3508756160736084,6.453193187713623,48,100.0
discretization,1,fno,-2.0,48000.0,48004.0,0,1798,0.1061810851097107,2.2401907444000244,48,1000.0
discretization,1,fno,-2.0,48000.0,48020.0,1,1790,0.1029048487544059,1.4339247941970823,48,1000.0
discretization,1,fno,-2.0,48000.0,48004.0,2,1792,0.1079045012593269,1.7275789976119995,48,1000.0
discretization,1,fno,-2.0,48000.0,48032.0,3,1775,0.111429825425148,1.5631382465362549,48,1000.0
discretization,1,fno,-2.0,48000.0,48008.0,4,1830,0.0988881662487983,1.7957316637039185,48,1000.0
discretization,1,fno,-2.0,48000.0,48004.0,5,1814,0.0926776230335235,1.471553921699524,48,1000.0
discretization,1,fno,-2.0,480000.0,480000.0,0,17903,0.0853873416781425,1.797999382019043,48,10000.0
discretization,1,fno,-2.0,480000.0,480008.0,1,18037,0.0727075487375259,1.2506866455078125,48,10000.0
discretization,1,fno,-2.0,480000.0,480016.0,2,18016,0.0828743726015091,1.4539233446121216,48,10000.0
discretization,1,fno,-2.0,480000.0,480008.0,3,17980,0.0843833610415458,1.3204421997070312,48,10000.0
discretization,1,fno,-2.0,480000.0,480020.0,4,18053,0.0792553499341011,1.3523080348968506,48,10000.0
discretization,1,fno,-2.0,480000.0,480028.0,5,18040,0.0814008116722107,1.2912991046905518,48,10000.0
discretization,1,fno,-2.5,14400.0,14420.0,0,556,0.167118489742279,3.3844900131225586,48,300.0
discretization,1,fno,-2.5,14400.0,14412.0,1,555,0.1710840910673141,2.2508506774902344,48,300.0
discretization,1,fno,-2.5,14400.0,14432.0,2,563,0.1763020306825637,2.244159460067749,48,300.0
discretization,1,fno,-2.5,14400.0,14400.0,3,549,0.183421105146408,2.677119493484497,48,300.0
discretization,1,fno,-2.5,14400.0,14400.0,4,572,0.1544512659311294,2.114545583724976,48,300.0
discretization,1,fno,-2.5,14400.0,14400.0,5,573,0.148591861128807,2.274400472640991,48,300.0
discretization,1,fno,-2.5,4800.0,4824.0,0,183,0.4886817336082458,7.643090724945068,48,100.0
discretization,1,fno,-2.5,4800.0,4804.0,1,186,0.3590624928474426,5.376840114593506,48,100.0
discretization,1,fno,-2.5,4800.0,4804.0,2,192,0.3434944748878479,5.218477725982666,48,100.0
discretization,1,fno,-2.5,4800.0,4824.0,3,179,0.3670650422573089,7.075844764709473,48,100.0
discretization,1,fno,-2.5,4800.0,4816.0,4,190,0.2921586632728576,4.512034893035889,48,100.0
discretization,1,fno,-2.5,4800.0,4812.0,5,191,0.3283611536026001,6.212130069732666,48,100.0
discretization,1,fno,-20.0,1440.0,1440.0,0,72,0.8514233231544495,10.563838958740234,48,30.0
discretization,1,fno,-20.0,1440.0,1440.0,1,72,0.7589874863624573,12.160375595092772,48,30.0
discretization,1,fno,-20.0,1440.0,1440.0,2,72,0.7171640396118164,7.549814224243164,48,30.0
discretization,1,fno,-20.0,1440.0,1448.0,3,72,0.7152475714683533,7.543113231658935,48,30.0
discretization,1,fno,-20.0,1440.0,1448.0,4,72,0.7542718052864075,9.471213340759276,48,30.0
discretization,1,fno,-20.0,1440.0,1440.0,5,72,0.7380949258804321,11.09665298461914,48,30.0
discretization,1,fno,-20.0,14400.0,14404.0,0,719,0.3766230642795563,3.105658531188965,48,300.0
discretization,1,fno,-20.0,14400.0,14412.0,1,719,0.2672329246997833,2.976325511932373,48,300.0
discretization,1,fno,-20.0,14400.0,14400.0,2,720,0.5300160646438599,2.270146131515503,48,300.0
discretization,1,fno,-20.0,14400.0,14408.0,3,720,0.5068129897117615,2.6588070392608643,48,300.0
discretization,1,fno,-20.0,14400.0,14412.0,4,719,0.3493888080120086,2.4889976978302,48,300.0
discretization,1,fno,-20.0,14400.0,14416.0,5,720,0.2992018163204193,3.1341140270233154,48,300.0
discretization,1,fno,-20.0,144000.0,144008.0,0,7192,0.2680253982543945,2.773014545440674,48,3000.0
discretization,1,fno,-20.0,144000.0,144008.0,1,7192,0.2262240201234817,2.808781623840332,48,3000.0
discretization,1,fno,-20.0,144000.0,144012.0,2,7195,0.442777007818222,2.289635181427002,48,3000.0
discretization,1,fno,-20.0,144000.0,144004.0,3,7189,0.3655690550804138,2.625184297561645,48,3000.0
discretization,1,fno,-20.0,144000.0,144000.0,4,7192,0.2787716090679168,2.181849718093872,48,3000.0
discretization,1,fno,-20.0,144000.0,144004.0,5,7191,0.2941823601722717,1.9723483324050903,48,3000.0
discretization,1,fno,-20.0,480.0,480.0,0,24,1.13065767288208,15.05788516998291,48,10.0
discretization,1,fno,-20.0,480.0,480.0,1,24,1.171010136604309,14.93013858795166,48,10.0
discretization,1,fno,-20.0,480.0,480.0,2,24,1.081785798072815,10.41663646697998,48,10.0
discretization,1,fno,-20.0,480.0,488.0,3,24,1.0576454401016235,9.354381561279297,48,10.0
discretization,1,fno,-20.0,480.0,488.0,4,24,1.5267266035079956,12.423162460327148,48,10.0
discretization,1,fno,-20.0,480.0,480.0,5,24,1.2445803880691528,15.933050155639648,48,10.0
discretization,1,fno,-20.0,4800.0,4808.0,0,240,0.6117841005325317,4.438638687133789,48,100.0
discretization,1,fno,-20.0,4800.0,4808.0,1,240,0.4244135320186615,4.196661472320557,48,100.0
discretization,1,fno,-20.0,4800.0,4800.0,2,240,0.5356993675231934,3.7270891666412354,48,100.0
discretization,1,fno,-20.0,4800.0,4808.0,3,240,0.5391658544540405,3.647003412246704,48,100.0
discretization,1,fno,-20.0,4800.0,4816.0,4,240,0.4028301239013672,3.385287284851074,48,100.0
discretization,1,fno,-20.0,4800.0,4800.0,5,240,0.4339768886566162,5.27143669128418,48,100.0
discretization,1,fno,-20.0,48000.0,48004.0,0,2397,0.2910071611404419,3.2559781074523926,48,1000.0
discretization,1,fno,-20.0,48000.0,48000.0,1,2398,0.2049838900566101,2.613922119140625,48,1000.0
discretization,1,fno,-20.0,48000.0,48016.0,2,2398,0.4121180176734924,1.9980486631393437,48,1000.0
discretization,1,fno,-20.0,48000.0,48000.0,3,2398,0.3448958396911621,2.086467742919922,48,1000.0
discretization,1,fno,-20.0,48000.0,48012.0,4,2397,0.268380343914032,1.7488601207733154,48,1000.0
discretization,1,fno,-20.0,48000.0,48008.0,5,2398,0.2756655812263489,2.8537228107452397,48,1000.0
discretization,1,fno,-20.0,480000.0,480000.0,0,23970,0.2662250101566314,3.2818093299865723,48,10000.0
discretization,1,fno,-20.0,480000.0,480012.0,1,23967,0.2377275228500366,2.274986267089844,48,10000.0
discretization,1,fno,-20.0,480000.0,480016.0,2,23972,0.3610089123249054,2.43224573135376,48,10000.0
discretization,1,fno,-20.0,480000.0,480008.0,3,23964,0.3336690962314605,2.131803512573242,48,10000.0
discretization,1,fno,-20.0,480000.0,480008.0,4,23966,0.2734458446502685,1.296419978141785,48,10000.0
discretization,1,fno,-20.0,480000.0,480004.0,5,23967,0.2933620512485504,1.961838960647583,48,10000.0
discretization,1,fno,-3.0,1440.0,1452.0,0,58,0.9167153835296632,11.993861198425291,48,30.0
discretization,1,fno,-3.0,1440.0,1444.0,1,59,0.8715454936027527,11.405296325683594,48,30.0
discretization,1,fno,-3.0,1440.0,1472.0,2,62,0.6908414363861084,10.965476036071776,48,30.0
discretization,1,fno,-3.0,1440.0,1456.0,3,58,0.827088475227356,15.336396217346191,48,30.0
discretization,1,fno,-3.0,1440.0,1456.0,4,60,0.7985790967941284,10.450207710266112,48,30.0
discretization,1,fno,-3.0,1440.0,1444.0,5,55,0.7838315963745117,13.025946617126465,48,30.0
discretization,1,fno,-3.0,14400.0,14412.0,0,578,0.166359931230545,3.6679515838623047,48,300.0
discretization,1,fno,-3.0,14400.0,14408.0,1,580,0.1583569943904876,2.4913954734802246,48,300.0
discretization,1,fno,-3.0,14400.0,14412.0,2,583,0.1550165116786956,2.268871068954468,48,300.0
discretization,1,fno,-3.0,14400.0,14404.0,3,571,0.1854712963104248,2.920374631881714,48,300.0
discretization,1,fno,-3.0,14400.0,14416.0,4,596,0.1434888690710067,2.3555259704589844,48,300.0
discretization,1,fno,-3.0,14400.0,14400.0,5,593,0.1585156917572021,2.411273241043091,48,300.0
discretization,1,fno,-3.0,144000.0,144000.0,0,5838,0.0889120623469352,1.8245203495025637,48,3000.0
discretization,1,fno,-3.0,144000.0,144000.0,1,5805,0.0839326679706573,1.3001946210861206,48,3000.0
discretization,1,fno,-3.0,144000.0,144012.0,2,5840,0.0979249849915504,1.524632215499878,48,3000.0
discretization,1,fno,-3.0,144000.0,144020.0,3,5815,0.0892494097352027,1.4297277927398682,48,3000.0
discretization,1,fno,-3.0,144000.0,144008.0,4,5852,0.0829421207308769,1.523495316505432,48,3000.0
discretization,1,fno,-3.0,144000.0,144008.0,5,5856,0.0866872444748878,1.4610650539398191,48,3000.0
discretization,1,fno,-3.0,480.0,496.0,0,19,2.012071132659912,11.249921798706056,48,10.0
discretization,1,fno,-3.0,480.0,488.0,1,19,1.312324285507202,13.392745971679688,48,10.0
discretization,1,fno,-3.0,480.0,504.0,2,22,1.4416216611862185,9.910234451293944,48,10.0
discretization,1,fno,-3.0,480.0,492.0,3,18,1.2682998180389404,12.877321243286133,48,10.0
discretization,1,fno,-3.0,480.0,484.0,4,19,1.6164398193359375,12.101584434509276,48,10.0
discretization,1,fno,-3.0,480.0,480.0,5,18,1.3704590797424316,13.281381607055664,48,10.0
discretization,1,fno,-3.0,4800.0,4808.0,0,191,0.4770202934741974,6.540748119354248,48,100.0
discretization,1,fno,-3.0,4800.0,4804.0,1,193,0.3563172817230224,5.150659084320068,48,100.0
discretization,1,fno,-3.0,4800.0,4828.0,2,199,0.3355910181999206,4.38157320022583,48,100.0
discretization,1,fno,-3.0,4800.0,4800.0,3,185,0.4134133160114288,8.332971572875977,48,100.0
discretization,1,fno,-3.0,4800.0,4804.0,4,196,0.2729061841964721,4.696732044219971,48,100.0
discretization,1,fno,-3.0,4800.0,4808.0,5,197,0.3173613846302032,5.353337287902832,48,100.0
discretization,1,fno,-3.0,48000.0,48016.0,0,1933,0.1012479215860366,2.163773775100708,48,1000.0
discretization,1,fno,-3.0,48000.0,48016.0,1,1938,0.0992150977253913,1.6062949895858765,48,1000.0
discretization,1,fno,-3.0,48000.0,48024.0,2,1937,0.1140185892581939,1.4892066717147827,48,1000.0
discretization,1,fno,-3.0,48000.0,48028.0,3,1936,0.0996088609099388,1.507896900177002,48,1000.0
discretization,1,fno,-3.0,48000.0,48004.0,4,1969,0.083290010690689,1.8119237422943115,48,1000.0
discretization,1,fno,-3.0,48000.0,48016.0,5,1949,0.0911416783928871,1.6180521249771118,48,1000.0
discretization,1,fno,-3.0,480000.0,480024.0,0,19348,0.0779316872358322,1.5042057037353516,48,10000.0
discretization,1,fno,-3.0,480000.0,480008.0,1,19470,0.0795118957757949,1.2240779399871826,48,10000.0
discretization,1,fno,-3.0,480000.0,480032.0,2,19492,0.0876583382487297,1.5423085689544678,48,10000.0
discretization,1,fno,-3.0,480000.0,480012.0,3,19419,0.0761078298091888,1.41875422000885,48,10000.0
discretization,1,fno,-3.0,480000.0,480020.0,4,19483,0.0794985145330429,1.501731514930725,48,10000.0
discretization,1,fno,-3.0,480000.0,480004.0,5,19496,0.0855513364076614,1.4125105142593384,48,10000.0
discretization,1,fno,-3.5,14400.0,14412.0,0,598,0.179416686296463,3.5017125606536865,48,300.0
discretization,1,fno,-3.5,14400.0,14424.0,1,592,0.1619578152894973,2.437410831451416,48,300.0
discretization,1,fno,-3.5,14400.0,14416.0,2,604,0.1354577094316482,2.323068380355835,48,300.0
discretization,1,fno,-3.5,14400.0,14408.0,3,591,0.170609563589096,2.714848518371582,48,300.0
discretization,1,fno,-3.5,14400.0,14400.0,4,612,0.1239267885684967,2.525108575820923,48,300.0
discretization,1,fno,-3.5,14400.0,14400.0,5,619,0.1648794561624527,2.433018684387207,48,300.0
discretization,1,fno,-3.5,4800.0,4804.0,0,198,0.5254749059677124,6.388863563537598,48,100.0
discretization,1,fno,-3.5,4800.0,4800.0,1,198,0.3660839796066284,5.427996635437012,48,100.0
discretization,1,fno,-3.5,4800.0,4808.0,2,206,0.3466046750545501,4.138061046600342,48,100.0
discretization,1,fno,-3.5,4800.0,4812.0,3,191,0.4434802234172821,8.41073226928711,48,100.0
discretization,1,fno,-3.5,4800.0,4812.0,4,202,0.2936576902866363,4.256627559661865,48,100.0
discretization,1,fno,-3.5,4800.0,4800.0,5,206,0.3566255569458008,5.56260871887207,48,100.0
discretization,1,fno,-4.0,1440.0,1456.0,0,62,0.8355509638786316,10.778613090515137,48,30.0
discretization,1,fno,-4.0,1440.0,1448.0,1,62,0.8096885681152344,10.544482231140137,48,30.0
discretization,1,fno,-4.0,1440.0,1448.0,2,64,0.7105914354324341,10.273818016052246,48,30.0
discretization,1,fno,-4.0,1440.0,1464.0,3,61,0.8885809779167175,15.450651168823242,48,30.0
discretization,1,fno,-4.0,1440.0,1444.0,4,63,0.679400622844696,11.409525871276855,48,30.0
discretization,1,fno,-4.0,1440.0,1440.0,5,62,0.7025196552276611,11.847108840942385,48,30.0
discretization,1,fno,-4.0,14400.0,14404.0,0,612,0.1833704262971878,3.755294799804688,48,300.0
discretization,1,fno,-4.0,14400.0,14412.0,1,610,0.1653618365526199,2.3548381328582764,48,300.0
discretization,1,fno,-4.0,14400.0,14400.0,2,623,0.1652990281581878,2.3089075088500977,48,300.0
discretization,1,fno,-4.0,14400.0,14412.0,3,609,0.1692915707826614,2.6293785572052,48,300.0
discretization,1,fno,-4.0,14400.0,14400.0,4,626,0.1234885975718498,2.0768392086029053,48,300.0
discretization,1,fno,-4.0,14400.0,14400.0,5,632,0.142151653766632,2.7333314418792725,48,300.0
discretization,1,fno,-4.0,480.0,500.0,0,21,1.627943515777588,12.447248458862305,48,10.0
discretization,1,fno,-4.0,480.0,480.0,1,20,1.4318599700927734,15.271903038024902,48,10.0
discretization,1,fno,-4.0,480.0,500.0,2,23,1.3763939142227173,13.011237144470217,48,10.0
discretization,1,fno,-4.0,480.0,492.0,3,19,1.2315597534179688,10.549408912658691,48,10.0
discretization,1,fno,-4.0,480.0,492.0,4,21,1.3077456951141355,13.87369155883789,48,10.0
discretization,1,fno,-4.0,480.0,492.0,5,21,1.1779433488845823,15.232216835021973,48,10.0
discretization,1,fno,-4.0,4800.0,4812.0,0,202,0.495972216129303,6.395022392272949,48,100.0
discretization,1,fno,-4.0,4800.0,4808.0,1,202,0.3422818183898926,4.66501522064209,48,100.0
discretization,1,fno,-4.0,4800.0,4812.0,2,211,0.3476711213588714,4.65782356262207,48,100.0
discretization,1,fno,-4.0,4800.0,4800.0,3,198,0.4126070439815521,6.428473472595215,48,100.0
discretization,1,fno,-4.0,4800.0,4804.0,4,207,0.2939436733722687,4.223655223846436,48,100.0
discretization,1,fno,-4.0,4800.0,4816.0,5,211,0.3449475169181824,5.214648246765137,48,100.0
discretization,1,fno,-5.0,1440.0,1456.0,0,64,0.826196014881134,11.406160354614258,48,30.0
discretization,1,fno,-5.0,1440.0,1444.0,1,65,0.7488582730293274,10.574020385742188,48,30.0
discretization,1,fno,-5.0,1440.0,1452.0,2,67,0.6859884262084961,8.434370994567871,48,30.0
discretization,1,fno,-5.0,1440.0,1456.0,3,63,0.7822368741035461,12.505572319030762,48,30.0
discretization,1,fno,-5.0,1440.0,1440.0,4,65,0.7844824194908142,12.429679870605469,48,30.0
discretization,1,fno,-5.0,1440.0,1456.0,5,64,0.7633931040763855,14.296072959899902,48,30.0
discretization,1,fno,-5.0,14400.0,14412.0,0,639,0.1718520820140838,3.769493818283081,48,300.0
discretization,1,fno,-5.0,14400.0,14428.0,1,638,0.1626250445842743,2.2496118545532227,48,300.0
discretization,1,fno,-5.0,14400.0,14412.0,2,647,0.1838031411170959,2.1454086303710938,48,300.0
discretization,1,fno,-5.0,14400.0,14416.0,3,635,0.2266200333833694,2.412140369415283,48,300.0
discretization,1,fno,-5.0,14400.0,14404.0,4,651,0.1522192656993866,2.43998646736145,48,300.0
discretization,1,fno,-5.0,14400.0,14408.0,5,654,0.140547290444374,2.601013422012329,48,300.0
discretization,1,fno,-5.0,144000.0,144008.0,0,6440,0.0895164012908935,1.9366754293441768,48,3000.0
discretization,1,fno,-5.0,144000.0,144016.0,1,6438,0.0884770005941391,1.6970040798187256,48,3000.0
discretization,1,fno,-5.0,144000.0,144016.0,2,6456,0.0991674587130546,1.7498342990875244,48,3000.0
discretization,1,fno,-5.0,144000.0,144000.0,3,6413,0.0832401067018508,1.3924610614776611,48,3000.0
discretization,1,fno,-5.0,144000.0,144004.0,4,6461,0.0897174850106239,1.8466088771820068,48,3000.0
discretization,1,fno,-5.0,144000.0,144028.0,5,6486,0.0932131335139274,1.5479910373687744,48,3000.0
discretization,1,fno,-5.0,480.0,492.0,0,21,1.327170968055725,12.490234375,48,10.0
discretization,1,fno,-5.0,480.0,512.0,1,22,1.1987712383270264,13.854703903198242,48,10.0
discretization,1,fno,-5.0,480.0,492.0,2,23,1.1756454706192017,13.80268669128418,48,10.0
discretization,1,fno,-5.0,480.0,480.0,3,19,1.246815800666809,10.899041175842283,48,10.0
discretization,1,fno,-5.0,480.0,480.0,4,21,1.4436681270599363,14.52926254272461,48,10.0
discretization,1,fno,-5.0,480.0,484.0,5,21,1.2258137464523315,15.466139793395996,48,10.0
discretization,1,fno,-5.0,4800.0,4812.0,0,210,0.5174166560173035,5.876495838165283,48,100.0
discretization,1,fno,-5.0,4800.0,4808.0,1,214,0.3879686594009399,4.917921543121338,48,100.0
discretization,1,fno,-5.0,4800.0,4816.0,2,218,0.3546086549758911,3.8874897956848153,48,100.0
discretization,1,fno,-5.0,4800.0,4816.0,3,207,0.4242890179157257,6.090384483337402,48,100.0
discretization,1,fno,-5.0,4800.0,4816.0,4,217,0.2991612255573272,4.65156364440918,48,100.0
discretization,1,fno,-5.0,4800.0,4804.0,5,217,0.3893488943576813,4.784419536590576,48,100.0
discretization,1,fno,-5.0,48000.0,48000.0,0,2139,0.1191415414214134,2.231995105743408,48,1000.0
discretization,1,fno,-5.0,48000.0,48008.0,1,2145,0.1039073169231414,1.6740272045135498,48,1000.0
discretization,1,fno,-5.0,48000.0,48004.0,2,2139,0.128853440284729,1.7338720560073853,48,1000.0
discretization,1,fno,-5.0,48000.0,48012.0,3,2129,0.1104999780654907,1.8821587562561035,48,1000.0
discretization,1,fno,-5.0,48000.0,48016.0,4,2174,0.0794322341680526,1.850141286849976,48,1000.0
discretization,1,fno,-5.0,48000.0,48000.0,5,2169,0.0968223363161087,1.6842700242996216,48,1000.0
discretization,1,fno,-5.0,480000.0,480008.0,0,21436,0.0857039242982864,1.970532178878784,48,10000.0
discretization,1,fno,-5.0,480000.0,480012.0,1,21498,0.0836895704269409,1.572003722190857,48,10000.0
discretization,1,fno,-5.0,480000.0,480012.0,2,21525,0.085479162633419,1.7201061248779297,48,10000.0
discretization,1,fno,-5.0,480000.0,480004.0,3,21449,0.0781450942158699,1.4459627866744995,48,10000.0
discretization,1,fno,-5.0,480000.0,480000.0,4,21529,0.0853432267904281,1.5684672594070437,48,10000.0
discretization,1,fno,-5.0,480000.0,480000.0,5,21536,0.089572824537754,1.5243836641311646,48,10000.0
discretization,1,fno,-7.0,1440.0,1444.0,0,67,0.787121057510376,8.931051254272461,48,30.0
discretization,1,fno,-7.0,1440.0,1452.0,1,69,0.770750105381012,10.891071319580078,48,30.0
discretization,1,fno,-7.0,1440.0,1456.0,2,70,0.6363808512687683,8.94703483581543,48,30.0
discretization,1,fno,-7.0,1440.0,1444.0,3,67,0.7676296234130859,11.59380340576172,48,30.0
discretization,1,fno,-7.0,1440.0,1448.0,4,67,0.9298180937767028,12.37906551361084,48,30.0
discretization,1,fno,-7.0,1440.0,1448.0,5,68,0.6976251006126404,8.270069122314453,48,30.0
discretization,1,fno,-7.0,480.0,492.0,0,23,1.5337814092636108,16.979536056518555,48,10.0
discretization,1,fno,-7.0,480.0,484.0,1,23,1.0652693510055542,9.389561653137209,48,10.0
discretization,1,fno,-7.0,480.0,496.0,2,24,1.2275370359420776,15.288033485412598,48,10.0
discretization,1,fno,-7.0,480.0,496.0,3,22,1.2099018096923828,13.184258460998535,48,10.0
discretization,1,fno,-7.0,480.0,492.0,4,22,1.9729458093643188,13.965057373046877,48,10.0
discretization,1,fno,-7.0,480.0,480.0,5,22,1.143083572387695,10.964139938354492,48,10.0
discretization,1,fno,0.0,1440.0,1460.0,0,45,1.0910753011703491,14.347634315490724,48,30.0
discretization,1,fno,0.0,1440.0,1464.0,1,46,1.1963675022125244,12.864704132080078,48,30.0
discretization,1,fno,0.0,1440.0,1460.0,2,44,0.8418119549751282,11.69084930419922,48,30.0
discretization,1,fno,0.0,1440.0,1456.0,3,43,1.0347260236740112,15.164984703063965,48,30.0
discretization,1,fno,0.0,1440.0,1452.0,4,45,0.9599059224128724,14.89910125732422,48,30.0
discretization,1,fno,0.0,1440.0,1440.0,5,41,1.1473255157470703,13.867170333862305,48,30.0
discretization,1,fno,0.0,14400.0,14440.0,0,435,0.2358900010585785,4.214318752288818,48,300.0
discretization,1,fno,0.0,14400.0,14404.0,1,437,0.1969016939401626,2.421508312225342,48,300.0
discretization,1,fno,0.0,14400.0,14420.0,2,438,0.2003062814474105,2.67549729347229,48,300.0
discretization,1,fno,0.0,14400.0,14440.0,3,423,0.2181196361780166,3.11704158782959,48,300.0
discretization,1,fno,0.0,14400.0,14436.0,4,441,0.1690584868192672,2.1875665187835693,48,300.0
discretization,1,fno,0.0,14400.0,14400.0,5,444,0.1638032644987106,2.581272840499878,48,300.0
discretization,1,fno,0.0,144000.0,144008.0,0,4369,0.0878126695752143,1.675391674041748,48,3000.0
discretization,1,fno,0.0,144000.0,144004.0,1,4356,0.0788579285144805,1.2521226406097412,48,3000.0
discretization,1,fno,0.0,144000.0,144024.0,2,4355,0.0894930437207222,1.4675097465515137,48,3000.0
discretization,1,fno,0.0,144000.0,144000.0,3,4332,0.0778034031391143,1.3259835243225098,48,3000.0
discretization,1,fno,0.0,144000.0,144008.0,4,4374,0.0761306956410408,1.3475767374038696,48,3000.0
discretization,1,fno,0.0,144000.0,144012.0,5,4370,0.089720107614994,1.3334951400756836,48,3000.0
discretization,1,fno,0.0,480.0,500.0,0,13,1.6434615850448608,14.62016487121582,48,10.0
discretization,1,fno,0.0,480.0,520.0,1,15,2.3260340690612797,13.479689598083496,48,10.0
discretization,1,fno,0.0,480.0,480.0,2,17,1.325254201889038,13.309557914733888,48,10.0
discretization,1,fno,0.0,480.0,504.0,3,14,1.3764392137527466,12.755573272705078,48,10.0
discretization,1,fno,0.0,480.0,500.0,4,17,1.6288210153579712,12.249638557434082,48,10.0
discretization,1,fno,0.0,480.0,504.0,5,14,1.4326283931732178,13.10821533203125,48,10.0
discretization,1,fno,0.0,4800.0,4832.0,0,150,0.5871418118476868,9.18826961517334,48,100.0
discretization,1,fno,0.0,4800.0,4800.0,1,145,0.4403965771198272,6.939168453216553,48,100.0
discretization,1,fno,0.0,4800.0,4808.0,2,150,0.3861390650272369,5.183415412902832,48,100.0
discretization,1,fno,0.0,4800.0,4824.0,3,137,0.4633505046367645,8.688691139221191,48,100.0
discretization,1,fno,0.0,4800.0,4800.0,4,148,0.3698000311851501,4.605003833770752,48,100.0
discretization,1,fno,0.0,4800.0,4800.0,5,147,0.381683200597763,7.255248069763184,48,100.0
discretization,1,fno,0.0,48000.0,48008.0,0,1442,0.1084220856428146,2.43336820602417,48,1000.0
discretization,1,fno,0.0,48000.0,48016.0,1,1441,0.1060881987214088,1.3929287195205688,48,1000.0
discretization,1,fno,0.0,48000.0,48000.0,2,1445,0.1218417510390281,1.6557936668395996,48,1000.0
discretization,1,fno,0.0,48000.0,48016.0,3,1435,0.116329550743103,1.593109130859375,48,1000.0
discretization,1,fno,0.0,48000.0,48008.0,4,1477,0.1060896813869476,1.641399383544922,48,1000.0
discretization,1,fno,0.0,48000.0,48036.0,5,1468,0.1014002487063407,1.5301674604415894,48,1000.0
discretization,1,fno,0.0,480000.0,480024.0,0,14511,0.0816142037510871,1.7213177680969238,48,10000.0
discretization,1,fno,0.0,480000.0,480020.0,1,14561,0.0725388005375862,1.144755721092224,48,10000.0
discretization,1,fno,0.0,480000.0,480000.0,2,14481,0.0804289504885673,1.2773698568344116,48,10000.0
discretization,1,fno,0.0,480000.0,480000.0,3,14506,0.0734814032912254,1.2505732774734497,48,10000.0
discretization,1,fno,0.0,480000.0,480012.0,4,14540,0.0760780721902847,1.0951679944992063,48,10000.0
discretization,1,fno,0.0,480000.0,480016.0,5,14550,0.0741238966584205,1.1950175762176514,48,10000.0
discretization,1,fno,0.5,1440.0,1456.0,0,42,1.1552269458770752,14.276241302490234,48,30.0
discretization,1,fno,0.5,1440.0,1476.0,1,44,0.9997389912605286,12.109167098999023,48,30.0
discretization,1,fno,0.5,1440.0,1444.0,2,41,0.8891648650169373,12.184158325195312,48,30.0
discretization,1,fno,0.5,1440.0,1460.0,3,42,1.031089186668396,16.6547908782959,48,30.0
discretization,1,fno,0.5,1440.0,1464.0,4,42,0.8020870685577393,13.631144523620604,48,30.0
discretization,1,fno,0.5,1440.0,1440.0,5,39,1.1534639596939087,13.361151695251465,48,30.0
discretization,1,fno,0.5,14400.0,14444.0,0,414,0.2480265349149704,4.326362133026123,48,300.0
discretization,1,fno,0.5,14400.0,14408.0,1,413,0.1897123605012893,2.612513303756714,48,300.0
discretization,1,fno,0.5,14400.0,14436.0,2,412,0.2043888866901397,2.8409953117370605,48,300.0
discretization,1,fno,0.5,14400.0,14428.0,3,403,0.2116935849189758,3.497162342071533,48,300.0
discretization,1,fno,0.5,14400.0,14400.0,4,413,0.1839988678693771,2.287400722503662,48,300.0
discretization,1,fno,0.5,14400.0,14400.0,5,420,0.1656209528446197,2.565965414047241,48,300.0
discretization,1,fno,0.5,144000.0,144020.0,0,4118,0.0856708288192749,1.758829951286316,48,3000.0
discretization,1,fno,0.5,144000.0,144040.0,1,4122,0.0826438292860984,1.1888846158981323,48,3000.0
discretization,1,fno,0.5,144000.0,144000.0,2,4112,0.0915733128786087,1.4038090705871582,48,3000.0
discretization,1,fno,0.5,144000.0,144024.0,3,4095,0.0734429582953453,1.2379310131072998,48,3000.0
discretization,1,fno,0.5,144000.0,144008.0,4,4124,0.0756303519010543,1.486290693283081,48,3000.0
discretization,1,fno,0.5,144000.0,144008.0,5,4130,0.0817957445979118,1.1685885190963743,48,3000.0
discretization,1,fno,0.5,480.0,516.0,0,13,1.587870478630066,15.979358673095703,48,10.0
discretization,1,fno,0.5,480.0,492.0,1,14,2.4478096961975098,13.36678695678711,48,10.0
discretization,1,fno,0.5,480.0,480.0,2,15,1.427778244018555,13.319817543029783,48,10.0
discretization,1,fno,0.5,480.0,504.0,3,13,1.498268961906433,10.51285457611084,48,10.0
discretization,1,fno,0.5,480.0,516.0,4,16,1.5625114440917969,11.048343658447266,48,10.0
discretization,1,fno,0.5,480.0,524.0,5,14,1.4279121160507202,12.737550735473633,48,10.0
discretization,1,fno,0.5,4800.0,4844.0,0,143,0.5812938809394836,10.233604431152344,48,100.0
discretization,1,fno,0.5,4800.0,4840.0,1,138,0.4607300460338592,6.58979606628418,48,100.0
discretization,1,fno,0.5,4800.0,4804.0,2,141,0.3706415593624115,5.725789546966553,48,100.0
discretization,1,fno,0.5,4800.0,4832.0,3,131,0.4761567711830139,8.931672096252441,48,100.0
discretization,1,fno,0.5,4800.0,4800.0,4,138,0.3805919885635376,4.950649738311768,48,100.0
discretization,1,fno,0.5,4800.0,4800.0,5,138,0.4215517044067383,8.651872634887695,48,100.0
discretization,1,fno,0.5,48000.0,48004.0,0,1362,0.1213364750146865,2.089994430541992,48,1000.0
discretization,1,fno,0.5,48000.0,48012.0,1,1360,0.1009969338774681,1.4253934621810913,48,1000.0
discretization,1,fno,0.5,48000.0,48032.0,2,1372,0.1179885268211364,1.674998164176941,48,1000.0
discretization,1,fno,0.5,48000.0,48000.0,3,1365,0.1048450097441673,1.5003893375396729,48,1000.0
discretization,1,fno,0.5,48000.0,48012.0,4,1395,0.1035475730895996,1.625374436378479,48,1000.0
discretization,1,fno,0.5,48000.0,48032.0,5,1381,0.1117768064141273,1.6967180967330933,48,1000.0
discretization,1,fno,0.5,480000.0,480016.0,0,13717,0.076266661286354,1.4525729417800903,48,10000.0
discretization,1,fno,0.5,480000.0,480020.0,1,13763,0.0697450414299964,1.036898136138916,48,10000.0
discretization,1,fno,0.5,480000.0,480020.0,2,13687,0.0744842514395713,1.2275289297103882,48,10000.0
discretization,1,fno,0.5,480000.0,480020.0,3,13716,0.0676287189126014,1.0896999835968018,48,10000.0
discretization,1,fno,0.5,480000.0,480032.0,4,13722,0.0752677917480468,1.0776007175445557,48,10000.0
discretization,1,fno,0.5,480000.0,480016.0,5,13737,0.0727754309773445,1.1442235708236694,48,10000.0
discretization,1,fno,1.0,1440.0,1456.0,0,40,1.289002537727356,14.410173416137695,48,30.0
discretization,1,fno,1.0,1440.0,1448.0,1,40,1.0939701795578003,11.67177963256836,48,30.0
discretization,1,fno,1.0,1440.0,1468.0,2,39,1.066362380981445,13.129743576049805,48,30.0
discretization,1,fno,1.0,1440.0,1472.0,3,41,1.0811331272125244,17.18946075439453,48,30.0
discretization,1,fno,1.0,1440.0,1452.0,4,40,0.7939902544021606,10.736806869506836,48,30.0
discretization,1,fno,1.0,1440.0,1456.0,5,37,1.1728882789611816,12.039609909057615,48,30.0
discretization,1,fno,1.0,14400.0,14444.0,0,392,0.2751388847827911,5.035592079162598,48,300.0
discretization,1,fno,1.0,14400.0,14440.0,1,394,0.1844908148050308,2.360849380493164,48,300.0
discretization,1,fno,1.0,14400.0,14400.0,2,389,0.2033465355634689,2.775218725204468,48,300.0
discretization,1,fno,1.0,14400.0,14436.0,3,382,0.2230304926633834,3.3060171604156494,48,300.0
discretization,1,fno,1.0,14400.0,14444.0,4,394,0.1772473901510238,2.3174831867218018,48,300.0
discretization,1,fno,1.0,14400.0,14404.0,5,394,0.1798413842916488,2.617108106613159,48,300.0
discretization,1,fno,1.0,144000.0,144028.0,0,3902,0.0845741257071495,1.7491832971572876,48,3000.0
discretization,1,fno,1.0,144000.0,144012.0,1,3898,0.074207492172718,1.1811496019363403,48,3000.0
discretization,1,fno,1.0,144000.0,144020.0,2,3897,0.0864542499184608,1.3658074140548706,48,3000.0
discretization,1,fno,1.0,144000.0,144016.0,3,3892,0.0778407528996467,1.4272756576538086,48,3000.0
discretization,1,fno,1.0,144000.0,144024.0,4,3918,0.074329949915409,1.3853189945220947,48,3000.0
discretization,1,fno,1.0,144000.0,144000.0,5,3889,0.087097592651844,1.2564098834991455,48,3000.0
discretization,1,fno,1.0,480.0,524.0,0,13,1.617642164230347,15.1190185546875,48,10.0
discretization,1,fno,1.0,480.0,496.0,1,13,2.349594831466675,16.064895629882812,48,10.0
discretization,1,fno,1.0,480.0,524.0,2,15,1.5978738069534302,11.76457977294922,48,10.0
discretization,1,fno,1.0,480.0,512.0,3,13,1.461262822151184,10.667450904846191,48,10.0
discretization,1,fno,1.0,480.0,496.0,4,15,1.2200499773025513,8.056015014648438,48,10.0
discretization,1,fno,1.0,480.0,524.0,5,14,1.4279121160507202,12.737550735473633,48,10.0
discretization,1,fno,1.0,4800.0,4816.0,0,135,0.5791473388671875,10.486323356628418,48,100.0
discretization,1,fno,1.0,4800.0,4840.0,1,131,0.4815584421157837,6.296967029571533,48,100.0
discretization,1,fno,1.0,4800.0,4800.0,2,133,0.4013485610485077,5.732443809509277,48,100.0
discretization,1,fno,1.0,4800.0,4820.0,3,125,0.4704258739948272,9.162567138671877,48,100.0
discretization,1,fno,1.0,4800.0,4804.0,4,131,0.3667316436767578,4.86405086517334,48,100.0
discretization,1,fno,1.0,4800.0,4824.0,5,132,0.4095813035964966,7.585318565368652,48,100.0
discretization,1,fno,1.0,48000.0,48024.0,0,1282,0.1069014817476272,2.221134662628174,48,1000.0
discretization,1,fno,1.0,48000.0,48028.0,1,1287,0.0944660380482673,1.3389103412628174,48,1000.0
discretization,1,fno,1.0,48000.0,48024.0,2,1291,0.1107864826917648,1.739113450050354,48,1000.0
discretization,1,fno,1.0,48000.0,48004.0,3,1298,0.0978432446718216,1.5003215074539185,48,1000.0
discretization,1,fno,1.0,48000.0,48032.0,4,1322,0.1095258146524429,1.5705476999282837,48,1000.0
discretization,1,fno,1.0,48000.0,48008.0,5,1299,0.1099562421441078,1.551025629043579,48,1000.0
discretization,1,fno,1.0,480000.0,480000.0,0,13025,0.074069857597351,1.4616326093673706,48,10000.0
discretization,1,fno,1.0,480000.0,480032.0,1,13035,0.0688260942697525,0.9952257871627808,48,10000.0
discretization,1,fno,1.0,480000.0,480012.0,2,12952,0.0742664411664009,1.0837167501449585,48,10000.0
discretization,1,fno,1.0,480000.0,480044.0,3,13002,0.0665205121040344,1.0398815870285034,48,10000.0
discretization,1,fno,1.0,480000.0,480024.0,4,13009,0.0683666318655014,1.1576365232467651,48,10000.0
discretization,1,fno,1.0,480000.0,480024.0,5,12989,0.0740238726139068,1.1107076406478882,48,10000.0
discretization,1,fno,2.0,1440.0,1476.0,0,38,1.2605016231536863,15.341288566589355,48,30.0
discretization,1,fno,2.0,1440.0,1444.0,1,37,1.1772964000701904,12.811564445495604,48,30.0
discretization,1,fno,2.0,1440.0,1448.0,2,35,1.166537165641785,13.977946281433104,48,30.0
discretization,1,fno,2.0,1440.0,1448.0,3,37,1.184777021408081,15.485419273376465,48,30.0
discretization,1,fno,2.0,1440.0,1452.0,4,35,0.8202040195465088,9.88306713104248,48,30.0
discretization,1,fno,2.0,1440.0,1464.0,5,34,1.12513267993927,12.821948051452637,48,30.0
discretization,1,fno,2.0,14400.0,14404.0,0,363,0.2244818657636642,4.130781650543213,48,300.0
discretization,1,fno,2.0,14400.0,14412.0,1,354,0.2073204815387725,2.8653194904327397,48,300.0
discretization,1,fno,2.0,14400.0,14404.0,2,356,0.201517254114151,2.759413957595825,48,300.0
discretization,1,fno,2.0,14400.0,14428.0,3,352,0.2198737263679504,3.8197340965271,48,300.0
discretization,1,fno,2.0,14400.0,14428.0,4,357,0.1942104250192642,2.364531278610229,48,300.0
discretization,1,fno,2.0,14400.0,14424.0,5,360,0.1916867792606353,3.491445779800415,48,300.0
discretization,1,fno,2.0,144000.0,144016.0,0,3557,0.0763798207044601,1.6401299238204956,48,3000.0
discretization,1,fno,2.0,144000.0,144016.0,1,3567,0.0718946978449821,1.1763312816619873,48,3000.0
discretization,1,fno,2.0,144000.0,144040.0,2,3567,0.0765166133642196,1.4055298566818235,48,3000.0
discretization,1,fno,2.0,144000.0,144040.0,3,3574,0.0695796832442283,1.264650821685791,48,3000.0
discretization,1,fno,2.0,144000.0,144044.0,4,3572,0.0609878823161125,1.3329534530639648,48,3000.0
discretization,1,fno,2.0,144000.0,144008.0,5,3549,0.0866483971476554,1.247470498085022,48,3000.0
discretization,1,fno,2.0,480.0,504.0,0,12,1.490228295326233,15.73543643951416,48,10.0
discretization,1,fno,2.0,480.0,480.0,1,12,2.2048568725585938,14.8655366897583,48,10.0
discretization,1,fno,2.0,480.0,484.0,2,13,1.3740688562393188,8.606999397277832,48,10.0
discretization,1,fno,2.0,480.0,492.0,3,12,1.5211306810379028,11.15113353729248,48,10.0
discretization,1,fno,2.0,480.0,508.0,4,13,1.2175357341766355,9.60969066619873,48,10.0
discretization,1,fno,2.0,480.0,484.0,5,12,1.5454332828521729,11.460800170898438,48,10.0
discretization,1,fno,2.0,4800.0,4840.0,0,126,0.535051703453064,10.600431442260742,48,100.0
discretization,1,fno,2.0,4800.0,4824.0,1,120,0.5420966744422913,6.435237884521484,48,100.0
discretization,1,fno,2.0,4800.0,4836.0,2,121,0.3974497020244598,5.546801567077637,48,100.0
discretization,1,fno,2.0,4800.0,4804.0,3,116,0.5490316152572632,10.855718612670898,48,100.0
discretization,1,fno,2.0,4800.0,4816.0,4,119,0.3990688323974609,5.18951416015625,48,100.0
discretization,1,fno,2.0,4800.0,4812.0,5,119,0.4488590061664581,6.724438190460205,48,100.0
discretization,1,fno,2.0,48000.0,48024.0,0,1177,0.1060496121644973,2.177742958068848,48,1000.0
discretization,1,fno,2.0,48000.0,48036.0,1,1178,0.0830868259072303,1.1597583293914795,48,1000.0
discretization,1,fno,2.0,48000.0,48040.0,2,1177,0.0945128798484802,1.6767187118530271,48,1000.0
discretization,1,fno,2.0,48000.0,48016.0,3,1191,0.0887321084737777,1.4982963800430298,48,1000.0
discretization,1,fno,2.0,48000.0,48040.0,4,1205,0.0943782851099968,1.456308364868164,48,1000.0
discretization,1,fno,2.0,48000.0,48008.0,5,1185,0.0977418273687362,1.4848357439041138,48,1000.0
discretization,1,fno,2.0,480000.0,480020.0,0,11892,0.0728115141391754,1.3071203231811523,48,10000.0
discretization,1,fno,2.0,480000.0,480016.0,1,11888,0.0672374814748764,1.044319748878479,48,10000.0
discretization,1,fno,2.0,480000.0,480028.0,2,11838,0.0669916421175003,1.044597625732422,48,10000.0
discretization,1,fno,2.0,480000.0,480000.0,3,11890,0.0636315196752548,1.06751549243927,48,10000.0
discretization,1,fno,2.0,480000.0,480004.0,4,11875,0.066462941467762,1.0478776693344116,48,10000.0
discretization,1,fno,2.0,480000.0,480000.0,5,11847,0.0617166012525558,1.025659441947937,48,10000.0
discretization,1,fno,20.0,1440.0,1440.0,0,30,1.159881591796875,16.2620849609375,48,30.0
discretization,1,fno,20.0,1440.0,1440.0,1,30,1.4216885566711426,16.807472229003906,48,30.0
discretization,1,fno,20.0,1440.0,1440.0,2,30,1.0819908380508425,14.827280044555664,48,30.0
discretization,1,fno,20.0,1440.0,1440.0,3,30,1.1717643737792969,15.422115325927734,48,30.0
discretization,1,fno,20.0,1440.0,1440.0,4,30,1.1668559312820437,14.82065773010254,48,30.0
discretization,1,fno,20.0,1440.0,1440.0,5,30,1.1082764863967896,16.893232345581055,48,30.0
discretization,1,fno,20.0,14400.0,14400.0,0,300,0.2708764672279358,4.612501621246338,48,300.0
discretization,1,fno,20.0,14400.0,14400.0,1,300,0.2675400376319885,2.97514271736145,48,300.0
discretization,1,fno,20.0,14400.0,14400.0,2,300,0.2166982293128967,2.997853994369507,48,300.0
discretization,1,fno,20.0,14400.0,14400.0,3,300,0.2581369876861572,4.109346389770508,48,300.0
discretization,1,fno,20.0,14400.0,14400.0,4,300,0.1974998265504837,2.5964367389678955,48,300.0
discretization,1,fno,20.0,14400.0,14400.0,5,300,0.2036213874816894,2.527646780014038,48,300.0
discretization,1,fno,20.0,144000.0,144000.0,0,3000,0.072909727692604,1.6632500886917114,48,3000.0
discretization,1,fno,20.0,144000.0,144000.0,1,3000,0.0542628020048141,0.9627503156661988,48,3000.0
discretization,1,fno,20.0,144000.0,144000.0,2,3000,0.0641214922070503,1.1877710819244385,48,3000.0
discretization,1,fno,20.0,144000.0,144000.0,3,3000,0.0598425194621086,1.1135340929031372,48,3000.0
discretization,1,fno,20.0,144000.0,144000.0,4,3000,0.0508722998201847,1.0961971282958984,48,3000.0
discretization,1,fno,20.0,144000.0,144000.0,5,3000,0.0662571117281913,0.9945313334465028,48,3000.0
discretization,1,fno,20.0,480.0,480.0,0,10,1.4024579524993896,13.359223365783691,48,10.0
discretization,1,fno,20.0,480.0,480.0,1,10,2.352299451828003,21.64650535583496,48,10.0
discretization,1,fno,20.0,480.0,480.0,2,10,1.4637997150421145,12.101066589355469,48,10.0
discretization,1,fno,20.0,480.0,480.0,3,10,1.3990709781646729,7.936421871185303,48,10.0
discretization,1,fno,20.0,480.0,480.0,4,10,1.375691533088684,11.207948684692385,48,10.0
discretization,1,fno,20.0,480.0,480.0,5,10,1.774288296699524,17.56932258605957,48,10.0
discretization,1,fno,20.0,4800.0,4800.0,0,100,0.7252775430679321,14.39463710784912,48,100.0
discretization,1,fno,20.0,4800.0,4800.0,1,100,0.599899172782898,7.977194786071777,48,100.0
discretization,1,fno,20.0,4800.0,4800.0,2,100,0.4456437528133392,7.625644207000732,48,100.0
discretization,1,fno,20.0,4800.0,4800.0,3,100,0.5659095644950867,9.696556091308594,48,100.0
discretization,1,fno,20.0,4800.0,4800.0,4,100,0.4615828990936279,6.455252647399902,48,100.0
discretization,1,fno,20.0,4800.0,4800.0,5,100,0.5093817114830017,8.895578384399414,48,100.0
discretization,1,fno,20.0,48000.0,48000.0,0,1000,0.0921561568975448,2.090014696121216,48,1000.0
discretization,1,fno,20.0,48000.0,48000.0,1,1000,0.0864944458007812,1.1172789335250854,48,1000.0
discretization,1,fno,20.0,48000.0,48000.0,2,1000,0.0948980525135994,1.1671807765960691,48,1000.0
discretization,1,fno,20.0,48000.0,48000.0,3,1000,0.0804255455732345,1.3303821086883545,48,1000.0
discretization,1,fno,20.0,48000.0,48000.0,4,1000,0.0789505690336227,1.3046975135803225,48,1000.0
discretization,1,fno,20.0,48000.0,48000.0,5,1000,0.0911423861980438,1.213717341423035,48,1000.0
discretization,1,fno,20.0,480000.0,480012.0,0,10001,0.0527840591967105,1.2721587419509888,48,10000.0
discretization,1,fno,20.0,480000.0,480000.0,1,10000,0.0439285412430763,0.9089871644973756,48,10000.0
discretization,1,fno,20.0,480000.0,480000.0,2,10001,0.0532219223678112,1.0346496105194092,48,10000.0
discretization,1,fno,20.0,480000.0,480036.0,3,10001,0.043890681117773,0.92680424451828,48,10000.0
discretization,1,fno,20.0,480000.0,480000.0,4,10000,0.0471136644482612,0.9961603879928588,48,10000.0
discretization,1,fno,20.0,480000.0,480036.0,5,10001,0.0498727895319461,0.9498461484909058,48,10000.0
discretization,1,fno,3.0,1440.0,1440.0,0,35,1.3271116018295288,18.063535690307617,48,30.0
discretization,1,fno,3.0,1440.0,1460.0,1,35,1.2423083782196045,13.175211906433104,48,30.0
discretization,1,fno,3.0,1440.0,1480.0,2,34,1.1399922370910645,13.604429244995115,48,30.0
discretization,1,fno,3.0,1440.0,1464.0,3,35,1.1927601099014282,15.330989837646484,48,30.0
discretization,1,fno,3.0,1440.0,1472.0,4,34,0.9771971106529236,12.514517784118652,48,30.0
discretization,1,fno,3.0,1440.0,1476.0,5,33,1.129292130470276,12.753531455993652,48,30.0
discretization,1,fno,3.0,14400.0,14412.0,0,338,0.2737108170986175,4.2938151359558105,48,300.0
discretization,1,fno,3.0,14400.0,14408.0,1,334,0.2296346873044967,2.8399770259857178,48,300.0
discretization,1,fno,3.0,14400.0,14420.0,2,334,0.2204647660255432,3.1094889640808105,48,300.0
discretization,1,fno,3.0,14400.0,14424.0,3,334,0.2305697649717331,3.774076223373413,48,300.0
discretization,1,fno,3.0,14400.0,14412.0,4,332,0.2013158947229385,2.438814878463745,48,300.0
discretization,1,fno,3.0,14400.0,14420.0,5,337,0.1769956201314926,2.6156904697418213,48,300.0
discretization,1,fno,3.0,144000.0,144016.0,0,3335,0.0768205747008323,1.5510278940200806,48,3000.0
discretization,1,fno,3.0,144000.0,144028.0,1,3342,0.075784221291542,1.2331397533416748,48,3000.0
discretization,1,fno,3.0,144000.0,144004.0,2,3344,0.0831332579255104,1.2589863538742063,48,3000.0
discretization,1,fno,3.0,144000.0,144040.0,3,3350,0.0620783232152462,1.266570806503296,48,3000.0
discretization,1,fno,3.0,144000.0,144028.0,4,3352,0.06346345692873,1.3059087991714478,48,3000.0
discretization,1,fno,3.0,144000.0,144024.0,5,3316,0.0701720044016838,1.1623469591140747,48,3000.0
discretization,1,fno,3.0,480.0,520.0,0,12,1.4963334798812866,13.40936279296875,48,10.0
discretization,1,fno,3.0,480.0,496.0,1,12,2.1816654205322266,15.808499336242676,48,10.0
discretization,1,fno,3.0,480.0,492.0,2,12,1.478686809539795,12.052614212036133,48,10.0
discretization,1,fno,3.0,480.0,524.0,3,12,1.5535188913345337,10.601035118103027,48,10.0
discretization,1,fno,3.0,480.0,500.0,4,12,1.2836769819259644,9.888022422790527,48,10.0
discretization,1,fno,3.0,480.0,512.0,5,12,1.4816625118255615,12.21793270111084,48,10.0
discretization,1,fno,3.0,4800.0,4820.0,0,117,0.6124604940414429,11.267910957336426,48,100.0
discretization,1,fno,3.0,4800.0,4812.0,1,113,0.5663103461265564,6.516469955444336,48,100.0
discretization,1,fno,3.0,4800.0,4804.0,2,110,0.3910625874996185,5.850800514221191,48,100.0
discretization,1,fno,3.0,4800.0,4808.0,3,110,0.5653475522994995,9.435980796813965,48,100.0
discretization,1,fno,3.0,4800.0,4816.0,4,110,0.4367546737194061,5.809765338897705,48,100.0
discretization,1,fno,3.0,4800.0,4840.0,5,113,0.4967262148857116,6.882480144500732,48,100.0
discretization,1,fno,3.0,48000.0,48016.0,0,1105,0.1066521927714347,2.3487062454223637,48,1000.0
discretization,1,fno,3.0,48000.0,48044.0,1,1104,0.1006215289235115,1.2295589447021484,48,1000.0
discretization,1,fno,3.0,48000.0,48032.0,2,1103,0.1037588119506836,1.5864514112472534,48,1000.0
discretization,1,fno,3.0,48000.0,48024.0,3,1120,0.1008268222212791,1.566597580909729,48,1000.0
discretization,1,fno,3.0,48000.0,48016.0,4,1124,0.0876164063811302,1.3930877447128296,48,1000.0
discretization,1,fno,3.0,48000.0,48016.0,5,1106,0.098187156021595,1.2998089790344238,48,1000.0
discretization,1,fno,3.0,480000.0,480012.0,0,11154,0.0627491474151611,1.411610126495361,48,10000.0
discretization,1,fno,3.0,480000.0,480000.0,1,11144,0.0601939335465431,0.982978343963623,48,10000.0
discretization,1,fno,3.0,480000.0,480020.0,2,11117,0.0616261288523674,1.1698086261749268,48,10000.0
discretization,1,fno,3.0,480000.0,480020.0,3,11152,0.0529557317495346,1.040299892425537,48,10000.0
discretization,1,fno,3.0,480000.0,480024.0,4,11127,0.0625539794564247,1.058516263961792,48,10000.0
discretization,1,fno,3.0,480000.0,480000.0,5,11107,0.0506243035197258,0.9884682893753052,48,10000.0
discretization,1,fno,5.0,1440.0,1440.0,0,31,1.1354960203170776,13.759000778198242,48,30.0
discretization,1,fno,5.0,1440.0,1448.0,1,31,1.3207305669784546,14.192719459533691,48,30.0
discretization,1,fno,5.0,1440.0,1444.0,2,31,1.0803338289260864,13.787446022033691,48,30.0
discretization,1,fno,5.0,1440.0,1456.0,3,32,1.287264108657837,13.673202514648438,48,30.0
discretization,1,fno,5.0,1440.0,1464.0,4,31,1.115646243095398,13.067360877990724,48,30.0
discretization,1,fno,5.0,1440.0,1440.0,5,31,1.0945074558258057,13.565274238586426,48,30.0
discretization,1,fno,5.0,14400.0,14428.0,0,314,0.2621841430664062,4.260043144226074,48,300.0
discretization,1,fno,5.0,14400.0,14420.0,1,313,0.2551365196704864,2.732008218765259,48,300.0
discretization,1,fno,5.0,14400.0,14436.0,2,312,0.2155122011899948,2.8792669773101807,48,300.0
discretization,1,fno,5.0,14400.0,14432.0,3,311,0.2508060336112976,3.8487744331359854,48,300.0
discretization,1,fno,5.0,14400.0,14440.0,4,311,0.1879710406064987,2.365486621856689,48,300.0
discretization,1,fno,5.0,14400.0,14420.0,5,315,0.2220116257667541,2.7605462074279785,48,300.0
discretization,1,fno,5.0,144000.0,144000.0,0,3123,0.0783313959836959,1.5567718744277954,48,3000.0
discretization,1,fno,5.0,144000.0,144040.0,1,3118,0.0611382275819778,1.0543512105941772,48,3000.0
discretization,1,fno,5.0,144000.0,144008.0,2,3118,0.0667165517807006,1.2675349712371826,48,3000.0
discretization,1,fno,5.0,144000.0,144032.0,3,3124,0.056471262127161,1.116773247718811,48,3000.0
discretization,1,fno,5.0,144000.0,144000.0,4,3122,0.0575458593666553,1.198368787765503,48,3000.0
discretization,1,fno,5.0,144000.0,144028.0,5,3109,0.0647805854678154,1.0736552476882937,48,3000.0
discretization,1,fno,5.0,480.0,516.0,0,11,1.502766728401184,11.96975040435791,48,10.0
discretization,1,fno,5.0,480.0,516.0,1,11,2.1021504402160645,17.514699935913086,48,10.0
discretization,1,fno,5.0,480.0,516.0,2,11,1.566422700881958,11.63274383544922,48,10.0
discretization,1,fno,5.0,480.0,508.0,3,11,1.3350619077682495,9.8745698928833,48,10.0
discretization,1,fno,5.0,480.0,516.0,4,11,1.2438141107559204,10.61240291595459,48,10.0
discretization,1,fno,5.0,480.0,492.0,5,11,1.5416789054870603,14.487205505371094,48,10.0
discretization,1,fno,5.0,4800.0,4804.0,0,107,0.6554415225982666,12.113256454467772,48,100.0
discretization,1,fno,5.0,4800.0,4804.0,1,104,0.5843505859375,6.125712871551514,48,100.0
discretization,1,fno,5.0,4800.0,4828.0,2,103,0.3989748358726501,6.479214191436768,48,100.0
discretization,1,fno,5.0,4800.0,4812.0,3,104,0.549679160118103,8.150538444519043,48,100.0
discretization,1,fno,5.0,4800.0,4812.0,4,102,0.4504317343235016,6.207211017608643,48,100.0
discretization,1,fno,5.0,4800.0,4840.0,5,106,0.509037435054779,7.235451698303223,48,100.0
discretization,1,fno,5.0,48000.0,48032.0,0,1036,0.105811633169651,2.1103169918060303,48,1000.0
discretization,1,fno,5.0,48000.0,48040.0,1,1038,0.0967864468693733,1.1310261487960815,48,1000.0
discretization,1,fno,5.0,48000.0,48016.0,2,1034,0.0963302105665206,1.4954241514205933,48,1000.0
discretization,1,fno,5.0,48000.0,48024.0,3,1044,0.0915768221020698,1.3310143947601318,48,1000.0
discretization,1,fno,5.0,48000.0,48012.0,4,1043,0.0889138132333755,1.4473931789398191,48,1000.0
discretization,1,fno,5.0,48000.0,48008.0,5,1036,0.0926685854792594,1.2722482681274414,48,1000.0
discretization,1,fno,5.0,480000.0,480032.0,0,10419,0.0567066930234432,1.3068653345108032,48,10000.0
discretization,1,fno,5.0,480000.0,480036.0,1,10402,0.04946805909276,1.0051021575927734,48,10000.0
discretization,1,fno,5.0,480000.0,480028.0,2,10395,0.0605880767107009,1.0966002941131592,48,10000.0
discretization,1,fno,5.0,480000.0,480020.0,3,10411,0.0497850440442562,0.9887723922729492,48,10000.0
discretization,1,fno,5.0,480000.0,480012.0,4,10400,0.0535569563508033,1.0110262632369995,48,10000.0
discretization,1,fno,5.0,480000.0,480016.0,5,10395,0.0535838752985,0.9550477266311646,48,10000.0
discretization,2,fno,-0.5,9216000.0,9224592.0,0,3155,0.0612703152000904,0.4796475172042846,9216,1000.0
discretization,2,fno,-0.5,9216000.0,9217808.0,1,3148,0.0582066625356674,0.438463419675827,9216,1000.0
discretization,2,fno,-0.5,9216000.0,9221744.0,2,3129,0.0557942949235439,0.4418933093547821,9216,1000.0
discretization,2,fno,-0.5,9216000.0,9216576.0,3,3145,0.0578311420977115,0.4621710181236267,9216,1000.0
discretization,2,fno,-0.5,9216000.0,9216272.0,4,3251,0.0557136721909046,0.4493533372879028,9216,1000.0
discretization,2,fno,-0.5,9216000.0,9224752.0,5,3219,0.0557222254574298,0.4542122483253479,9216,1000.0
discretization,2,fno,-1.0,2764800.0,2767936.0,0,1082,0.0875036120414733,0.5179784893989563,9216,300.0
discretization,2,fno,-1.0,2764800.0,2771056.0,1,1046,0.0874870792031288,0.4579131305217743,9216,300.0
discretization,2,fno,-1.0,2764800.0,2765296.0,2,1106,0.0843336656689643,0.4683957695960998,9216,300.0
discretization,2,fno,-1.0,2764800.0,2767136.0,3,1076,0.0844401121139526,0.4740471541881561,9216,300.0
discretization,2,fno,-1.0,2764800.0,2772688.0,4,1186,0.0783234313130378,0.4804017841815948,9216,300.0
discretization,2,fno,-1.0,2764800.0,2767840.0,5,1152,0.0799471586942672,0.473416656255722,9216,300.0
discretization,2,fno,-1.0,27648000.0,27653856.0,0,11075,0.0498565025627613,0.49290332198143,9216,3000.0
discretization,2,fno,-1.0,27648000.0,27651936.0,1,11146,0.0486643128097057,0.4569428861141205,9216,3000.0
discretization,2,fno,-1.0,27648000.0,27648880.0,2,11237,0.0477526746690273,0.4504927396774292,9216,3000.0
discretization,2,fno,-1.0,27648000.0,27648336.0,3,11117,0.048991173505783,0.46106618642807,9216,3000.0
discretization,2,fno,-1.0,27648000.0,27654032.0,4,11206,0.0483370050787925,0.4639413356781006,9216,3000.0
discretization,2,fno,-1.0,27648000.0,27650992.0,5,11278,0.0468445345759391,0.466369092464447,9216,3000.0
discretization,2,fno,-1.0,92160.0,94064.0,0,37,0.8348040580749512,1.0494694709777832,9216,10.0
discretization,2,fno,-1.0,92160.0,92752.0,1,39,0.8248014450073242,0.8468010425567627,9216,10.0
discretization,2,fno,-1.0,92160.0,97984.0,2,38,0.8201202154159546,1.0249767303466797,9216,10.0
discretization,2,fno,-1.0,92160.0,92608.0,3,36,0.8425002694129944,0.988240361213684,9216,10.0
discretization,2,fno,-1.0,92160.0,92272.0,4,41,0.8122586011886597,1.0334246158599854,9216,10.0
discretization,2,fno,-1.0,92160.0,94192.0,5,34,0.7773388624191284,0.985865831375122,9216,10.0
discretization,2,fno,-1.0,921600.0,924112.0,0,369,0.1693858355283737,0.6043890714645386,9216,100.0
discretization,2,fno,-1.0,921600.0,922544.0,1,373,0.1703836768865585,0.5601841807365417,9216,100.0
discretization,2,fno,-1.0,921600.0,923296.0,2,390,0.1521350890398025,0.5429773330688477,9216,100.0
discretization,2,fno,-1.0,921600.0,922672.0,3,324,0.1886054128408432,0.5713040232658386,9216,100.0
discretization,2,fno,-1.0,921600.0,924880.0,4,382,0.147719606757164,0.5486385822296143,9216,100.0
discretization,2,fno,-1.0,921600.0,922176.0,5,405,0.14388507604599,0.5856605172157288,9216,100.0
discretization,2,fno,-1.0,9216000.0,9224000.0,0,3713,0.0582411475479602,0.5025845766067505,9216,1000.0
discretization,2,fno,-1.0,9216000.0,9219552.0,1,3642,0.0581438429653644,0.464003324508667,9216,1000.0
discretization,2,fno,-1.0,9216000.0,9222256.0,2,3756,0.0552394725382328,0.4602214694023132,9216,1000.0
discretization,2,fno,-1.0,9216000.0,9219952.0,3,3633,0.0583679676055908,0.4704487919807434,9216,1000.0
discretization,2,fno,-1.0,9216000.0,9217216.0,4,3809,0.0548804476857185,0.4662295281887054,9216,1000.0
discretization,2,fno,-1.0,9216000.0,9217328.0,5,3809,0.056240115314722,0.4647208750247955,9216,1000.0
discretization,2,fno,-1.0,92160000.0,92160688.0,0,37050,0.0465088114142417,0.4882331788539886,9216,10000.0
discretization,2,fno,-1.0,92160000.0,92160672.0,1,37287,0.0465265922248363,0.4593873023986816,9216,10000.0
discretization,2,fno,-1.0,92160000.0,92165216.0,2,37721,0.0462795868515968,0.4468351006507873,9216,10000.0
discretization,2,fno,-1.0,92160000.0,92160144.0,3,37108,0.0466070249676704,0.4672015905380249,9216,10000.0
discretization,2,fno,-1.0,92160000.0,92162128.0,4,37528,0.0454466342926025,0.4540492594242096,9216,10000.0
discretization,2,fno,-1.0,92160000.0,92167168.0,5,37389,0.0451132580637931,0.4648282825946808,9216,10000.0
discretization,2,fno,-10.0,92160.0,92336.0,0,165,0.4773093163967132,0.9541639685630798,9216,10.0
discretization,2,fno,-10.0,92160.0,92352.0,1,173,0.589298665523529,0.8101611733436584,9216,10.0
discretization,2,fno,-10.0,92160.0,92192.0,2,179,0.7540602087974548,0.6808820962905884,9216,10.0
discretization,2,fno,-10.0,92160.0,92176.0,3,146,0.6612990498542786,0.6669887900352478,9216,10.0
discretization,2,fno,-10.0,92160.0,93280.0,4,163,0.4505773186683655,0.7928260564804077,9216,10.0
discretization,2,fno,-10.0,92160.0,92368.0,5,181,0.5013733506202698,0.7898291349411011,9216,10.0
discretization,2,fno,-2.0,2764800.0,2764880.0,0,1463,0.0726964995265007,0.5328347682952881,9216,300.0
discretization,2,fno,-2.0,2764800.0,2765312.0,1,1516,0.0769057944416999,0.4808885753154754,9216,300.0
discretization,2,fno,-2.0,2764800.0,2766720.0,2,1478,0.0726328268647193,0.5003968477249146,9216,300.0
discretization,2,fno,-2.0,2764800.0,2766960.0,3,1469,0.0723146796226501,0.5040103793144226,9216,300.0
discretization,2,fno,-2.0,2764800.0,2765120.0,4,1582,0.0726760923862457,0.5213791131973267,9216,300.0
discretization,2,fno,-2.0,2764800.0,2765248.0,5,1579,0.0683968514204025,0.5147019028663635,9216,300.0
discretization,2,fno,-2.0,921600.0,925360.0,0,480,0.1437729597091674,0.5991103053092957,9216,100.0
discretization,2,fno,-2.0,921600.0,924768.0,1,493,0.1411841362714767,0.5533156991004944,9216,100.0
discretization,2,fno,-2.0,921600.0,921664.0,2,532,0.1307660490274429,0.5512760877609253,9216,100.0
discretization,2,fno,-2.0,921600.0,928784.0,3,452,0.1449722796678543,0.5719846487045288,9216,100.0
discretization,2,fno,-2.0,921600.0,921728.0,4,512,0.1195205375552177,0.556505560874939,9216,100.0
discretization,2,fno,-2.0,921600.0,924736.0,5,552,0.1132134571671485,0.552511990070343,9216,100.0
discretization,2,fno,-20.0,2764800.0,2764816.0,0,6458,0.3948604166507721,1.050376057624817,9216,300.0
discretization,2,fno,-20.0,2764800.0,2765184.0,1,6482,0.2547173202037811,0.9430000185966492,9216,300.0
discretization,2,fno,-20.0,2764800.0,2764880.0,2,6508,0.5220507979393005,0.7979050874710083,9216,300.0
discretization,2,fno,-20.0,2764800.0,2764896.0,3,6433,0.3651438057422638,1.3703384399414062,9216,300.0
discretization,2,fno,-20.0,2764800.0,2765088.0,4,6466,0.3402929604053497,0.7758125066757202,9216,300.0
discretization,2,fno,-20.0,2764800.0,2765056.0,5,6521,0.3820831179618835,1.0915926694869995,9216,300.0
discretization,2,fno,-20.0,27648000.0,27648032.0,0,64668,0.2996910214424133,1.2210140228271484,9216,3000.0
discretization,2,fno,-20.0,27648000.0,27648976.0,1,64843,0.2329108417034149,0.9143862128257751,9216,3000.0
discretization,2,fno,-20.0,27648000.0,27648272.0,2,64922,0.4616552293300628,1.0976974964141846,9216,3000.0
discretization,2,fno,-20.0,27648000.0,27648960.0,3,64764,0.3872679471969604,1.237846612930298,9216,3000.0
discretization,2,fno,-20.0,27648000.0,27648432.0,4,64694,0.3632166981697082,0.958994448184967,9216,3000.0
discretization,2,fno,-20.0,27648000.0,27648144.0,5,64755,0.3389348089694977,1.1706441640853882,9216,3000.0
discretization,2,fno,-20.0,92160.0,92336.0,0,209,0.565872848033905,0.9108716249465942,9216,10.0
discretization,2,fno,-20.0,92160.0,92240.0,1,215,0.5738292932510376,0.9623307585716248,9216,10.0
discretization,2,fno,-20.0,92160.0,92544.0,2,222,0.5737741589546204,1.0819114446640017,9216,10.0
discretization,2,fno,-20.0,92160.0,92512.0,3,211,0.5970674157142639,0.8011278510093689,9216,10.0
discretization,2,fno,-20.0,92160.0,92176.0,4,210,0.5115755200386047,0.7890001535415649,9216,10.0
discretization,2,fno,-20.0,92160.0,92192.0,5,218,0.5324050188064575,0.9500198364257812,9216,10.0
discretization,2,fno,-20.0,921600.0,921680.0,0,2156,0.434651106595993,1.0812151432037354,9216,100.0
discretization,2,fno,-20.0,921600.0,921776.0,1,2178,0.2918557524681091,0.8881251811981201,9216,100.0
discretization,2,fno,-20.0,921600.0,921952.0,2,2141,0.5619619488716125,0.7428262233734131,9216,100.0
discretization,2,fno,-20.0,921600.0,922048.0,3,2146,0.4689077734947204,1.3193774223327637,9216,100.0
discretization,2,fno,-20.0,921600.0,921632.0,4,2165,0.3646144270896911,0.744837760925293,9216,100.0
discretization,2,fno,-20.0,921600.0,921824.0,5,2186,0.3822660446166992,1.1401861906051636,9216,100.0
discretization,2,fno,-20.0,9216000.0,9216128.0,0,21481,0.3266584575176239,1.2481036186218262,9216,1000.0
discretization,2,fno,-20.0,9216000.0,9216096.0,1,21580,0.2203474044799804,1.02679705619812,9216,1000.0
discretization,2,fno,-20.0,9216000.0,9216016.0,2,21642,0.4196093678474426,0.9190287590026855,9216,1000.0
discretization,2,fno,-20.0,9216000.0,9216256.0,3,21559,0.4036484956741333,1.499452829360962,9216,1000.0
discretization,2,fno,-20.0,9216000.0,9216288.0,4,21507,0.2846079170703888,0.9087862968444824,9216,1000.0
discretization,2,fno,-20.0,9216000.0,9216016.0,5,21663,0.3428785502910614,1.119176983833313,9216,1000.0
discretization,2,fno,-20.0,92160000.0,92160080.0,0,215868,0.3003385066986084,0.9523358941078186,9216,10000.0
discretization,2,fno,-20.0,92160000.0,92160336.0,1,216134,0.2334656864404678,0.9770344495773317,9216,10000.0
discretization,2,fno,-20.0,92160000.0,92160320.0,2,216296,0.4686939120292663,0.7966880798339844,9216,10000.0
discretization,2,fno,-20.0,92160000.0,92160128.0,3,215890,0.3840825259685516,1.115986943244934,9216,10000.0
discretization,2,fno,-20.0,92160000.0,92160272.0,4,215830,0.3222442269325256,0.8982648849487305,9216,10000.0
discretization,2,fno,-20.0,92160000.0,92160320.0,5,216175,0.3229019343852997,1.1126455068588257,9216,10000.0
discretization,2,fno,-3.0,2764800.0,2765520.0,0,1980,0.0742804259061813,0.5922965407371521,9216,300.0
discretization,2,fno,-3.0,2764800.0,2767936.0,1,1996,0.0742547586560249,0.5281333327293396,9216,300.0
discretization,2,fno,-3.0,2764800.0,2765728.0,2,2012,0.0707688853144645,0.5670276284217834,9216,300.0
discretization,2,fno,-3.0,2764800.0,2765344.0,3,1925,0.0675013065338134,0.5658157467842102,9216,300.0
discretization,2,fno,-3.0,2764800.0,2768560.0,4,2126,0.068370372056961,0.5845503807067871,9216,300.0
discretization,2,fno,-3.0,2764800.0,2766224.0,5,2078,0.0680790320038795,0.5833268761634827,9216,300.0
discretization,2,fno,-3.0,921600.0,922608.0,0,655,0.1241229772567749,0.6369214653968811,9216,100.0
discretization,2,fno,-3.0,921600.0,921792.0,1,634,0.1237491592764854,0.5578020215034485,9216,100.0
discretization,2,fno,-3.0,921600.0,930352.0,2,685,0.1324209719896316,0.603647768497467,9216,100.0
discretization,2,fno,-3.0,921600.0,924192.0,3,618,0.1163960173726081,0.5802991986274719,9216,100.0
discretization,2,fno,-3.0,921600.0,922656.0,4,720,0.1056069061160087,0.6301537752151489,9216,100.0
discretization,2,fno,-3.0,921600.0,921904.0,5,710,0.0988564267754554,0.6065516471862793,9216,100.0
discretization,2,fno,-5.0,2764800.0,2764896.0,0,3024,0.0804273337125778,0.8306345343589783,9216,300.0
discretization,2,fno,-5.0,2764800.0,2765008.0,1,3049,0.0762965828180313,0.7544685006141663,9216,300.0
discretization,2,fno,-5.0,2764800.0,2765376.0,2,3020,0.0789878666400909,0.7495306134223938,9216,300.0
discretization,2,fno,-5.0,2764800.0,2765696.0,3,3002,0.0762690752744674,0.7632911801338196,9216,300.0
discretization,2,fno,-5.0,2764800.0,2767008.0,4,3096,0.0847081169486045,0.8821465969085693,9216,300.0
discretization,2,fno,-5.0,2764800.0,2764976.0,5,3126,0.0779866725206375,0.8320927023887634,9216,300.0
discretization,2,fno,-5.0,27648000.0,27648064.0,0,30039,0.0686108097434043,0.8254545331001282,9216,3000.0
discretization,2,fno,-5.0,27648000.0,27648944.0,1,30545,0.0625170469284057,0.7135404944419861,9216,3000.0
discretization,2,fno,-5.0,27648000.0,27649952.0,2,30777,0.0676710531115531,0.7843793034553528,9216,3000.0
discretization,2,fno,-5.0,27648000.0,27651376.0,3,30115,0.0653041750192642,0.7839643955230713,9216,3000.0
discretization,2,fno,-5.0,27648000.0,27651696.0,4,30537,0.0738147646188736,0.8888980746269226,9216,3000.0
discretization,2,fno,-5.0,27648000.0,27648368.0,5,30480,0.0683402717113494,0.8103978633880615,9216,3000.0
discretization,2,fno,-5.0,92160.0,94256.0,0,97,0.6134099960327148,0.7578485608100891,9216,10.0
discretization,2,fno,-5.0,92160.0,92272.0,1,99,0.6715614199638367,0.7627792358398438,9216,10.0
discretization,2,fno,-5.0,92160.0,92416.0,2,121,0.6766896843910217,0.7589787840843201,9216,10.0
discretization,2,fno,-5.0,92160.0,92640.0,3,89,0.6719019412994385,0.7429218888282776,9216,10.0
discretization,2,fno,-5.0,92160.0,92448.0,4,107,0.538774311542511,0.8547968864440918,9216,10.0
discretization,2,fno,-5.0,92160.0,93280.0,5,100,0.5748222470283508,0.6450985670089722,9216,10.0
discretization,2,fno,-5.0,921600.0,921776.0,0,972,0.1123117208480835,0.8545900583267212,9216,100.0
discretization,2,fno,-5.0,921600.0,923200.0,1,989,0.1038675010204315,0.6866705417633057,9216,100.0
discretization,2,fno,-5.0,921600.0,921872.0,2,1002,0.1210205629467964,0.7389681935310364,9216,100.0
discretization,2,fno,-5.0,921600.0,922608.0,3,978,0.109725147485733,0.7567315697669983,9216,100.0
discretization,2,fno,-5.0,921600.0,922096.0,4,1049,0.0983732938766479,0.7985808253288269,9216,100.0
discretization,2,fno,-5.0,921600.0,922832.0,5,1034,0.0983005911111831,0.7903269529342651,9216,100.0
discretization,2,fno,-5.0,9216000.0,9216352.0,0,10056,0.070920206606388,0.8338326215744019,9216,1000.0
discretization,2,fno,-5.0,9216000.0,9216656.0,1,10115,0.0665071755647659,0.7469866871833801,9216,1000.0
discretization,2,fno,-5.0,9216000.0,9216512.0,2,10159,0.0678388550877571,0.77584308385849,9216,1000.0
discretization,2,fno,-5.0,9216000.0,9217968.0,3,10012,0.0651136636734008,0.7548556327819824,9216,1000.0
discretization,2,fno,-5.0,9216000.0,9216992.0,4,10108,0.0770434364676475,0.9001367688179016,9216,1000.0
discretization,2,fno,-5.0,9216000.0,9216272.0,5,10150,0.0680823773145675,0.7938816547393799,9216,1000.0
discretization,2,fno,-5.0,92160000.0,92161408.0,0,100919,0.0700579509139061,0.8392468094825745,9216,10000.0
discretization,2,fno,-5.0,92160000.0,92160560.0,1,102017,0.0653300210833549,0.7572620511054993,9216,10000.0
discretization,2,fno,-5.0,92160000.0,92160240.0,2,101732,0.066699780523777,0.7794936895370483,9216,10000.0
discretization,2,fno,-5.0,92160000.0,92160320.0,3,101113,0.063749723136425,0.7628329396247864,9216,10000.0
discretization,2,fno,-5.0,92160000.0,92160432.0,4,101270,0.0716791078448295,0.8546392917633057,9216,10000.0
discretization,2,fno,-5.0,92160000.0,92160576.0,5,101408,0.0690723657608032,0.8278211951255798,9216,10000.0
discretization,2,fno,-7.0,92160.0,93984.0,0,121,0.5326533913612366,0.7680538892745972,9216,10.0
discretization,2,fno,-7.0,92160.0,92400.0,1,129,0.650777280330658,0.7038343548774719,9216,10.0
discretization,2,fno,-7.0,92160.0,92480.0,2,151,0.6659594774246216,0.6878451108932495,9216,10.0
discretization,2,fno,-7.0,92160.0,92400.0,3,112,0.6377759575843811,0.6532331109046936,9216,10.0
discretization,2,fno,-7.0,92160.0,92448.0,4,134,0.4560653567314148,0.9766473174095154,9216,10.0
discretization,2,fno,-7.0,92160.0,92384.0,5,151,0.6007478833198547,0.6765612363815308,9216,10.0
discretization,2,fno,0.0,2764800.0,2768160.0,0,764,0.1060204282402992,0.5100454092025757,9216,300.0
discretization,2,fno,0.0,2764800.0,2765152.0,1,780,0.1093044653534889,0.4551317393779754,9216,300.0
discretization,2,fno,0.0,2764800.0,2766896.0,2,776,0.0984889045357704,0.4607863426208496,9216,300.0
discretization,2,fno,0.0,2764800.0,2765424.0,3,775,0.0992158874869346,0.4875913560390472,9216,300.0
discretization,2,fno,0.0,2764800.0,2766192.0,4,878,0.0890097096562385,0.4686276912689209,9216,300.0
discretization,2,fno,0.0,2764800.0,2767216.0,5,833,0.0885388553142547,0.4630816578865051,9216,300.0
discretization,2,fno,0.0,27648000.0,27648336.0,0,8093,0.0493972785770893,0.4694171845912933,9216,3000.0
discretization,2,fno,0.0,27648000.0,27648832.0,1,8067,0.0497155673801898,0.4359458684921264,9216,3000.0
discretization,2,fno,0.0,27648000.0,27649408.0,2,8040,0.0482065267860889,0.428343117237091,9216,3000.0
discretization,2,fno,0.0,27648000.0,27648128.0,3,8032,0.0484435632824897,0.4420795440673828,9216,3000.0
discretization,2,fno,0.0,27648000.0,27657056.0,4,8128,0.0475803799927234,0.4402737021446228,9216,3000.0
discretization,2,fno,0.0,27648000.0,27655504.0,5,8233,0.0486837774515152,0.4477136135101318,9216,3000.0
discretization,2,fno,0.0,50000.0,54704.0,1,15,0.8932852745056152,1.325479507446289,9216,5.425347222222222
discretization,2,fno,0.0,50000.0,57552.0,2,22,0.9827853441238404,1.2535377740859983,9216,5.425347222222222
discretization,2,fno,0.0,50000.0,54304.0,3,10,1.0011368989944458,1.7244477272033691,9216,5.425347222222222
discretization,2,fno,0.0,50000.0,51776.0,4,18,0.9612329006195068,1.2763934135437012,9216,5.425347222222222
discretization,2,fno,0.0,50000.0,52912.0,5,13,0.9199729561805724,1.4535317420959473,9216,5.425347222222222
discretization,2,fno,0.0,92160.0,97344.0,0,22,0.9415343999862672,1.3892316818237305,9216,10.0
discretization,2,fno,0.0,92160.0,99312.0,1,29,0.8341777324676514,0.9610410928726196,9216,10.0
discretization,2,fno,0.0,92160.0,94048.0,2,30,0.9071663618087769,1.1454107761383057,9216,10.0
discretization,2,fno,0.0,92160.0,93984.0,3,21,0.915644347667694,1.1167711019515991,9216,10.0
discretization,2,fno,0.0,92160.0,92880.0,4,28,0.9163082838058472,1.0777395963668823,9216,10.0
discretization,2,fno,0.0,92160.0,93360.0,5,22,0.8937631845474243,1.2527064085006714,9216,10.0
discretization,2,fno,0.0,921600.0,923648.0,0,260,0.2336572557687759,0.6431599259376526,9216,100.0
discretization,2,fno,0.0,921600.0,921792.0,1,281,0.2102289795875549,0.5503466129302979,9216,100.0
discretization,2,fno,0.0,921600.0,921920.0,2,281,0.2046381086111068,0.5576764941215515,9216,100.0
discretization,2,fno,0.0,921600.0,922384.0,3,231,0.2347404807806015,0.6219728589057922,9216,100.0
discretization,2,fno,0.0,921600.0,928240.0,4,285,0.1717070341110229,0.580765426158905,9216,100.0
discretization,2,fno,0.0,921600.0,924288.0,5,276,0.186796635389328,0.6122620105743408,9216,100.0
discretization,2,fno,0.0,9216000.0,9219008.0,0,2670,0.0608128495514392,0.463047981262207,9216,1000.0
discretization,2,fno,0.0,9216000.0,9224048.0,1,2695,0.0594987869262695,0.4228502511978149,9216,1000.0
discretization,2,fno,0.0,9216000.0,9220032.0,2,2665,0.0603288114070892,0.4289170503616333,9216,1000.0
discretization,2,fno,0.0,9216000.0,9216352.0,3,2652,0.0595773793756961,0.446499764919281,9216,1000.0
discretization,2,fno,0.0,9216000.0,9216016.0,4,2785,0.0577047392725944,0.4374466240406036,9216,1000.0
discretization,2,fno,0.0,9216000.0,9221456.0,5,2736,0.056607186794281,0.4415349960327148,9216,1000.0
discretization,2,fno,0.0,92160000.0,92163520.0,0,26753,0.0463514328002929,0.4696821570396423,9216,10000.0
discretization,2,fno,0.0,92160000.0,92164192.0,1,26988,0.0460945889353752,0.4350830018520355,9216,10000.0
discretization,2,fno,0.0,92160000.0,92167152.0,2,27055,0.043466966599226,0.4194805324077606,9216,10000.0
discretization,2,fno,0.0,92160000.0,92166944.0,3,26852,0.044509433209896,0.4300099015235901,9216,10000.0
discretization,2,fno,0.0,92160000.0,92162480.0,4,27341,0.0439789779484272,0.431528627872467,9216,10000.0
discretization,2,fno,0.0,92160000.0,92160240.0,5,27042,0.0448303967714309,0.4354051947593689,9216,10000.0
discretization,2,fno,0.5,9216000.0,9217232.0,0,2270,0.0633807256817817,0.4490573406219482,9216,1000.0
discretization,2,fno,0.5,9216000.0,9218768.0,1,2264,0.0627950206398963,0.4114770293235779,9216,1000.0
discretization,2,fno,0.5,9216000.0,9221376.0,2,2304,0.0623325817286968,0.4186404347419739,9216,1000.0
discretization,2,fno,0.5,9216000.0,9216960.0,3,2271,0.0618532262742519,0.444366991519928,9216,1000.0
discretization,2,fno,0.5,9216000.0,9218640.0,4,2404,0.059737280011177,0.4356478750705719,9216,1000.0
discretization,2,fno,0.5,9216000.0,9223456.0,5,2315,0.06056859344244,0.444427490234375,9216,1000.0
discretization,2,fno,1.0,2764800.0,2771488.0,0,588,0.1207091882824897,0.5109983682632446,9216,300.0
discretization,2,fno,1.0,2764800.0,2766720.0,1,577,0.1294189542531967,0.4697422683238983,9216,300.0
discretization,2,fno,1.0,2764800.0,2773728.0,2,588,0.1123084649443626,0.4684005379676819,9216,300.0
discretization,2,fno,1.0,2764800.0,2766592.0,3,571,0.1175032183527946,0.4736731648445129,9216,300.0
discretization,2,fno,1.0,2764800.0,2765728.0,4,632,0.1031145676970481,0.4611020684242248,9216,300.0
discretization,2,fno,1.0,2764800.0,2772896.0,5,631,0.1111563295125961,0.4762234091758728,9216,300.0
discretization,2,fno,1.0,27648000.0,27654016.0,0,6062,0.0498562045395374,0.4570636749267578,9216,3000.0
discretization,2,fno,1.0,27648000.0,27653408.0,1,5959,0.0504740737378597,0.4110687971115112,9216,3000.0
discretization,2,fno,1.0,27648000.0,27653776.0,2,5959,0.0480389185249805,0.4025662541389465,9216,3000.0
discretization,2,fno,1.0,27648000.0,27649776.0,3,5957,0.0488578751683235,0.4309443235397339,9216,3000.0
discretization,2,fno,1.0,27648000.0,27651488.0,4,6062,0.0491023808717727,0.4286133348941803,9216,3000.0
discretization,2,fno,1.0,27648000.0,27648880.0,5,6099,0.0476638972759246,0.4237075746059418,9216,3000.0
discretization,2,fno,1.0,92160.0,99104.0,0,18,0.9455899000167848,1.1453535556793213,9216,10.0
discretization,2,fno,1.0,92160.0,96400.0,1,18,0.8850621581077576,1.2338650226593018,9216,10.0
discretization,2,fno,1.0,92160.0,94384.0,2,23,0.9179064631462096,1.220255732536316,9216,10.0
discretization,2,fno,1.0,92160.0,95632.0,3,19,0.907609522342682,1.1012126207351685,9216,10.0
discretization,2,fno,1.0,92160.0,92192.0,4,24,0.9962215423583984,1.120667815208435,9216,10.0
discretization,2,fno,1.0,92160.0,94752.0,5,17,0.9331676959991456,1.5961883068084717,9216,10.0
discretization,2,fno,1.0,921600.0,928912.0,0,204,0.2743983566761017,0.6616135239601135,9216,100.0
discretization,2,fno,1.0,921600.0,922128.0,1,194,0.2800636291503906,0.5984067916870117,9216,100.0
discretization,2,fno,1.0,921600.0,927696.0,2,208,0.2338216006755828,0.5828357338905334,9216,100.0
discretization,2,fno,1.0,921600.0,926608.0,3,180,0.3074378073215484,0.6323710680007935,9216,100.0
discretization,2,fno,1.0,921600.0,922624.0,4,204,0.2225337624549865,0.5805650353431702,9216,100.0
discretization,2,fno,1.0,921600.0,922848.0,5,211,0.2263048142194748,0.6418697834014893,9216,100.0
discretization,2,fno,1.0,9216000.0,9219696.0,0,1969,0.0655269399285316,0.4636078476905823,9216,1000.0
discretization,2,fno,1.0,9216000.0,9219552.0,1,1950,0.0650192126631736,0.4043597280979156,9216,1000.0
discretization,2,fno,1.0,9216000.0,9225088.0,2,1993,0.062407799065113,0.4210647344589233,9216,1000.0
discretization,2,fno,1.0,9216000.0,9219456.0,3,1977,0.0640428811311721,0.4394235014915466,9216,1000.0
discretization,2,fno,1.0,9216000.0,9223040.0,4,2073,0.0618768669664859,0.4180786311626434,9216,1000.0
discretization,2,fno,1.0,9216000.0,9216032.0,5,1998,0.0636460930109024,0.4284616112709045,9216,1000.0
discretization,2,fno,1.0,92160000.0,92165840.0,0,19815,0.0452775694429874,0.4327388703823089,9216,10000.0
discretization,2,fno,1.0,92160000.0,92168848.0,1,20166,0.046263325959444,0.4179409742355346,9216,10000.0
discretization,2,fno,1.0,92160000.0,92168656.0,2,19985,0.0439875684678554,0.4093425571918487,9216,10000.0
discretization,2,fno,1.0,92160000.0,92163808.0,3,19955,0.0430353917181491,0.4095658361911773,9216,10000.0
discretization,2,fno,1.0,92160000.0,92169088.0,4,20247,0.0443354323506355,0.4239596426486969,9216,10000.0
discretization,2,fno,1.0,92160000.0,92166048.0,5,20111,0.0427777953445911,0.4158020317554474,9216,10000.0
discretization,2,fno,10.0,27648000.0,27656192.0,0,3033,0.0498569421470165,0.3884618282318115,9216,3000.0
discretization,2,fno,10.0,27648000.0,27653632.0,1,3029,0.0507857128977775,0.3662620186805725,9216,3000.0
discretization,2,fno,10.0,27648000.0,27649024.0,2,3027,0.0500794872641563,0.3732892572879791,9216,3000.0
discretization,2,fno,10.0,27648000.0,27648256.0,3,3031,0.0493032298982143,0.3875652849674225,9216,3000.0
discretization,2,fno,10.0,27648000.0,27651840.0,4,3031,0.0478635691106319,0.3706842362880707,9216,3000.0
discretization,2,fno,10.0,27648000.0,27649024.0,5,3022,0.0480207465589046,0.3839333951473236,9216,3000.0
discretization,2,fno,10.0,92160000.0,92168960.0,0,10104,0.0404903069138526,0.3825637996196747,9216,10000.0
discretization,2,fno,10.0,92160000.0,92162816.0,1,10101,0.0404870584607124,0.3695683181285858,9216,10000.0
discretization,2,fno,10.0,92160000.0,92167456.0,2,10103,0.040605466812849,0.365990400314331,9216,10000.0
discretization,2,fno,10.0,92160000.0,92163328.0,3,10109,0.0417642779648304,0.3689715564250946,9216,10000.0
discretization,2,fno,10.0,92160000.0,92163072.0,4,10101,0.0405284650623798,0.3872396349906921,9216,10000.0
discretization,2,fno,10.0,92160000.0,92168960.0,5,10084,0.0396615527570247,0.3609852492809295,9216,10000.0
discretization,2,fno,2.0,27648000.0,27651168.0,0,4767,0.0491276383399963,0.4182269871234894,9216,3000.0
discretization,2,fno,2.0,27648000.0,27654672.0,1,4722,0.0497425831854343,0.4001688957214355,9216,3000.0
discretization,2,fno,2.0,27648000.0,27657168.0,2,4709,0.0487637408077716,0.4082938432693481,9216,3000.0
discretization,2,fno,2.0,27648000.0,27655840.0,3,4720,0.0498040951788425,0.4153801202774048,9216,3000.0
discretization,2,fno,2.0,27648000.0,27656768.0,4,4747,0.0481383092701435,0.4109759330749511,9216,3000.0
discretization,2,fno,2.0,27648000.0,27649136.0,5,4693,0.0505336001515388,0.4220104813575744,9216,3000.0
discretization,2,fno,20.0,2764800.0,2764800.0,0,300,0.1918991655111313,0.5361382365226746,9216,300.0
discretization,2,fno,20.0,2764800.0,2768896.0,1,301,0.1812078952789306,0.5052999258041382,9216,300.0
discretization,2,fno,20.0,2764800.0,2764800.0,2,300,0.1719869971275329,0.4898836016654968,9216,300.0
discretization,2,fno,20.0,2764800.0,2764800.0,3,300,0.1612724810838699,0.4920198619365692,9216,300.0
discretization,2,fno,20.0,2764800.0,2764800.0,4,300,0.1681515872478485,0.5249252319335938,9216,300.0
discretization,2,fno,20.0,2764800.0,2764800.0,5,300,0.17120923101902,0.544196367263794,9216,300.0
discretization,2,fno,20.0,27648000.0,27648000.0,0,3000,0.0493891164660453,0.3852806687355041,9216,3000.0
discretization,2,fno,20.0,27648000.0,27652096.0,1,3001,0.0502636283636093,0.3643169999122619,9216,3000.0
discretization,2,fno,20.0,27648000.0,27652096.0,2,3001,0.0504229962825775,0.3597444891929626,9216,3000.0
discretization,2,fno,20.0,27648000.0,27648000.0,3,3000,0.0485007092356681,0.3730989396572113,9216,3000.0
discretization,2,fno,20.0,27648000.0,27648000.0,4,3000,0.0486315004527568,0.380207896232605,9216,3000.0
discretization,2,fno,20.0,27648000.0,27648000.0,5,3000,0.0471466705203056,0.3735823631286621,9216,3000.0
discretization,2,fno,20.0,92160.0,92160.0,0,10,0.8811779618263245,1.415234088897705,9216,10.0
discretization,2,fno,20.0,92160.0,92160.0,1,10,0.9980545043945312,1.4250057935714722,9216,10.0
discretization,2,fno,20.0,92160.0,92160.0,2,10,1.0252480506896973,1.864157795906067,9216,10.0
discretization,2,fno,20.0,92160.0,92160.0,3,10,1.011223316192627,1.6778916120529177,9216,10.0
discretization,2,fno,20.0,92160.0,92160.0,4,10,0.995672881603241,1.6069378852844238,9216,10.0
discretization,2,fno,20.0,92160.0,92160.0,5,10,1.032029390335083,2.097221612930298,9216,10.0
discretization,2,fno,20.0,921600.0,921600.0,0,100,0.6001607775688171,0.6726455688476562,9216,100.0
discretization,2,fno,20.0,921600.0,925696.0,1,101,0.5563555359840393,0.705615222454071,9216,100.0
discretization,2,fno,20.0,921600.0,921600.0,2,100,0.5657291412353516,0.6470704674720764,9216,100.0
discretization,2,fno,20.0,921600.0,921600.0,3,100,0.5717236399650574,0.7058268785476685,9216,100.0
discretization,2,fno,20.0,921600.0,921600.0,4,100,0.4343768358230591,0.6671786308288574,9216,100.0
discretization,2,fno,20.0,921600.0,921600.0,5,100,0.5362846255302429,0.7132382988929749,9216,100.0
discretization,2,fno,20.0,9216000.0,9216000.0,0,1000,0.0764618441462516,0.4284238815307617,9216,1000.0
discretization,2,fno,20.0,9216000.0,9220096.0,1,1001,0.0815242826938629,0.3922330141067505,9216,1000.0
discretization,2,fno,20.0,9216000.0,9216000.0,2,1000,0.0732926949858665,0.3808521926403045,9216,1000.0
discretization,2,fno,20.0,9216000.0,9216000.0,3,1000,0.074254609644413,0.3879782855510711,9216,1000.0
discretization,2,fno,20.0,9216000.0,9216000.0,4,1000,0.076096311211586,0.3960819840431213,9216,1000.0
discretization,2,fno,20.0,9216000.0,9216000.0,5,1000,0.077130302786827,0.4097828567028045,9216,1000.0
discretization,2,fno,20.0,92160000.0,92163072.0,0,10002,0.0402498394250869,0.3781094253063202,9216,10000.0
discretization,2,fno,20.0,92160000.0,92168192.0,1,10002,0.041782796382904,0.3630317151546478,9216,10000.0
discretization,2,fno,20.0,92160000.0,92162048.0,2,10003,0.0409143827855587,0.3602510094642639,9216,10000.0
discretization,2,fno,20.0,92160000.0,92164096.0,3,10001,0.0410313233733177,0.3679343461990356,9216,10000.0
discretization,2,fno,20.0,92160000.0,92160000.0,4,10000,0.0405317582190036,0.3698335886001587,9216,10000.0
discretization,2,fno,20.0,92160000.0,92164096.0,5,10001,0.0394306145608425,0.3663104176521301,9216,10000.0
discretization,2,fno,5.0,2764800.0,2768784.0,0,338,0.1847086250782013,0.5460411906242371,9216,300.0
discretization,2,fno,5.0,2764800.0,2770384.0,1,331,0.1704572588205337,0.506553590297699,9216,300.0
discretization,2,fno,5.0,2764800.0,2766736.0,2,333,0.1660467088222503,0.4863969385623932,9216,300.0
discretization,2,fno,5.0,2764800.0,2766000.0,3,332,0.1550890058279037,0.522068440914154,9216,300.0
discretization,2,fno,5.0,2764800.0,2770688.0,4,328,0.1609774231910705,0.5086222887039185,9216,300.0
discretization,2,fno,5.0,2764800.0,2769984.0,5,341,0.1640163511037826,0.5246412754058838,9216,300.0
discretization,2,fno,5.0,27648000.0,27652592.0,0,3333,0.0492728948593139,0.4184008836746216,9216,3000.0
discretization,2,fno,5.0,27648000.0,27650064.0,1,3335,0.0505695417523384,0.3788646161556244,9216,3000.0
discretization,2,fno,5.0,27648000.0,27656960.0,2,3342,0.0517458617687225,0.3895957171916961,9216,3000.0
discretization,2,fno,5.0,27648000.0,27654976.0,3,3337,0.0500904358923435,0.4010913372039795,9216,3000.0
discretization,2,fno,5.0,27648000.0,27655536.0,4,3340,0.0475517399609088,0.3891553282737732,9216,3000.0
discretization,2,fno,5.0,27648000.0,27655168.0,5,3309,0.0490594953298568,0.3965988159179687,9216,3000.0
discretization,2,fno,5.0,92160.0,94464.0,0,11,0.8599613904953003,1.3068618774414062,9216,10.0
discretization,2,fno,5.0,92160.0,96256.0,1,11,0.9667831063270568,1.3193978071212769,9216,10.0
discretization,2,fno,5.0,92160.0,96256.0,2,11,0.9502788186073304,1.4019750356674194,9216,10.0
discretization,2,fno,5.0,92160.0,97280.0,3,12,1.0098885297775269,1.5291258096694946,9216,10.0
discretization,2,fno,5.0,92160.0,96256.0,4,11,0.9378131031990052,1.4056832790374756,9216,10.0
discretization,2,fno,5.0,92160.0,93440.0,5,12,0.9664727449417114,1.7026596069335938,9216,10.0
discretization,2,fno,5.0,921600.0,929936.0,0,120,0.4657462239265442,0.7443447709083557,9216,100.0
discretization,2,fno,5.0,921600.0,923168.0,1,111,0.4583304524421692,0.6652451753616333,9216,100.0
discretization,2,fno,5.0,921600.0,926208.0,2,109,0.4638308584690094,0.6919130086898804,9216,100.0
discretization,2,fno,5.0,921600.0,927376.0,3,111,0.5214027166366577,0.7086140513420105,9216,100.0
discretization,2,fno,5.0,921600.0,929280.0,4,109,0.3950685858726501,0.6604695916175842,9216,100.0
discretization,2,fno,5.0,921600.0,926352.0,5,113,0.4469646215438843,0.7724201679229736,9216,100.0
discretization,2,fno,5.0,9216000.0,9219536.0,0,1101,0.0731494426727294,0.4420669972896576,9216,1000.0
discretization,2,fno,5.0,9216000.0,9218032.0,1,1098,0.0787013471126556,0.406267911195755,9216,1000.0
discretization,2,fno,5.0,9216000.0,9216464.0,2,1096,0.0727942362427711,0.3991966545581817,9216,1000.0
discretization,2,fno,5.0,9216000.0,9216416.0,3,1120,0.0728896111249923,0.4260883331298828,9216,1000.0
discretization,2,fno,5.0,9216000.0,9221216.0,4,1111,0.0697220563888549,0.3972382247447967,9216,1000.0
discretization,2,fno,5.0,9216000.0,9217488.0,5,1104,0.0739900767803192,0.4438998997211456,9216,1000.0
discretization,2,fno,5.0,92160000.0,92163872.0,0,11155,0.0423191264271736,0.4018630981445312,9216,10000.0
discretization,2,fno,5.0,92160000.0,92168432.0,1,11111,0.0423629023134708,0.3721955418586731,9216,10000.0
discretization,2,fno,5.0,92160000.0,92164240.0,2,11082,0.0425213500857353,0.3762810528278351,9216,10000.0
discretization,2,fno,5.0,92160000.0,92166912.0,3,11142,0.041997380554676,0.3824048638343811,9216,10000.0
discretization,2,fno,5.0,92160000.0,92160080.0,4,11088,0.041532028466463,0.3782413005828857,9216,10000.0
discretization,2,fno,5.0,92160000.0,92161984.0,5,11090,0.0414219573140144,0.3802651464939117,9216,10000.0
discretization,2,fno,7.0,92160000.0,92160048.0,0,10419,0.0411036014556884,0.3899009227752685,9216,10000.0
discretization,2,fno,7.0,92160000.0,92166048.0,1,10389,0.0425855442881584,0.3743855059146881,9216,10000.0
discretization,2,fno,7.0,92160000.0,92162240.0,2,10403,0.0412560179829597,0.3637190461158752,9216,10000.0
discretization,2,fno,7.0,92160000.0,92162288.0,3,10426,0.0421206019818782,0.3777341842651367,9216,10000.0
discretization,2,fno,7.0,92160000.0,92168320.0,4,10395,0.0409951917827129,0.3700535595417022,9216,10000.0
discretization,2,fno,7.0,92160000.0,92163392.0,5,10372,0.041515827178955,0.3900957405567169,9216,10000.0
discretization,1,unet,-0.5,1440.0,1472.0,0,48,1.373682737350464,3.802557945251465,48,30.0
discretization,1,unet,-0.5,1440.0,1456.0,1,48,1.2543922662734983,4.990091800689697,48,30.0
discretization,1,unet,-0.5,1440.0,1460.0,2,46,0.919369101524353,2.782297849655152,48,30.0
discretization,1,unet,-0.5,1440.0,1448.0,3,46,1.1594810485839844,2.33716344833374,48,30.0
discretization,1,unet,-0.5,1440.0,1472.0,4,49,1.422476291656494,5.129271030426025,48,30.0
discretization,1,unet,-0.5,1440.0,1440.0,5,44,0.7255111336708069,3.971245050430298,48,30.0
discretization,1,unet,-0.5,14400.0,14436.0,0,458,0.1365986764430999,0.956823706626892,48,300.0
discretization,1,unet,-0.5,14400.0,14424.0,1,463,0.1133676692843437,0.8549372553825378,48,300.0
discretization,1,unet,-0.5,14400.0,14420.0,2,462,0.1296751946210861,0.9263281226158142,48,300.0
discretization,1,unet,-0.5,14400.0,14412.0,3,447,0.1095662117004394,0.8395848870277405,48,300.0
discretization,1,unet,-0.5,14400.0,14420.0,4,470,0.0945893079042434,0.8303287029266357,48,300.0
discretization,1,unet,-0.5,14400.0,14400.0,5,470,0.1178672686219215,0.9582188129425048,48,300.0
discretization,1,unet,-0.5,144000.0,144044.0,0,4630,0.0437819473445415,0.9675174355506896,48,3000.0
discretization,1,unet,-0.5,144000.0,144020.0,1,4617,0.0402609631419181,0.9049790501594543,48,3000.0
discretization,1,unet,-0.5,144000.0,144024.0,2,4608,0.0382119044661521,0.8700640201568604,48,3000.0
discretization,1,unet,-0.5,144000.0,144032.0,3,4603,0.0426208712160587,0.92042475938797,48,3000.0
discretization,1,unet,-0.5,144000.0,144004.0,4,4647,0.048192486166954,0.8672688007354736,48,3000.0
discretization,1,unet,-0.5,144000.0,144032.0,5,4626,0.0474583134055137,0.958739697933197,48,3000.0
discretization,1,unet,-0.5,480.0,496.0,0,14,1.5550823211669922,6.029206275939941,48,10.0
discretization,1,unet,-0.5,480.0,492.0,1,16,2.9338219165802,6.270434856414795,48,10.0
discretization,1,unet,-0.5,480.0,508.0,2,18,1.6653374433517456,6.46613883972168,48,10.0
discretization,1,unet,-0.5,480.0,496.0,3,14,1.2366656064987185,3.846986532211304,48,10.0
discretization,1,unet,-0.5,480.0,508.0,4,18,1.942277431488037,5.68776273727417,48,10.0
discretization,1,unet,-0.5,480.0,512.0,5,15,1.618692398071289,5.359460353851318,48,10.0
discretization,1,unet,-0.5,4800.0,4800.0,0,155,0.7110887169837952,1.5399690866470337,48,100.0
discretization,1,unet,-0.5,4800.0,4816.0,1,155,0.5703372955322266,1.14482581615448,48,100.0
discretization,1,unet,-0.5,4800.0,4812.0,2,157,0.6473249793052673,1.4103922843933103,48,100.0
discretization,1,unet,-0.5,4800.0,4808.0,3,143,0.6182831525802612,1.336000919342041,48,100.0
discretization,1,unet,-0.5,4800.0,4812.0,4,157,0.4668002128601074,1.0848592519760132,48,100.0
discretization,1,unet,-0.5,4800.0,4804.0,5,156,0.5744469165802002,1.500720500946045,48,100.0
discretization,1,unet,-0.5,48000.0,48016.0,0,1522,0.058008212596178,0.9129493236541748,48,1000.0
discretization,1,unet,-0.5,48000.0,48016.0,1,1533,0.0542864128947258,0.8719722032546997,48,1000.0
discretization,1,unet,-0.5,48000.0,48000.0,2,1527,0.0659865662455558,0.8727673888206482,48,1000.0
discretization,1,unet,-0.5,48000.0,48000.0,3,1525,0.0637329071760177,0.8487290740013123,48,1000.0
discretization,1,unet,-0.5,48000.0,48008.0,4,1569,0.0551260560750961,0.8113365173339844,48,1000.0
discretization,1,unet,-0.5,48000.0,48000.0,5,1539,0.0564100667834281,0.9097204208374025,48,1000.0
discretization,1,unet,-0.5,480000.0,480004.0,0,15349,0.037242118269205,0.9752995371818542,48,10000.0
discretization,1,unet,-0.5,480000.0,480016.0,1,15431,0.0398285649716854,0.9063484072685242,48,10000.0
discretization,1,unet,-0.5,480000.0,480000.0,2,15329,0.034321803599596,0.870508074760437,48,10000.0
discretization,1,unet,-0.5,480000.0,480004.0,3,15381,0.0427809022367,0.9178330898284912,48,10000.0
discretization,1,unet,-0.5,480000.0,480000.0,4,15413,0.0430148057639598,0.8769871592521667,48,10000.0
discretization,1,unet,-0.5,480000.0,480028.0,5,15393,0.0402317605912685,0.9457446336746216,48,10000.0
discretization,1,unet,-0.75,14400.0,14416.0,0,470,0.1272785812616348,0.9806283116340636,48,300.0
discretization,1,unet,-0.75,14400.0,14404.0,1,475,0.1116990000009536,0.8653793334960938,48,300.0
discretization,1,unet,-0.75,14400.0,14400.0,2,476,0.126251220703125,0.9205842614173888,48,300.0
discretization,1,unet,-0.75,14400.0,14400.0,3,460,0.1162692308425903,0.8707371354103088,48,300.0
discretization,1,unet,-0.75,14400.0,14400.0,4,483,0.1002345234155654,0.8523908853530884,48,300.0
discretization,1,unet,-0.75,14400.0,14400.0,5,484,0.1138090118765831,0.9695759415626526,48,300.0
discretization,1,unet,-1.0,1440.0,1448.0,0,50,1.0534433126449585,2.89780330657959,48,30.0
discretization,1,unet,-1.0,1440.0,1456.0,1,50,0.893674373626709,2.8003718852996826,48,30.0
discretization,1,unet,-1.0,1440.0,1456.0,2,50,1.0217955112457275,1.82223641872406,48,30.0
discretization,1,unet,-1.0,1440.0,1440.0,3,49,0.7325124740600586,3.680607795715332,48,30.0
discretization,1,unet,-1.0,1440.0,1448.0,4,49,1.3076636791229248,2.748197317123413,48,30.0
discretization,1,unet,-1.0,1440.0,1460.0,5,47,0.9684396982192992,3.5400283336639404,48,30.0
discretization,1,unet,-1.0,14400.0,14404.0,0,483,0.1157727763056755,0.9828813076019288,48,300.0
discretization,1,unet,-1.0,14400.0,14420.0,1,484,0.1195105463266372,0.8771689534187317,48,300.0
discretization,1,unet,-1.0,14400.0,14412.0,2,489,0.1269722729921341,0.9186126589775084,48,300.0
discretization,1,unet,-1.0,14400.0,14416.0,3,476,0.1127151399850845,0.8997848033905029,48,300.0
discretization,1,unet,-1.0,14400.0,14424.0,4,493,0.1041435599327087,0.8434818983078003,48,300.0
discretization,1,unet,-1.0,14400.0,14416.0,5,501,0.1038464605808258,1.0243911743164062,48,300.0
discretization,1,unet,-1.0,144000.0,144016.0,0,4896,0.0466937087476253,1.0137405395507812,48,3000.0
discretization,1,unet,-1.0,144000.0,144008.0,1,4874,0.0477109476923942,0.9491894245147704,48,3000.0
discretization,1,unet,-1.0,144000.0,144008.0,2,4878,0.0486378371715545,0.925849437713623,48,3000.0
discretization,1,unet,-1.0,144000.0,144024.0,3,4874,0.0522672608494758,0.954767107963562,48,3000.0
discretization,1,unet,-1.0,144000.0,144000.0,4,4903,0.0562680102884769,0.9014378190040588,48,3000.0
discretization,1,unet,-1.0,144000.0,144020.0,5,4892,0.0498454943299293,0.9954136610031128,48,3000.0
discretization,1,unet,-1.0,480.0,492.0,0,15,1.9435293674468996,7.421446323394775,48,10.0
discretization,1,unet,-1.0,480.0,500.0,1,17,1.787065863609314,4.802405834197998,48,10.0
discretization,1,unet,-1.0,480.0,504.0,2,19,2.0397157669067383,4.928472995758057,48,10.0
discretization,1,unet,-1.0,480.0,504.0,3,15,1.1514830589294434,10.158858299255373,48,10.0
discretization,1,unet,-1.0,480.0,508.0,4,18,2.583299398422241,4.481107234954834,48,10.0
discretization,1,unet,-1.0,480.0,504.0,5,15,1.4078731536865234,7.188669204711914,48,10.0
discretization,1,unet,-1.0,4800.0,4812.0,0,164,0.720892608165741,1.5365350246429443,48,100.0
discretization,1,unet,-1.0,4800.0,4816.0,1,159,0.646746039390564,1.356533169746399,48,100.0
discretization,1,unet,-1.0,4800.0,4800.0,2,168,0.5816022157669067,1.3069894313812256,48,100.0
discretization,1,unet,-1.0,4800.0,4812.0,3,154,0.5779086351394653,1.2243292331695557,48,100.0
discretization,1,unet,-1.0,4800.0,4816.0,4,163,0.4667339324951172,1.2300786972045898,48,100.0
discretization,1,unet,-1.0,4800.0,4832.0,5,165,0.5622355937957764,1.5948379039764404,48,100.0
discretization,1,unet,-1.0,48000.0,48008.0,0,1612,0.0670167058706283,0.9517762660980223,48,1000.0
discretization,1,unet,-1.0,48000.0,48020.0,1,1615,0.0631390064954757,0.903681457042694,48,1000.0
discretization,1,unet,-1.0,48000.0,48000.0,2,1614,0.0713465362787246,0.8979566693305969,48,1000.0
discretization,1,unet,-1.0,48000.0,48020.0,3,1616,0.0735917687416076,0.9166584610939026,48,1000.0
discretization,1,unet,-1.0,48000.0,48004.0,4,1651,0.0673420056700706,0.8612563610076904,48,1000.0
discretization,1,unet,-1.0,48000.0,48016.0,5,1629,0.0560241788625717,0.951220691204071,48,1000.0
discretization,1,unet,-1.0,480000.0,480012.0,0,16205,0.0460172109305858,1.0078598260879517,48,10000.0
discretization,1,unet,-1.0,480000.0,480012.0,1,16342,0.0482595562934875,0.9496504664421082,48,10000.0
discretization,1,unet,-1.0,480000.0,480000.0,2,16248,0.0470371730625629,0.9247488379478456,48,10000.0
discretization,1,unet,-1.0,480000.0,480000.0,3,16255,0.0492999926209449,0.9523378014564514,48,10000.0
discretization,1,unet,-1.0,480000.0,480004.0,4,16310,0.0508887581527233,0.908553421497345,48,10000.0
discretization,1,unet,-1.0,480000.0,480000.0,5,16302,0.045796874910593,1.007169485092163,48,10000.0
discretization,1,unet,-1.5,14400.0,14400.0,0,510,0.1205060556530952,1.041812300682068,48,300.0
discretization,1,unet,-1.5,14400.0,14412.0,1,503,0.1020407080650329,0.897587776184082,48,300.0
discretization,1,unet,-1.5,14400.0,14412.0,2,516,0.130001500248909,0.9762933850288392,48,300.0
discretization,1,unet,-1.5,14400.0,14400.0,3,497,0.1025014817714691,0.9382492899894714,48,300.0
discretization,1,unet,-1.5,14400.0,14404.0,4,516,0.0895906016230583,0.9475530982017516,48,300.0
discretization,1,unet,-1.5,14400.0,14416.0,5,524,0.1003564298152923,1.0635522603988647,48,300.0
discretization,1,unet,-10.0,1440.0,1456.0,0,70,0.9525139927864076,3.493220329284668,48,30.0
discretization,1,unet,-10.0,1440.0,1440.0,1,70,0.789409339427948,2.419907093048096,48,30.0
discretization,1,unet,-10.0,1440.0,1444.0,2,71,0.7983832955360413,3.2372725009918213,48,30.0
discretization,1,unet,-10.0,1440.0,1456.0,3,70,1.195783257484436,5.273468017578125,48,30.0
discretization,1,unet,-10.0,1440.0,1440.0,4,70,0.7392311096191406,2.742629051208496,48,30.0
discretization,1,unet,-10.0,1440.0,1452.0,5,71,0.7702982425689697,6.182886600494385,48,30.0
discretization,1,unet,-10.0,4800.0,4804.0,0,233,0.3374041616916656,1.8910982608795168,48,100.0
discretization,1,unet,-10.0,4800.0,4812.0,1,235,0.2578886747360229,1.7449758052825928,48,100.0
discretization,1,unet,-10.0,4800.0,4812.0,2,237,0.306365817785263,2.0370917320251465,48,100.0
discretization,1,unet,-10.0,4800.0,4804.0,3,233,0.4110224843025207,1.9661996364593504,48,100.0
discretization,1,unet,-10.0,4800.0,4816.0,4,234,0.2252496480941772,2.039625406265259,48,100.0
discretization,1,unet,-10.0,4800.0,4800.0,5,236,0.2925769686698913,2.084136724472046,48,100.0
discretization,1,unet,-15.0,1440.0,1444.0,0,71,0.9853319525718688,5.6332292556762695,48,30.0
discretization,1,unet,-15.0,1440.0,1440.0,1,72,0.9431337714195251,4.597829818725586,48,30.0
discretization,1,unet,-15.0,1440.0,1440.0,2,72,0.7710759043693542,3.8512585163116455,48,30.0
discretization,1,unet,-15.0,1440.0,1444.0,3,71,0.8944384455680847,6.257948875427246,48,30.0
discretization,1,unet,-15.0,1440.0,1456.0,4,72,0.8540356755256653,3.4595866203308105,48,30.0
discretization,1,unet,-15.0,1440.0,1440.0,5,72,0.6870303153991699,2.9270663261413574,48,30.0
discretization,1,unet,-15.0,4800.0,4800.0,0,238,0.3076619207859039,2.2091636657714844,48,100.0
discretization,1,unet,-15.0,4800.0,4816.0,1,240,0.2824956774711609,2.168508052825928,48,100.0
discretization,1,unet,-15.0,4800.0,4808.0,2,240,0.2392310053110122,2.2389450073242188,48,100.0
discretization,1,unet,-15.0,4800.0,4812.0,3,239,0.3066917061805725,2.399071455001831,48,100.0
discretization,1,unet,-15.0,4800.0,4800.0,4,238,0.1888647079467773,2.19273042678833,48,100.0
discretization,1,unet,-15.0,4800.0,4808.0,5,240,0.255967229604721,2.598986387252808,48,100.0
discretization,1,unet,-2.0,1440.0,1456.0,0,55,1.2394678592681885,6.732348442077637,48,30.0
discretization,1,unet,-2.0,1440.0,1444.0,1,56,0.9013797044754028,2.579676866531372,48,30.0
discretization,1,unet,-2.0,1440.0,1452.0,2,56,0.9563610553741456,1.9496047496795652,48,30.0
discretization,1,unet,-2.0,1440.0,1444.0,3,53,1.034902811050415,4.226240158081055,48,30.0
discretization,1,unet,-2.0,1440.0,1444.0,4,55,0.6716752648353577,2.348576784133911,48,30.0
discretization,1,unet,-2.0,1440.0,1456.0,5,52,0.7758228182792664,3.860060691833496,48,30.0
discretization,1,unet,-2.0,14400.0,14400.0,0,537,0.1044189408421516,1.1255875825881958,48,300.0
discretization,1,unet,-2.0,14400.0,14408.0,1,532,0.097134381532669,0.9354063272476196,48,300.0
discretization,1,unet,-2.0,14400.0,14424.0,2,544,0.1240406855940818,1.0217831134796145,48,300.0
discretization,1,unet,-2.0,14400.0,14408.0,3,520,0.1181698217988014,1.011807203292847,48,300.0
discretization,1,unet,-2.0,14400.0,14408.0,4,545,0.0888364985585212,1.0166839361190796,48,300.0
discretization,1,unet,-2.0,14400.0,14408.0,5,554,0.108784444630146,1.1276357173919678,48,300.0
discretization,1,unet,-2.0,144000.0,144004.0,0,5400,0.069494143128395,1.159859299659729,48,3000.0
discretization,1,unet,-2.0,144000.0,144008.0,1,5366,0.0643588751554489,1.046528458595276,48,3000.0
discretization,1,unet,-2.0,144000.0,144008.0,2,5394,0.0719104781746864,1.0209351778030396,48,3000.0
discretization,1,unet,-2.0,144000.0,144004.0,3,5378,0.0742755755782127,1.0229556560516355,48,3000.0
discretization,1,unet,-2.0,144000.0,144008.0,4,5429,0.072454072535038,1.010438323020935,48,3000.0
discretization,1,unet,-2.0,144000.0,144004.0,5,5426,0.0680206343531608,1.1363240480422974,48,3000.0
discretization,1,unet,-2.0,480.0,500.0,0,18,1.557194471359253,6.965400695800781,48,10.0
discretization,1,unet,-2.0,480.0,504.0,1,18,1.8272618055343628,4.987905025482178,48,10.0
discretization,1,unet,-2.0,480.0,484.0,2,21,1.8920681476593015,6.153326988220215,48,10.0
discretization,1,unet,-2.0,480.0,488.0,3,16,1.731223464012146,6.857624530792236,48,10.0
discretization,1,unet,-2.0,480.0,500.0,4,19,1.209455966949463,10.72467041015625,48,10.0
discretization,1,unet,-2.0,480.0,488.0,5,17,1.3005245923995972,7.896039962768555,48,10.0
discretization,1,unet,-2.0,4800.0,4808.0,0,178,0.6263924837112427,1.3981128931045532,48,100.0
discretization,1,unet,-2.0,4800.0,4816.0,1,180,0.3960850834846496,1.1176663637161257,48,100.0
discretization,1,unet,-2.0,4800.0,4816.0,2,186,0.4987026154994964,1.2346466779708862,48,100.0
discretization,1,unet,-2.0,4800.0,4804.0,3,168,0.6277194023132324,1.320220708847046,48,100.0
discretization,1,unet,-2.0,4800.0,4800.0,4,182,0.4117953479290008,1.3116695880889893,48,100.0
discretization,1,unet,-2.0,4800.0,4804.0,5,184,0.5333818197250366,1.5118170976638794,48,100.0
discretization,1,unet,-2.0,48000.0,48004.0,0,1798,0.0805191621184349,1.1088608503341677,48,1000.0
discretization,1,unet,-2.0,48000.0,48020.0,1,1790,0.0684479624032974,1.0029596090316772,48,1000.0
discretization,1,unet,-2.0,48000.0,48004.0,2,1792,0.0815818756818771,0.980657696723938,48,1000.0
discretization,1,unet,-2.0,48000.0,48032.0,3,1775,0.0856994017958641,0.9947532415390016,48,1000.0
discretization,1,unet,-2.0,48000.0,48008.0,4,1830,0.0693719387054443,1.005088210105896,48,1000.0
discretization,1,unet,-2.0,48000.0,48004.0,5,1814,0.0757492408156395,1.060178518295288,48,1000.0
discretization,1,unet,-2.0,480000.0,480000.0,0,17903,0.0649971216917038,1.1618733406066897,48,10000.0
discretization,1,unet,-2.0,480000.0,480008.0,1,18037,0.0668005868792533,1.0253664255142212,48,10000.0
discretization,1,unet,-2.0,480000.0,480016.0,2,18016,0.0726380124688148,1.028589963912964,48,10000.0
discretization,1,unet,-2.0,480000.0,480008.0,3,17980,0.07059907913208,1.043969750404358,48,10000.0
discretization,1,unet,-2.0,480000.0,480020.0,4,18053,0.0725747272372245,1.0120130777359009,48,10000.0
discretization,1,unet,-2.0,480000.0,480028.0,5,18040,0.0660862997174263,1.128935933113098,48,10000.0
discretization,1,unet,-2.5,14400.0,14420.0,0,556,0.1177437976002693,1.1916368007659912,48,300.0
discretization,1,unet,-2.5,14400.0,14412.0,1,555,0.1031849011778831,0.9978601336479188,48,300.0
discretization,1,unet,-2.5,14400.0,14432.0,2,563,0.1179068610072135,1.0813642740249634,48,300.0
discretization,1,unet,-2.5,14400.0,14400.0,3,549,0.1264890879392624,1.0450035333633425,48,300.0
discretization,1,unet,-2.5,14400.0,14400.0,4,572,0.087652787566185,1.0923529863357544,48,300.0
discretization,1,unet,-2.5,14400.0,14400.0,5,573,0.1141700893640518,1.1627050638198853,48,300.0
discretization,1,unet,-20.0,1440.0,1440.0,0,72,0.967190146446228,6.877866268157959,48,30.0
discretization,1,unet,-20.0,1440.0,1440.0,1,72,0.9233428835868835,4.724092483520508,48,30.0
discretization,1,unet,-20.0,1440.0,1440.0,2,72,0.6901800632476807,2.424828052520752,48,30.0
discretization,1,unet,-20.0,1440.0,1448.0,3,72,0.9420853853225708,5.9207634925842285,48,30.0
discretization,1,unet,-20.0,1440.0,1448.0,4,72,0.8139851093292236,3.381446123123169,48,30.0
discretization,1,unet,-20.0,1440.0,1440.0,5,72,0.8229986429214478,5.586628437042236,48,30.0
discretization,1,unet,-20.0,14400.0,14404.0,0,719,0.1577953547239303,2.471522569656372,48,300.0
discretization,1,unet,-20.0,14400.0,14412.0,1,719,0.1162046417593956,2.1184303760528564,48,300.0
discretization,1,unet,-20.0,14400.0,14400.0,2,720,0.1473629474639892,2.3488008975982666,48,300.0
discretization,1,unet,-20.0,14400.0,14408.0,3,720,0.1817476451396942,2.604278087615967,48,300.0
discretization,1,unet,-20.0,14400.0,14412.0,4,719,0.098260760307312,2.29024600982666,48,300.0
discretization,1,unet,-20.0,14400.0,14416.0,5,720,0.1388356238603592,2.4890618324279785,48,300.0
discretization,1,unet,-20.0,144000.0,144008.0,0,7192,0.1455005407333374,2.554895401000977,48,3000.0
discretization,1,unet,-20.0,144000.0,144008.0,1,7192,0.109346404671669,2.2482681274414062,48,3000.0
discretization,1,unet,-20.0,144000.0,144012.0,2,7195,0.1412461996078491,2.5415046215057373,48,3000.0
discretization,1,unet,-20.0,144000.0,144004.0,3,7189,0.1242624148726463,2.44674015045166,48,3000.0
discretization,1,unet,-20.0,144000.0,144000.0,4,7192,0.1070483177900314,2.3701863288879395,48,3000.0
discretization,1,unet,-20.0,144000.0,144004.0,5,7191,0.1262431889772415,2.477567195892334,48,3000.0
discretization,1,unet,-20.0,480.0,480.0,0,24,1.6032946109771729,13.540888786315918,48,10.0
discretization,1,unet,-20.0,480.0,480.0,1,24,1.0762979984283447,3.423154830932617,48,10.0
discretization,1,unet,-20.0,480.0,480.0,2,24,1.5893312692642212,4.0440993309021,48,10.0
discretization,1,unet,-20.0,480.0,488.0,3,24,2.3694324493408203,9.90071964263916,48,10.0
discretization,1,unet,-20.0,480.0,488.0,4,24,1.3115181922912598,6.663557052612305,48,10.0
discretization,1,unet,-20.0,480.0,480.0,5,24,1.2969670295715332,11.343045234680176,48,10.0
discretization,1,unet,-20.0,4800.0,4808.0,0,240,0.3262463808059692,2.551950216293335,48,100.0
discretization,1,unet,-20.0,4800.0,4808.0,1,240,0.288918137550354,2.224606990814209,48,100.0
discretization,1,unet,-20.0,4800.0,4800.0,2,240,0.3038445711135864,2.418820381164551,48,100.0
discretization,1,unet,-20.0,4800.0,4808.0,3,240,0.2742122411727905,2.492794752120972,48,100.0
discretization,1,unet,-20.0,4800.0,4816.0,4,240,0.1955062001943588,2.401904582977295,48,100.0
discretization,1,unet,-20.0,4800.0,4800.0,5,240,0.249606654047966,2.600082874298096,48,100.0
discretization,1,unet,-20.0,48000.0,48004.0,0,2397,0.1471846103668213,2.549387216567993,48,1000.0
discretization,1,unet,-20.0,48000.0,48000.0,1,2398,0.107006549835205,2.3271470069885254,48,1000.0
discretization,1,unet,-20.0,48000.0,48016.0,2,2398,0.1497202962636947,2.350314855575561,48,1000.0
discretization,1,unet,-20.0,48000.0,48000.0,3,2398,0.1351015269756317,2.4571189880371094,48,1000.0
discretization,1,unet,-20.0,48000.0,48012.0,4,2397,0.1484205722808838,2.275024652481079,48,1000.0
discretization,1,unet,-20.0,48000.0,48008.0,5,2398,0.1465742290019989,2.5228471755981445,48,1000.0
discretization,1,unet,-20.0,480000.0,480000.0,0,23970,0.1321710348129272,2.518627166748047,48,10000.0
discretization,1,unet,-20.0,480000.0,480012.0,1,23967,0.1268537640571594,2.1456139087677,48,10000.0
discretization,1,unet,-20.0,480000.0,480016.0,2,23972,0.129135325551033,2.5856475830078125,48,10000.0
discretization,1,unet,-20.0,480000.0,480008.0,3,23964,0.1312695890665054,2.4697484970092773,48,10000.0
discretization,1,unet,-20.0,480000.0,480008.0,4,23966,0.1142198517918586,2.3609840869903564,48,10000.0
discretization,1,unet,-20.0,480000.0,480004.0,5,23967,0.1239410936832428,2.410089492797852,48,10000.0
discretization,1,unet,-3.0,1440.0,1452.0,0,58,1.210843801498413,6.581026077270508,48,30.0
discretization,1,unet,-3.0,1440.0,1444.0,1,59,0.8655688166618347,2.6747827529907227,48,30.0
discretization,1,unet,-3.0,1440.0,1472.0,2,62,0.943742334842682,2.184708595275879,48,30.0
discretization,1,unet,-3.0,1440.0,1456.0,3,58,1.1338677406311035,4.564671516418457,48,30.0
discretization,1,unet,-3.0,1440.0,1456.0,4,60,0.9925068616867064,3.1767830848693848,48,30.0
discretization,1,unet,-3.0,1440.0,1444.0,5,55,0.4830517768859863,2.5526986122131348,48,30.0
discretization,1,unet,-3.0,14400.0,14412.0,0,578,0.1201631501317024,1.2401598691940308,48,300.0
discretization,1,unet,-3.0,14400.0,14408.0,1,580,0.0994230285286903,1.060346007347107,48,300.0
discretization,1,unet,-3.0,14400.0,14412.0,2,583,0.1183549836277961,1.125095009803772,48,300.0
discretization,1,unet,-3.0,14400.0,14404.0,3,571,0.1237998008728027,1.1087470054626465,48,300.0
discretization,1,unet,-3.0,14400.0,14416.0,4,596,0.0947663560509681,1.1846542358398438,48,300.0
discretization,1,unet,-3.0,14400.0,14400.0,5,593,0.1074777394533157,1.2081879377365112,48,300.0
discretization,1,unet,-3.0,144000.0,144000.0,0,5838,0.0927352383732795,1.2911572456359863,48,3000.0
discretization,1,unet,-3.0,144000.0,144000.0,1,5805,0.0885782018303871,1.1111294031143188,48,3000.0
discretization,1,unet,-3.0,144000.0,144012.0,2,5840,0.0869920402765274,1.0922133922576904,48,3000.0
discretization,1,unet,-3.0,144000.0,144020.0,3,5815,0.089865431189537,1.168394923210144,48,3000.0
discretization,1,unet,-3.0,144000.0,144008.0,4,5852,0.0859665721654892,1.159087061882019,48,3000.0
discretization,1,unet,-3.0,144000.0,144008.0,5,5856,0.0877187326550483,1.2250231504440308,48,3000.0
discretization,1,unet,-3.0,480.0,496.0,0,19,1.8377925157547,6.003966331481934,48,10.0
discretization,1,unet,-3.0,480.0,488.0,1,19,1.429903507232666,4.638158321380615,48,10.0
discretization,1,unet,-3.0,480.0,504.0,2,22,1.570638656616211,4.770717620849609,48,10.0
discretization,1,unet,-3.0,480.0,492.0,3,18,1.3014092445373535,4.727584838867188,48,10.0
discretization,1,unet,-3.0,480.0,484.0,4,19,0.9122255444526672,8.06108570098877,48,10.0
discretization,1,unet,-3.0,480.0,480.0,5,18,1.840135097503662,6.082071304321289,48,10.0
discretization,1,unet,-3.0,4800.0,4808.0,0,191,0.5517774820327759,1.3345268964767456,48,100.0
discretization,1,unet,-3.0,4800.0,4804.0,1,193,0.4540323615074157,1.375981092453003,48,100.0
discretization,1,unet,-3.0,4800.0,4828.0,2,199,0.3846475183963775,1.308509349822998,48,100.0
discretization,1,unet,-3.0,4800.0,4800.0,3,185,0.5641852617263794,1.334613561630249,48,100.0
discretization,1,unet,-3.0,4800.0,4804.0,4,196,0.3076326251029968,1.4215316772460938,48,100.0
discretization,1,unet,-3.0,4800.0,4808.0,5,197,0.4558486342430115,1.5701797008514404,48,100.0
discretization,1,unet,-3.0,48000.0,48016.0,0,1933,0.1076885983347892,1.2406728267669678,48,1000.0
discretization,1,unet,-3.0,48000.0,48016.0,1,1938,0.094616524875164,1.0857032537460327,48,1000.0
discretization,1,unet,-3.0,48000.0,48024.0,2,1937,0.0933015421032905,1.1111912727355957,48,1000.0
discretization,1,unet,-3.0,48000.0,48028.0,3,1936,0.1031360030174255,1.121747374534607,48,1000.0
discretization,1,unet,-3.0,48000.0,48004.0,4,1969,0.0883145704865455,1.1073492765426636,48,1000.0
discretization,1,unet,-3.0,48000.0,48016.0,5,1949,0.0991837382316589,1.18330979347229,48,1000.0
discretization,1,unet,-3.0,480000.0,480024.0,0,19348,0.0774336606264114,1.3149560689926147,48,10000.0
discretization,1,unet,-3.0,480000.0,480008.0,1,19470,0.0847142413258552,1.138328194618225,48,10000.0
discretization,1,unet,-3.0,480000.0,480032.0,2,19492,0.0854298397898674,1.1443933248519895,48,10000.0
discretization,1,unet,-3.0,480000.0,480012.0,3,19419,0.0878277644515037,1.148118495941162,48,10000.0
discretization,1,unet,-3.0,480000.0,480020.0,4,19483,0.0822255089879036,1.1180540323257446,48,10000.0
discretization,1,unet,-3.0,480000.0,480004.0,5,19496,0.0804417803883552,1.24540376663208,48,10000.0
discretization,1,unet,-4.0,1440.0,1456.0,0,62,1.0895578861236572,7.182260990142822,48,30.0
discretization,1,unet,-4.0,1440.0,1448.0,1,62,0.8392059206962585,2.156178951263428,48,30.0
discretization,1,unet,-4.0,1440.0,1448.0,2,64,1.0664266347885132,2.57625675201416,48,30.0
discretization,1,unet,-4.0,1440.0,1464.0,3,61,1.205464005470276,4.708769798278809,48,30.0
discretization,1,unet,-4.0,1440.0,1444.0,4,63,0.8783824443817139,2.607048988342285,48,30.0
discretization,1,unet,-4.0,1440.0,1440.0,5,62,0.8655621409416199,6.38857889175415,48,30.0
discretization,1,unet,-4.0,14400.0,14404.0,0,612,0.1325431913137436,1.378283977508545,48,300.0
discretization,1,unet,-4.0,14400.0,14412.0,1,610,0.0991366207599639,1.147556185722351,48,300.0
discretization,1,unet,-4.0,14400.0,14400.0,2,623,0.1266986429691314,1.2149444818496704,48,300.0
discretization,1,unet,-4.0,14400.0,14412.0,3,609,0.1349984109401703,1.2460862398147583,48,300.0
discretization,1,unet,-4.0,14400.0,14400.0,4,626,0.0868923366069793,1.2853329181671145,48,300.0
discretization,1,unet,-4.0,14400.0,14400.0,5,632,0.1101931259036064,1.359871506690979,48,300.0
discretization,1,unet,-4.0,4800.0,4812.0,0,202,0.5200201272964478,1.411999225616455,48,100.0
discretization,1,unet,-4.0,4800.0,4808.0,1,202,0.4072623252868652,1.2989062070846558,48,100.0
discretization,1,unet,-4.0,4800.0,4812.0,2,211,0.3947992920875549,1.4458324909210205,48,100.0
discretization,1,unet,-4.0,4800.0,4800.0,3,198,0.5019781589508057,1.4132033586502075,48,100.0
discretization,1,unet,-4.0,4800.0,4804.0,4,207,0.2082703560590744,1.4408732652664185,48,100.0
discretization,1,unet,-4.0,4800.0,4816.0,5,211,0.3412773013114929,1.5309077501296997,48,100.0
discretization,1,unet,-5.0,1440.0,1456.0,0,64,1.044001817703247,6.855512619018555,48,30.0
discretization,1,unet,-5.0,1440.0,1444.0,1,65,0.7572769522666931,2.1396520137786865,48,30.0
discretization,1,unet,-5.0,1440.0,1452.0,2,67,0.7198026776313782,2.0002007484436035,48,30.0
discretization,1,unet,-5.0,1440.0,1456.0,3,63,1.097736358642578,5.470925807952881,48,30.0
discretization,1,unet,-5.0,1440.0,1440.0,4,65,0.3841185569763183,4.199138164520264,48,30.0
discretization,1,unet,-5.0,1440.0,1456.0,5,64,0.5103596448898315,4.182960510253906,48,30.0
discretization,1,unet,-5.0,14400.0,14412.0,0,639,0.1363666951656341,1.5104376077651978,48,300.0
discretization,1,unet,-5.0,14400.0,14428.0,1,638,0.1077796146273613,1.2410180568695068,48,300.0
discretization,1,unet,-5.0,14400.0,14412.0,2,647,0.128197431564331,1.352944016456604,48,300.0
discretization,1,unet,-5.0,14400.0,14416.0,3,635,0.1388777047395706,1.330962896347046,48,300.0
discretization,1,unet,-5.0,14400.0,14404.0,4,651,0.1032562404870987,1.4398808479309082,48,300.0
discretization,1,unet,-5.0,14400.0,14408.0,5,654,0.1184056997299194,1.5354446172714231,48,300.0
discretization,1,unet,-5.0,144000.0,144008.0,0,6440,0.1110695451498031,1.5201292037963867,48,3000.0
discretization,1,unet,-5.0,144000.0,144016.0,1,6438,0.1004734933376312,1.3283721208572388,48,3000.0
discretization,1,unet,-5.0,144000.0,144016.0,2,6456,0.1073306053876876,1.350587248802185,48,3000.0
discretization,1,unet,-5.0,144000.0,144000.0,3,6413,0.1013990566134452,1.3830229043960571,48,3000.0
discretization,1,unet,-5.0,144000.0,144004.0,4,6461,0.1060114651918411,1.3922083377838137,48,3000.0
discretization,1,unet,-5.0,144000.0,144028.0,5,6486,0.091814175248146,1.4743913412094116,48,3000.0
discretization,1,unet,-5.0,480.0,492.0,0,21,1.6452291011810305,10.516996383666992,48,10.0
discretization,1,unet,-5.0,480.0,512.0,1,22,2.1550424098968506,4.083752632141113,48,10.0
discretization,1,unet,-5.0,480.0,492.0,2,23,1.313896894454956,4.177351951599121,48,10.0
discretization,1,unet,-5.0,480.0,480.0,3,19,1.31831157207489,6.328239440917969,48,10.0
discretization,1,unet,-5.0,480.0,480.0,4,21,1.8663885593414309,6.272618293762207,48,10.0
discretization,1,unet,-5.0,480.0,484.0,5,21,1.0272284746170044,3.2881312370300293,48,10.0
discretization,1,unet,-5.0,4800.0,4812.0,0,210,0.4991573095321655,1.555139183998108,48,100.0
discretization,1,unet,-5.0,4800.0,4808.0,1,214,0.3628864884376526,1.443836331367493,48,100.0
discretization,1,unet,-5.0,4800.0,4816.0,2,218,0.3664792478084564,1.4914225339889526,48,100.0
discretization,1,unet,-5.0,4800.0,4816.0,3,207,0.4712866842746734,1.443220138549805,48,100.0
discretization,1,unet,-5.0,4800.0,4816.0,4,217,0.244181677699089,1.698157787322998,48,100.0
discretization,1,unet,-5.0,4800.0,4804.0,5,217,0.3292617797851562,1.598760962486267,48,100.0
discretization,1,unet,-5.0,48000.0,48000.0,0,2139,0.1240556463599205,1.4661401510238647,48,1000.0
discretization,1,unet,-5.0,48000.0,48008.0,1,2145,0.1153247579932212,1.301247477531433,48,1000.0
discretization,1,unet,-5.0,48000.0,48004.0,2,2139,0.1055716499686241,1.2899469137191772,48,1000.0
discretization,1,unet,-5.0,48000.0,48012.0,3,2129,0.1128120422363281,1.3499553203582764,48,1000.0
discretization,1,unet,-5.0,48000.0,48016.0,4,2174,0.1015590652823448,1.4148123264312744,48,1000.0
discretization,1,unet,-5.0,48000.0,48000.0,5,2169,0.0997722595930099,1.561556100845337,48,1000.0
discretization,1,unet,-5.0,480000.0,480008.0,0,21436,0.1029424369335174,1.5451644659042358,48,10000.0
discretization,1,unet,-5.0,480000.0,480012.0,1,21498,0.0870044231414794,1.3755944967269895,48,10000.0
discretization,1,unet,-5.0,480000.0,480012.0,2,21525,0.0972303375601768,1.374937891960144,48,10000.0
discretization,1,unet,-5.0,480000.0,480004.0,3,21449,0.0966496989130973,1.3659952878952026,48,10000.0
discretization,1,unet,-5.0,480000.0,480000.0,4,21529,0.0998384058475494,1.3318134546279907,48,10000.0
discretization,1,unet,-5.0,480000.0,480000.0,5,21536,0.0880108326673507,1.5170376300811768,48,10000.0
discretization,1,unet,-7.0,1440.0,1444.0,0,67,1.1481568813323977,5.888450145721436,48,30.0
discretization,1,unet,-7.0,1440.0,1452.0,1,69,0.982951045036316,3.796577692031861,48,30.0
discretization,1,unet,-7.0,1440.0,1456.0,2,70,0.8135321140289307,3.1775028705596924,48,30.0
discretization,1,unet,-7.0,1440.0,1444.0,3,67,1.1134295463562012,5.82331657409668,48,30.0
discretization,1,unet,-7.0,1440.0,1448.0,4,67,1.024740219116211,3.222757577896118,48,30.0
discretization,1,unet,-7.0,1440.0,1448.0,5,68,0.6179088354110718,2.8616535663604736,48,30.0
discretization,1,unet,-7.0,4800.0,4800.0,0,222,0.4479058682918548,1.652669072151184,48,100.0
discretization,1,unet,-7.0,4800.0,4800.0,1,226,0.2950148582458496,1.544533371925354,48,100.0
discretization,1,unet,-7.0,4800.0,4808.0,2,228,0.3162330985069275,1.6997519731521606,48,100.0
discretization,1,unet,-7.0,4800.0,4808.0,3,222,0.4254463911056518,1.7313815355300903,48,100.0
discretization,1,unet,-7.0,4800.0,4800.0,4,224,0.2058955878019333,1.802640914916992,48,100.0
discretization,1,unet,-7.0,4800.0,4808.0,5,228,0.2820405662059784,1.8009498119354248,48,100.0
discretization,1,unet,0.0,1440.0,1460.0,0,45,1.3609435558319092,4.058794975280762,48,30.0
discretization,1,unet,0.0,1440.0,1464.0,1,46,1.2234644889831543,5.377346515655518,48,30.0
discretization,1,unet,0.0,1440.0,1460.0,2,44,1.0776028633117676,2.3681581020355225,48,30.0
discretization,1,unet,0.0,1440.0,1456.0,3,43,1.2098695039749146,2.681020498275757,48,30.0
discretization,1,unet,0.0,1440.0,1452.0,4,45,1.12458336353302,3.4752604961395264,48,30.0
discretization,1,unet,0.0,1440.0,1440.0,5,41,0.9858587384223938,3.536546230316162,48,30.0
discretization,1,unet,0.0,14400.0,14440.0,0,435,0.1493477821350097,0.92059725522995,48,300.0
discretization,1,unet,0.0,14400.0,14404.0,1,437,0.1113936603069305,0.8319590091705322,48,300.0
discretization,1,unet,0.0,14400.0,14420.0,2,438,0.1362686455249786,0.8618296384811401,48,300.0
discretization,1,unet,0.0,14400.0,14440.0,3,423,0.1162204071879386,0.7826159596443176,48,300.0
discretization,1,unet,0.0,14400.0,14436.0,4,441,0.0960103794932365,0.8225314021110535,48,300.0
discretization,1,unet,0.0,14400.0,14400.0,5,444,0.1108013242483139,0.8924674987792969,48,300.0
discretization,1,unet,0.0,144000.0,144008.0,0,4369,0.0441735871136188,0.9365333318710328,48,3000.0
discretization,1,unet,0.0,144000.0,144004.0,1,4356,0.0372184179723262,0.8426024913787842,48,3000.0
discretization,1,unet,0.0,144000.0,144024.0,2,4355,0.0364772416651248,0.8236300945281982,48,3000.0
discretization,1,unet,0.0,144000.0,144000.0,3,4332,0.0380776859819889,0.8661770224571228,48,3000.0
discretization,1,unet,0.0,144000.0,144008.0,4,4374,0.0380141660571098,0.8261120319366455,48,3000.0
discretization,1,unet,0.0,144000.0,144012.0,5,4370,0.0413953997194767,0.8968498110771179,48,3000.0
discretization,1,unet,0.0,480.0,500.0,0,13,1.3867827653884888,5.060447216033936,48,10.0
discretization,1,unet,0.0,480.0,520.0,1,15,1.2792335748672483,8.30533504486084,48,10.0
discretization,1,unet,0.0,480.0,480.0,2,17,1.919023394584656,6.123207092285156,48,10.0
discretization,1,unet,0.0,480.0,504.0,3,14,2.170422077178955,6.99385929107666,48,10.0
discretization,1,unet,0.0,480.0,500.0,4,17,2.0988223552703857,5.051836490631104,48,10.0
discretization,1,unet,0.0,480.0,504.0,5,14,1.481244444847107,5.858265399932861,48,10.0
discretization,1,unet,0.0,4800.0,4832.0,0,150,0.6956952214241028,1.4335339069366455,48,100.0
discretization,1,unet,0.0,4800.0,4800.0,1,145,0.4653421640396118,1.0033448934555054,48,100.0
discretization,1,unet,0.0,4800.0,4808.0,2,150,0.4555069506168365,1.094607710838318,48,100.0
discretization,1,unet,0.0,4800.0,4824.0,3,137,0.6502296328544617,1.3924065828323364,48,100.0
discretization,1,unet,0.0,4800.0,4800.0,4,148,0.4864022731781006,1.1851582527160645,48,100.0
discretization,1,unet,0.0,4800.0,4800.0,5,147,0.5979897379875183,1.6359466314315796,48,100.0
discretization,1,unet,0.0,48000.0,48008.0,0,1442,0.053262423723936,0.8682688474655151,48,1000.0
discretization,1,unet,0.0,48000.0,48016.0,1,1441,0.0503579787909984,0.8098927736282349,48,1000.0
discretization,1,unet,0.0,48000.0,48000.0,2,1445,0.0538895204663276,0.8024949431419373,48,1000.0
discretization,1,unet,0.0,48000.0,48016.0,3,1435,0.0596194826066494,0.8005094528198242,48,1000.0
discretization,1,unet,0.0,48000.0,48008.0,4,1477,0.0561128444969654,0.7765600681304932,48,1000.0
discretization,1,unet,0.0,48000.0,48036.0,5,1468,0.0519958585500717,0.8259541988372803,48,1000.0
discretization,1,unet,0.0,480000.0,480024.0,0,14511,0.0344913229346275,0.9096990823745728,48,10000.0
discretization,1,unet,0.0,480000.0,480020.0,1,14561,0.0361416935920715,0.8585375547409058,48,10000.0
discretization,1,unet,0.0,480000.0,480000.0,2,14481,0.0317776687443256,0.8255948424339294,48,10000.0
discretization,1,unet,0.0,480000.0,480000.0,3,14506,0.038381315767765,0.8836548328399658,48,10000.0
discretization,1,unet,0.0,480000.0,480012.0,4,14540,0.035565111786127,0.8500944972038269,48,10000.0
discretization,1,unet,0.0,480000.0,480016.0,5,14550,0.0379784815013408,0.8886150121688843,48,10000.0
discretization,1,unet,0.5,1440.0,1456.0,0,42,1.615865707397461,3.732074499130249,48,30.0
discretization,1,unet,0.5,1440.0,1476.0,1,44,1.1171983480453491,2.62978196144104,48,30.0
discretization,1,unet,0.5,1440.0,1444.0,2,41,1.0903353691101074,1.4230222702026367,48,30.0
discretization,1,unet,0.5,1440.0,1460.0,3,42,1.1900001764297483,3.7110631465911865,48,30.0
discretization,1,unet,0.5,1440.0,1464.0,4,42,1.0588370561599731,2.8462235927581787,48,30.0
discretization,1,unet,0.5,1440.0,1440.0,5,39,1.1462548971176147,4.197147846221924,48,30.0
discretization,1,unet,0.5,14400.0,14444.0,0,414,0.1648126542568206,0.915876805782318,48,300.0
discretization,1,unet,0.5,14400.0,14408.0,1,413,0.1247990131378173,0.7911382913589478,48,300.0
discretization,1,unet,0.5,14400.0,14436.0,2,412,0.14957195520401,0.8027140498161316,48,300.0
discretization,1,unet,0.5,14400.0,14428.0,3,403,0.1172449737787246,0.7887098789215088,48,300.0
discretization,1,unet,0.5,14400.0,14400.0,4,413,0.1088795661926269,0.7752328515052795,48,300.0
discretization,1,unet,0.5,14400.0,14400.0,5,420,0.1198177859187126,0.8724663853645325,48,300.0
discretization,1,unet,0.5,144000.0,144020.0,0,4118,0.0384272374212741,0.8925468921661377,48,3000.0
discretization,1,unet,0.5,144000.0,144040.0,1,4122,0.0330073051154613,0.8137850761413574,48,3000.0
discretization,1,unet,0.5,144000.0,144000.0,2,4112,0.033512532711029,0.7898193001747131,48,3000.0
discretization,1,unet,0.5,144000.0,144024.0,3,4095,0.0342678353190422,0.8042362928390503,48,3000.0
discretization,1,unet,0.5,144000.0,144008.0,4,4124,0.0320264361798763,0.7755027413368225,48,3000.0
discretization,1,unet,0.5,144000.0,144008.0,5,4130,0.0354727692902088,0.8465310335159302,48,3000.0
discretization,1,unet,0.5,480.0,516.0,0,13,1.5038321018218994,5.4808759689331055,48,10.0
discretization,1,unet,0.5,480.0,492.0,1,14,2.3964672088623047,9.374838829040527,48,10.0
discretization,1,unet,0.5,480.0,480.0,2,15,1.443341612815857,5.846109867095947,48,10.0
discretization,1,unet,0.5,480.0,504.0,3,13,1.2916951179504397,4.962891578674316,48,10.0
discretization,1,unet,0.5,480.0,516.0,4,16,2.205278158187866,4.607422828674316,48,10.0
discretization,1,unet,0.5,480.0,524.0,5,14,1.45028555393219,6.649113178253174,48,10.0
discretization,1,unet,0.5,4800.0,4844.0,0,143,0.7685317993164062,1.674027919769287,48,100.0
discretization,1,unet,0.5,4800.0,4840.0,1,138,0.637590765953064,1.3919039964675903,48,100.0
discretization,1,unet,0.5,4800.0,4804.0,2,141,0.4126257300376892,1.15530526638031,48,100.0
discretization,1,unet,0.5,4800.0,4832.0,3,131,0.7127557396888733,1.6606119871139526,48,100.0
discretization,1,unet,0.5,4800.0,4800.0,4,138,0.4749488830566406,1.0541125535964966,48,100.0
discretization,1,unet,0.5,4800.0,4800.0,5,138,0.6558709740638733,1.8098403215408323,48,100.0
discretization,1,unet,0.5,48000.0,48004.0,0,1362,0.0502127148211002,0.8380822539329529,48,1000.0
discretization,1,unet,0.5,48000.0,48012.0,1,1360,0.0478935167193412,0.7691736221313477,48,1000.0
discretization,1,unet,0.5,48000.0,48032.0,2,1372,0.0540206246078014,0.782956063747406,48,1000.0
discretization,1,unet,0.5,48000.0,48000.0,3,1365,0.0507673360407352,0.7578021287918091,48,1000.0
discretization,1,unet,0.5,48000.0,48012.0,4,1395,0.0447140410542488,0.772201418876648,48,1000.0
discretization,1,unet,0.5,48000.0,48032.0,5,1381,0.049078207463026,0.8249403238296509,48,1000.0
discretization,1,unet,0.5,480000.0,480016.0,0,13717,0.0308952759951353,0.9001350402832031,48,10000.0
discretization,1,unet,0.5,480000.0,480020.0,1,13763,0.0303799379616975,0.8073002696037292,48,10000.0
discretization,1,unet,0.5,480000.0,480020.0,2,13687,0.0300797671079635,0.7705626487731934,48,10000.0
discretization,1,unet,0.5,480000.0,480020.0,3,13716,0.0341115966439247,0.8373858332633972,48,10000.0
discretization,1,unet,0.5,480000.0,480032.0,4,13722,0.0293323565274477,0.7873740792274475,48,10000.0
discretization,1,unet,0.5,480000.0,480016.0,5,13737,0.0346452035009861,0.8446516394615173,48,10000.0
discretization,1,unet,1.0,1440.0,1456.0,0,40,1.4392257928848269,4.281229496002197,48,30.0
discretization,1,unet,1.0,1440.0,1448.0,1,40,1.1725491285324097,2.4773592948913574,48,30.0
discretization,1,unet,1.0,1440.0,1468.0,2,39,1.2132298946380615,1.8487991094589236,48,30.0
discretization,1,unet,1.0,1440.0,1472.0,3,41,1.0905102491378784,3.478502035140991,48,30.0
discretization,1,unet,1.0,1440.0,1452.0,4,40,1.1723101139068604,3.244515895843506,48,30.0
discretization,1,unet,1.0,1440.0,1456.0,5,37,0.892914354801178,2.268615484237671,48,30.0
discretization,1,unet,1.0,14400.0,14444.0,0,392,0.1706338971853256,0.7636520266532898,48,300.0
discretization,1,unet,1.0,14400.0,14440.0,1,394,0.1213356927037239,0.7714764475822449,48,300.0
discretization,1,unet,1.0,14400.0,14400.0,2,389,0.156788483262062,0.7915029525756836,48,300.0
discretization,1,unet,1.0,14400.0,14436.0,3,382,0.1415370851755142,0.7469196915626526,48,300.0
discretization,1,unet,1.0,14400.0,14444.0,4,394,0.1291662603616714,0.7719495892524719,48,300.0
discretization,1,unet,1.0,14400.0,14404.0,5,394,0.1309756189584732,0.8377739787101746,48,300.0
discretization,1,unet,1.0,144000.0,144028.0,0,3902,0.0346907004714012,0.8338168859481812,48,3000.0
discretization,1,unet,1.0,144000.0,144012.0,1,3898,0.031702946871519,0.7743324041366577,48,3000.0
discretization,1,unet,1.0,144000.0,144020.0,2,3897,0.0335619933903217,0.7318174839019775,48,3000.0
discretization,1,unet,1.0,144000.0,144016.0,3,3892,0.0333579666912555,0.7659074068069458,48,3000.0
discretization,1,unet,1.0,144000.0,144024.0,4,3918,0.031417965888977,0.7606189846992493,48,3000.0
discretization,1,unet,1.0,144000.0,144000.0,5,3889,0.033714298158884,0.8144233226776123,48,3000.0
discretization,1,unet,1.0,480.0,524.0,0,13,1.504706859588623,7.598130226135254,48,10.0
discretization,1,unet,1.0,480.0,496.0,1,13,3.0916390419006348,5.932656288146973,48,10.0
discretization,1,unet,1.0,480.0,524.0,2,15,1.372627854347229,4.337961673736572,48,10.0
discretization,1,unet,1.0,480.0,512.0,3,13,1.2094366550445557,5.747626304626465,48,10.0
discretization,1,unet,1.0,480.0,496.0,4,15,1.3601725101470947,2.2394802570343018,48,10.0
discretization,1,unet,1.0,480.0,524.0,5,14,1.4021211862564087,6.704963207244873,48,10.0
discretization,1,unet,1.0,4800.0,4816.0,0,135,0.8329492807388306,1.8694393634796145,48,100.0
discretization,1,unet,1.0,4800.0,4840.0,1,131,0.5418019890785217,1.0709307193756104,48,100.0
discretization,1,unet,1.0,4800.0,4800.0,2,133,0.6807419657707214,1.34120774269104,48,100.0
discretization,1,unet,1.0,4800.0,4820.0,3,125,0.7052860260009766,1.2004923820495603,48,100.0
discretization,1,unet,1.0,4800.0,4804.0,4,131,0.4014939367771148,0.8663749694824219,48,100.0
discretization,1,unet,1.0,4800.0,4824.0,5,132,0.6977648138999939,1.80277681350708,48,100.0
discretization,1,unet,1.0,48000.0,48024.0,0,1282,0.0499371141195297,0.7689500451087952,48,1000.0
discretization,1,unet,1.0,48000.0,48028.0,1,1287,0.0534168817102909,0.7370391488075256,48,1000.0
discretization,1,unet,1.0,48000.0,48024.0,2,1291,0.0557872205972671,0.74476158618927,48,1000.0
discretization,1,unet,1.0,48000.0,48004.0,3,1298,0.0514117218554019,0.7251870036125183,48,1000.0
discretization,1,unet,1.0,48000.0,48032.0,4,1322,0.0463132336735725,0.7064381837844849,48,1000.0
discretization,1,unet,1.0,48000.0,48008.0,5,1299,0.0523940250277519,0.7843629121780396,48,1000.0
discretization,1,unet,1.0,480000.0,480000.0,0,13025,0.0290583074092865,0.8517894744873047,48,10000.0
discretization,1,unet,1.0,480000.0,480032.0,1,13035,0.0283235255628824,0.7910740971565247,48,10000.0
discretization,1,unet,1.0,480000.0,480012.0,2,12952,0.0276910010725259,0.7417674660682678,48,10000.0
discretization,1,unet,1.0,480000.0,480044.0,3,13002,0.0295413099229335,0.7864513397216797,48,10000.0
discretization,1,unet,1.0,480000.0,480024.0,4,13009,0.0285861920565366,0.7326104640960693,48,10000.0
discretization,1,unet,1.0,480000.0,480024.0,5,12989,0.0316106788814067,0.8011997938156128,48,10000.0
discretization,1,unet,10.0,480.0,480.0,0,10,1.3399298191070557,8.503472328186035,48,10.0
discretization,1,unet,10.0,480.0,480.0,1,10,1.9777212142944336,10.5802001953125,48,10.0
discretization,1,unet,10.0,480.0,480.0,2,10,1.1888904571533203,6.371065616607666,48,10.0
discretization,1,unet,10.0,480.0,516.0,3,11,1.050585389137268,6.33181619644165,48,10.0
discretization,1,unet,10.0,480.0,480.0,4,10,1.0661541223526,5.580325603485107,48,10.0
discretization,1,unet,10.0,480.0,480.0,5,10,1.443369746208191,12.281999588012695,48,10.0
discretization,1,unet,15.0,480.0,480.0,0,10,1.3036774396896362,8.924708366394043,48,10.0
discretization,1,unet,15.0,480.0,480.0,1,10,1.9069751501083372,11.10916519165039,48,10.0
discretization,1,unet,15.0,480.0,480.0,2,10,1.2072330713272097,6.325193881988525,48,10.0
discretization,1,unet,15.0,480.0,480.0,3,10,1.1546896696090698,7.838412761688232,48,10.0
discretization,1,unet,15.0,480.0,480.0,4,10,1.0530016422271729,8.170479774475098,48,10.0
discretization,1,unet,15.0,480.0,480.0,5,10,1.389695405960083,13.196809768676758,48,10.0
discretization,1,unet,2.0,1440.0,1476.0,0,38,1.332437515258789,3.899373769760132,48,30.0
discretization,1,unet,2.0,1440.0,1444.0,1,37,1.0475486516952517,2.582149028778076,48,30.0
discretization,1,unet,2.0,1440.0,1448.0,2,35,1.127926468849182,1.7162930965423584,48,30.0
discretization,1,unet,2.0,1440.0,1448.0,3,37,1.1483540534973145,2.346068382263184,48,30.0
discretization,1,unet,2.0,1440.0,1452.0,4,35,1.2765156030654907,3.0898449420928955,48,30.0
discretization,1,unet,2.0,1440.0,1464.0,5,34,1.2513585090637207,3.5104005336761475,48,30.0
discretization,1,unet,2.0,14400.0,14404.0,0,363,0.2099759578704834,0.7735978364944458,48,300.0
discretization,1,unet,2.0,14400.0,14412.0,1,354,0.1509411931037902,0.6728739738464355,48,300.0
discretization,1,unet,2.0,14400.0,14404.0,2,356,0.1822719871997833,0.7261285185813904,48,300.0
discretization,1,unet,2.0,14400.0,14428.0,3,352,0.1758453547954559,0.7112615704536438,48,300.0
discretization,1,unet,2.0,14400.0,14428.0,4,357,0.1506664603948593,0.6903242468833923,48,300.0
discretization,1,unet,2.0,14400.0,14424.0,5,360,0.1700114756822586,0.8110425472259521,48,300.0
discretization,1,unet,2.0,144000.0,144016.0,0,3557,0.027674188837409,0.756321370601654,48,3000.0
discretization,1,unet,2.0,144000.0,144016.0,1,3567,0.0290670581161975,0.7328152060508728,48,3000.0
discretization,1,unet,2.0,144000.0,144040.0,2,3567,0.0313637256622314,0.6829202175140381,48,3000.0
discretization,1,unet,2.0,144000.0,144040.0,3,3574,0.0285093020647764,0.7094852924346924,48,3000.0
discretization,1,unet,2.0,144000.0,144044.0,4,3572,0.0278581082820892,0.6816659569740295,48,3000.0
discretization,1,unet,2.0,144000.0,144008.0,5,3549,0.0332425646483898,0.7576509118080139,48,3000.0
discretization,1,unet,2.0,480.0,504.0,0,12,1.7259328365325928,5.382947444915772,48,10.0
discretization,1,unet,2.0,480.0,480.0,1,12,2.57621693611145,6.640865802764893,48,10.0
discretization,1,unet,2.0,480.0,484.0,2,13,1.6043974161148071,5.843567848205566,48,10.0
discretization,1,unet,2.0,480.0,492.0,3,12,1.1987309455871582,7.544904708862305,48,10.0
discretization,1,unet,2.0,480.0,508.0,4,13,1.3825167417526243,3.867004871368408,48,10.0
discretization,1,unet,2.0,480.0,484.0,5,12,1.227838397026062,7.603847026824951,48,10.0
discretization,1,unet,2.0,4800.0,4840.0,0,126,0.9104717969894408,2.094595670700073,48,100.0
discretization,1,unet,2.0,4800.0,4824.0,1,120,0.5730057954788208,1.0209296941757202,48,100.0
discretization,1,unet,2.0,4800.0,4836.0,2,121,0.5165535807609558,1.0304343700408936,48,100.0
discretization,1,unet,2.0,4800.0,4804.0,3,116,0.7547346353530884,1.84065842628479,48,100.0
discretization,1,unet,2.0,4800.0,4816.0,4,119,0.6001667976379395,1.2758984565734863,48,100.0
discretization,1,unet,2.0,4800.0,4812.0,5,119,0.5994727611541748,1.253125548362732,48,100.0
discretization,1,unet,2.0,48000.0,48024.0,0,1177,0.0442490950226783,0.7193918228149414,48,1000.0
discretization,1,unet,2.0,48000.0,48036.0,1,1178,0.0428192131221294,0.7004534602165222,48,1000.0
discretization,1,unet,2.0,48000.0,48040.0,2,1177,0.0485701374709606,0.6738159656524658,48,1000.0
discretization,1,unet,2.0,48000.0,48016.0,3,1191,0.0524040013551712,0.6902345418930054,48,1000.0
discretization,1,unet,2.0,48000.0,48040.0,4,1205,0.0418216884136199,0.6580374240875244,48,1000.0
discretization,1,unet,2.0,48000.0,48008.0,5,1185,0.0528000183403492,0.7348726987838745,48,1000.0
discretization,1,unet,2.0,480000.0,480020.0,0,11892,0.0248725973069667,0.7805355191230774,48,10000.0
discretization,1,unet,2.0,480000.0,480016.0,1,11888,0.024920592084527,0.7434310913085938,48,10000.0
discretization,1,unet,2.0,480000.0,480028.0,2,11838,0.0237330719828605,0.6910972595214844,48,10000.0
discretization,1,unet,2.0,480000.0,480000.0,3,11890,0.0254014581441879,0.7310268878936768,48,10000.0
discretization,1,unet,2.0,480000.0,480004.0,4,11875,0.0229241084307432,0.6723264455795288,48,10000.0
discretization,1,unet,2.0,480000.0,480000.0,5,11847,0.027730569243431,0.7437118291854858,48,10000.0
discretization,1,unet,20.0,1440.0,1440.0,0,30,1.2711641788482666,8.230320930480957,48,30.0
discretization,1,unet,20.0,1440.0,1440.0,1,30,1.065831422805786,2.7753727436065674,48,30.0
discretization,1,unet,20.0,1440.0,1440.0,2,30,1.4442181587219238,6.789506912231445,48,30.0
discretization,1,unet,20.0,1440.0,1440.0,3,30,1.071423053741455,7.132055282592773,48,30.0
discretization,1,unet,20.0,1440.0,1440.0,4,30,1.150849461555481,2.806880474090576,48,30.0
discretization,1,unet,20.0,1440.0,1440.0,5,30,1.3904815912246704,6.441219329833984,48,30.0
discretization,1,unet,20.0,14400.0,14400.0,0,300,0.1899787038564682,0.6580427885055542,48,300.0
discretization,1,unet,20.0,14400.0,14400.0,1,300,0.2014025002717971,0.6277788281440735,48,300.0
discretization,1,unet,20.0,14400.0,14400.0,2,300,0.1978062838315963,0.6181584000587463,48,300.0
discretization,1,unet,20.0,14400.0,14400.0,3,300,0.2268293499946594,0.6323859095573425,48,300.0
discretization,1,unet,20.0,14400.0,14400.0,4,300,0.1944591552019119,0.5939592719078064,48,300.0
discretization,1,unet,20.0,14400.0,14400.0,5,300,0.21652153134346,0.6553642153739929,48,300.0
discretization,1,unet,20.0,144000.0,144000.0,0,3000,0.0193552151322364,0.584488034248352,48,3000.0
discretization,1,unet,20.0,144000.0,144000.0,1,3000,0.0185572952032089,0.6161057353019714,48,3000.0
discretization,1,unet,20.0,144000.0,144000.0,2,3000,0.0183473769575357,0.555003821849823,48,3000.0
discretization,1,unet,20.0,144000.0,144000.0,3,3000,0.0193193554878234,0.5882783532142639,48,3000.0
discretization,1,unet,20.0,144000.0,144000.0,4,3000,0.0168849900364875,0.5431316494941711,48,3000.0
discretization,1,unet,20.0,144000.0,144000.0,5,3000,0.0172138772904872,0.624477207660675,48,3000.0
discretization,1,unet,20.0,480.0,480.0,0,10,1.294994592666626,8.634623527526855,48,10.0
discretization,1,unet,20.0,480.0,480.0,1,10,1.894995093345642,10.719286918640137,48,10.0
discretization,1,unet,20.0,480.0,480.0,2,10,1.3958631753921509,6.055685997009277,48,10.0
discretization,1,unet,20.0,480.0,480.0,3,10,1.406427264213562,8.20445442199707,48,10.0
discretization,1,unet,20.0,480.0,480.0,4,10,1.1109977960586548,6.17425537109375,48,10.0
discretization,1,unet,20.0,480.0,480.0,5,10,1.622002363204956,12.834806442260742,48,10.0
discretization,1,unet,20.0,4800.0,4800.0,0,100,0.7855792045593262,2.582399845123291,48,100.0
discretization,1,unet,20.0,4800.0,4800.0,1,100,0.7024427652359009,1.1827133893966677,48,100.0
discretization,1,unet,20.0,4800.0,4800.0,2,100,0.693071722984314,1.4063793420791626,48,100.0
discretization,1,unet,20.0,4800.0,4800.0,3,100,0.6991868615150452,1.7351527214050293,48,100.0
discretization,1,unet,20.0,4800.0,4800.0,4,100,0.6016221642494202,1.2361823320388794,48,100.0
discretization,1,unet,20.0,4800.0,4800.0,5,100,0.629224956035614,1.1522082090377808,48,100.0
discretization,1,unet,20.0,48000.0,48000.0,0,1000,0.0326308012008667,0.6227610111236572,48,1000.0
discretization,1,unet,20.0,48000.0,48000.0,1,1000,0.0306181833148002,0.5845654010772705,48,1000.0
discretization,1,unet,20.0,48000.0,48000.0,2,1000,0.0393947511911392,0.5727638006210327,48,1000.0
discretization,1,unet,20.0,48000.0,48000.0,3,1000,0.0348310023546218,0.5850180983543396,48,1000.0
discretization,1,unet,20.0,48000.0,48000.0,4,1000,0.0305886603891849,0.5599452257156372,48,1000.0
discretization,1,unet,20.0,48000.0,48000.0,5,1000,0.0336337350308895,0.6104130744934082,48,1000.0
discretization,1,unet,20.0,480000.0,480012.0,0,10001,0.0185239519923925,0.6277087330818176,48,10000.0
discretization,1,unet,20.0,480000.0,480000.0,1,10000,0.0154673410579562,0.6135875582695007,48,10000.0
discretization,1,unet,20.0,480000.0,480000.0,2,10001,0.0149213355034589,0.5646051168441772,48,10000.0
discretization,1,unet,20.0,480000.0,480036.0,3,10001,0.0160764195024967,0.6043030619621277,48,10000.0
discretization,1,unet,20.0,480000.0,480000.0,4,10000,0.0148321222513914,0.5532401204109192,48,10000.0
discretization,1,unet,20.0,480000.0,480036.0,5,10001,0.0153901241719722,0.6185187101364136,48,10000.0
discretization,1,unet,3.0,1440.0,1440.0,0,35,1.5005080699920654,4.78384256362915,48,30.0
discretization,1,unet,3.0,1440.0,1460.0,1,35,1.292137861251831,4.024879455566406,48,30.0
discretization,1,unet,3.0,1440.0,1480.0,2,34,1.3128117322921753,2.068298816680908,48,30.0
discretization,1,unet,3.0,1440.0,1464.0,3,35,1.0962506532669067,4.372663974761963,48,30.0
discretization,1,unet,3.0,1440.0,1472.0,4,34,0.9949267506599426,4.130489826202393,48,30.0
discretization,1,unet,3.0,1440.0,1476.0,5,33,0.9683449864387512,2.5911641120910645,48,30.0
discretization,1,unet,3.0,14400.0,14412.0,0,338,0.2161750346422195,0.7401339411735535,48,300.0
discretization,1,unet,3.0,14400.0,14408.0,1,334,0.1707334518432617,0.6615439653396606,48,300.0
discretization,1,unet,3.0,14400.0,14420.0,2,334,0.192345380783081,0.7077785134315491,48,300.0
discretization,1,unet,3.0,14400.0,14424.0,3,334,0.1951533108949661,0.7199410200119019,48,300.0
discretization,1,unet,3.0,14400.0,14412.0,4,332,0.2070370763540268,0.6141963601112366,48,300.0
discretization,1,unet,3.0,14400.0,14420.0,5,337,0.2004812210798263,0.7239142656326294,48,300.0
discretization,1,unet,3.0,144000.0,144016.0,0,3335,0.0265940949320793,0.6919830441474915,48,3000.0
discretization,1,unet,3.0,144000.0,144028.0,1,3342,0.0254174601286649,0.6870834231376648,48,3000.0
discretization,1,unet,3.0,144000.0,144004.0,2,3344,0.0294327735900878,0.6566293239593506,48,3000.0
discretization,1,unet,3.0,144000.0,144040.0,3,3350,0.0256660375744104,0.6690719723701477,48,3000.0
discretization,1,unet,3.0,144000.0,144028.0,4,3352,0.0252464599907398,0.6591810584068298,48,3000.0
discretization,1,unet,3.0,144000.0,144024.0,5,3316,0.0272054430097341,0.6898958683013916,48,3000.0
discretization,1,unet,3.0,480.0,520.0,0,12,1.46601402759552,5.611868858337402,48,10.0
discretization,1,unet,3.0,480.0,496.0,1,12,2.452332019805908,7.871323108673096,48,10.0
discretization,1,unet,3.0,480.0,492.0,2,12,1.7900744676589966,6.467490196228027,48,10.0
discretization,1,unet,3.0,480.0,524.0,3,12,1.2679415941238403,6.611287593841553,48,10.0
discretization,1,unet,3.0,480.0,500.0,4,12,1.2790976762771606,4.459167003631592,48,10.0
discretization,1,unet,3.0,480.0,512.0,5,12,1.6557444334030151,6.257731914520264,48,10.0
discretization,1,unet,3.0,4800.0,4820.0,0,117,0.863571286201477,2.019279718399048,48,100.0
discretization,1,unet,3.0,4800.0,4812.0,1,113,0.5077791213989258,1.077603101730347,48,100.0
discretization,1,unet,3.0,4800.0,4804.0,2,110,0.6942267417907715,1.0593584775924685,48,100.0
discretization,1,unet,3.0,4800.0,4808.0,3,110,0.2149680256843567,2.098233938217163,48,100.0
discretization,1,unet,3.0,4800.0,4816.0,4,110,0.5696191787719727,0.8954448699951172,48,100.0
discretization,1,unet,3.0,4800.0,4840.0,5,113,0.8107490539550781,1.3878536224365234,48,100.0
discretization,1,unet,3.0,48000.0,48016.0,0,1105,0.0400351323187351,0.680236279964447,48,1000.0
discretization,1,unet,3.0,48000.0,48044.0,1,1104,0.0388336926698684,0.6653903126716614,48,1000.0
discretization,1,unet,3.0,48000.0,48032.0,2,1103,0.0462222136557102,0.6543312668800354,48,1000.0
discretization,1,unet,3.0,48000.0,48024.0,3,1120,0.04698396474123,0.649795651435852,48,1000.0
discretization,1,unet,3.0,48000.0,48016.0,4,1124,0.0396035462617874,0.6202794313430786,48,1000.0
discretization,1,unet,3.0,48000.0,48016.0,5,1106,0.0458617731928825,0.689635694026947,48,1000.0
discretization,1,unet,3.0,480000.0,480012.0,0,11154,0.0238062813878059,0.7232375741004944,48,10000.0
discretization,1,unet,3.0,480000.0,480000.0,1,11144,0.0230170916765928,0.7026733756065369,48,10000.0
discretization,1,unet,3.0,480000.0,480020.0,2,11117,0.0235941745340824,0.6644253134727478,48,10000.0
discretization,1,unet,3.0,480000.0,480020.0,3,11152,0.0223652683198452,0.6912689805030823,48,10000.0
discretization,1,unet,3.0,480000.0,480024.0,4,11127,0.0204460993409156,0.652807891368866,48,10000.0
discretization,1,unet,3.0,480000.0,480000.0,5,11107,0.0244874041527509,0.706133246421814,48,10000.0
discretization,1,unet,4.0,480.0,496.0,0,11,1.556139588356018,3.209768533706665,48,10.0
discretization,1,unet,4.0,480.0,492.0,1,11,1.6164846420288086,8.369330406188965,48,10.0
discretization,1,unet,4.0,480.0,504.0,2,11,1.6535580158233645,4.05086088180542,48,10.0
discretization,1,unet,4.0,480.0,488.0,3,11,1.2644736766815186,6.770435810089111,48,10.0
discretization,1,unet,4.0,480.0,504.0,4,11,1.1517928838729858,5.329856872558594,48,10.0
discretization,1,unet,4.0,480.0,484.0,5,11,1.1233699321746826,11.087759971618652,48,10.0
discretization,1,unet,5.0,1440.0,1440.0,0,31,1.3103201389312744,6.469244003295898,48,30.0
discretization,1,unet,5.0,1440.0,1448.0,1,31,1.431535005569458,2.8823132514953613,48,30.0
discretization,1,unet,5.0,1440.0,1444.0,2,31,1.253910779953003,1.630662441253662,48,30.0
discretization,1,unet,5.0,1440.0,1456.0,3,32,1.4679473638534546,4.300544261932373,48,30.0
discretization,1,unet,5.0,1440.0,1464.0,4,31,1.116129755973816,4.626063346862793,48,30.0
discretization,1,unet,5.0,1440.0,1440.0,5,31,1.1982722282409668,2.69087028503418,48,30.0
discretization,1,unet,5.0,14400.0,14428.0,0,314,0.1344070732593536,0.7203636169433594,48,300.0
discretization,1,unet,5.0,14400.0,14420.0,1,313,0.1942103505134582,0.671909749507904,48,300.0
discretization,1,unet,5.0,14400.0,14436.0,2,312,0.1539789587259292,0.6927403211593628,48,300.0
discretization,1,unet,5.0,14400.0,14432.0,3,311,0.2178772687911987,0.6863164901733398,48,300.0
discretization,1,unet,5.0,14400.0,14440.0,4,311,0.2089675515890121,0.6068480610847473,48,300.0
discretization,1,unet,5.0,14400.0,14420.0,5,315,0.2244056314229965,0.688548743724823,48,300.0
discretization,1,unet,5.0,144000.0,144000.0,0,3123,0.0232849959284067,0.6597282290458679,48,3000.0
discretization,1,unet,5.0,144000.0,144040.0,1,3118,0.0240719597786664,0.6529449224472046,48,3000.0
discretization,1,unet,5.0,144000.0,144008.0,2,3118,0.0240728855133056,0.6018628478050232,48,3000.0
discretization,1,unet,5.0,144000.0,144032.0,3,3124,0.0239791180938482,0.6353430151939392,48,3000.0
discretization,1,unet,5.0,144000.0,144000.0,4,3122,0.0227987468242645,0.5797858238220215,48,3000.0
discretization,1,unet,5.0,144000.0,144028.0,5,3109,0.0231494661420583,0.6697097420692444,48,3000.0
discretization,1,unet,5.0,480.0,516.0,0,11,1.480916142463684,7.782188415527344,48,10.0
discretization,1,unet,5.0,480.0,516.0,1,11,1.8634121417999268,7.787052631378174,48,10.0
discretization,1,unet,5.0,480.0,516.0,2,11,1.538055419921875,4.797069549560547,48,10.0
discretization,1,unet,5.0,480.0,508.0,3,11,1.1013643741607666,6.780459880828857,48,10.0
discretization,1,unet,5.0,480.0,516.0,4,11,1.1448216438293457,3.872518301010132,48,10.0
discretization,1,unet,5.0,480.0,492.0,5,11,1.4033410549163818,8.184569358825684,48,10.0
discretization,1,unet,5.0,4800.0,4804.0,0,107,0.879853367805481,1.9889349937438965,48,100.0
discretization,1,unet,5.0,4800.0,4804.0,1,104,0.6346827745437622,0.9653735160827636,48,100.0
discretization,1,unet,5.0,4800.0,4828.0,2,103,0.7921448945999146,1.316506266593933,48,100.0
discretization,1,unet,5.0,4800.0,4812.0,3,104,0.7117380499839783,1.5891579389572144,48,100.0
discretization,1,unet,5.0,4800.0,4812.0,4,102,0.6050065159797668,0.9543948173522948,48,100.0
discretization,1,unet,5.0,4800.0,4840.0,5,106,0.7018476724624634,1.422650694847107,48,100.0
discretization,1,unet,5.0,48000.0,48032.0,0,1036,0.0353621989488601,0.6547279953956604,48,1000.0
discretization,1,unet,5.0,48000.0,48040.0,1,1038,0.0354807451367378,0.6085991263389587,48,1000.0
discretization,1,unet,5.0,48000.0,48016.0,2,1034,0.035756442695856,0.7024338841438293,48,1000.0
discretization,1,unet,5.0,48000.0,48024.0,3,1044,0.0465535707771778,0.6212655305862427,48,1000.0
discretization,1,unet,5.0,48000.0,48012.0,4,1043,0.036902543157339,0.5813145041465759,48,1000.0
discretization,1,unet,5.0,48000.0,48008.0,5,1036,0.0380997285246849,0.6513301134109497,48,1000.0
discretization,1,unet,5.0,480000.0,480032.0,0,10419,0.0226368475705385,0.6549830436706543,48,10000.0
discretization,1,unet,5.0,480000.0,480036.0,1,10402,0.0180230531841516,0.6587633490562439,48,10000.0
discretization,1,unet,5.0,480000.0,480028.0,2,10395,0.0185213293880224,0.6189254522323608,48,10000.0
discretization,1,unet,5.0,480000.0,480020.0,3,10411,0.01841626688838,0.6568811535835266,48,10000.0
discretization,1,unet,5.0,480000.0,480012.0,4,10400,0.0186329185962677,0.5920193195343018,48,10000.0
discretization,1,unet,5.0,480000.0,480016.0,5,10395,0.0203831437975168,0.6599757075309753,48,10000.0
discretization,1,unet,7.0,480.0,516.0,0,11,1.5858497619628906,5.073616027832031,48,10.0
discretization,1,unet,7.0,480.0,480.0,1,10,1.829573154449463,11.267719268798828,48,10.0
discretization,1,unet,7.0,480.0,480.0,2,10,1.21380877494812,6.27053165435791,48,10.0
discretization,1,unet,7.0,480.0,516.0,3,11,1.0731492042541504,6.574184417724609,48,10.0
discretization,1,unet,7.0,480.0,480.0,4,10,1.1295346021652222,8.395928382873535,48,10.0
discretization,1,unet,7.0,480.0,516.0,5,11,1.0934677124023438,6.785893440246582,48,10.0
discretization,2,unet,-0.5,9216000.0,9224592.0,0,3155,0.0694673359394073,0.1885579973459243,9216,1000.0
discretization,2,unet,-0.5,9216000.0,9217808.0,1,3148,0.0747932493686676,0.1761548370122909,9216,1000.0
discretization,2,unet,-0.5,9216000.0,9221744.0,2,3129,0.0766318514943122,0.1933764666318893,9216,1000.0
discretization,2,unet,-0.5,9216000.0,9216576.0,3,3145,0.0732543468475341,0.179744616150856,9216,1000.0
discretization,2,unet,-0.5,9216000.0,9216272.0,4,3251,0.0666144713759422,0.1691375374794006,9216,1000.0
discretization,2,unet,-0.5,9216000.0,9224752.0,5,3219,0.0689719319343566,0.1938100457191467,9216,1000.0
discretization,2,unet,-1.0,2764800.0,2767936.0,0,1082,0.1001530438661575,0.2037664800882339,9216,300.0
discretization,2,unet,-1.0,2764800.0,2771056.0,1,1046,0.1062542721629142,0.1890143305063247,9216,300.0
discretization,2,unet,-1.0,2764800.0,2765296.0,2,1106,0.1120985746383667,0.2052575945854187,9216,300.0
discretization,2,unet,-1.0,2764800.0,2767136.0,3,1076,0.1065093576908111,0.2037625461816787,9216,300.0
discretization,2,unet,-1.0,2764800.0,2772688.0,4,1186,0.1002263650298118,0.1910569667816162,9216,300.0
discretization,2,unet,-1.0,2764800.0,2767840.0,5,1152,0.1013363152742385,0.2055826932191848,9216,300.0
discretization,2,unet,-1.0,27648000.0,27653856.0,0,11075,0.0415080487728118,0.2173450291156768,9216,3000.0
discretization,2,unet,-1.0,27648000.0,27651936.0,1,11146,0.0406648144125938,0.2096861600875854,9216,3000.0
discretization,2,unet,-1.0,27648000.0,27648880.0,2,11237,0.0421373061835765,0.2092479467391967,9216,3000.0
discretization,2,unet,-1.0,27648000.0,27648336.0,3,11117,0.0427414774894714,0.2153694033622741,9216,3000.0
discretization,2,unet,-1.0,27648000.0,27654032.0,4,11206,0.0414608865976333,0.2090905755758285,9216,3000.0
discretization,2,unet,-1.0,27648000.0,27650992.0,5,11278,0.0383890457451343,0.2288112938404083,9216,3000.0
discretization,2,unet,-1.0,92160.0,94064.0,0,37,1.0390774011611938,1.1507580280303955,9216,10.0
discretization,2,unet,-1.0,92160.0,92752.0,1,39,0.6086167097091675,0.3240351378917694,9216,10.0
discretization,2,unet,-1.0,92160.0,97984.0,2,38,0.7034710645675659,0.3494157791137695,9216,10.0
discretization,2,unet,-1.0,92160.0,92608.0,3,36,0.6347568035125732,0.3650427162647247,9216,10.0
discretization,2,unet,-1.0,92160.0,92272.0,4,41,0.7876322269439697,0.5389870405197144,9216,10.0
discretization,2,unet,-1.0,92160.0,94192.0,5,34,0.8165119886398315,0.4293427169322967,9216,10.0
discretization,2,unet,-1.0,921600.0,924112.0,0,369,0.2068803310394287,0.2131226658821106,9216,100.0
discretization,2,unet,-1.0,921600.0,922544.0,1,373,0.1932630240917205,0.201096624135971,9216,100.0
discretization,2,unet,-1.0,921600.0,923296.0,2,390,0.1860376745462417,0.2059227079153061,9216,100.0
discretization,2,unet,-1.0,921600.0,922672.0,3,324,0.3047215640544891,0.1799016892910003,9216,100.0
discretization,2,unet,-1.0,921600.0,924880.0,4,382,0.185748890042305,0.1907591372728347,9216,100.0
discretization,2,unet,-1.0,921600.0,922176.0,5,405,0.1589499711990356,0.2150917649269104,9216,100.0
discretization,2,unet,-1.0,9216000.0,9224000.0,0,3713,0.0681333169341087,0.2135244756937027,9216,1000.0
discretization,2,unet,-1.0,9216000.0,9219552.0,1,3642,0.0761245489120483,0.1995022594928741,9216,1000.0
discretization,2,unet,-1.0,9216000.0,9222256.0,2,3756,0.0732468962669372,0.2118735611438751,9216,1000.0
discretization,2,unet,-1.0,9216000.0,9219952.0,3,3633,0.0711326971650123,0.1953637599945068,9216,1000.0
discretization,2,unet,-1.0,9216000.0,9217216.0,4,3809,0.068537913262844,0.1917038708925247,9216,1000.0
discretization,2,unet,-1.0,9216000.0,9217328.0,5,3809,0.0689509436488151,0.2143817245960235,9216,1000.0
discretization,2,unet,-1.0,92160000.0,92160688.0,0,37050,0.0365962013602256,0.2183941751718521,9216,10000.0
discretization,2,unet,-1.0,92160000.0,92160672.0,1,37287,0.0372119545936584,0.2061243057250976,9216,10000.0
discretization,2,unet,-1.0,92160000.0,92165216.0,2,37721,0.0359091758728027,0.2176980525255203,9216,10000.0
discretization,2,unet,-1.0,92160000.0,92160144.0,3,37108,0.0371386706829071,0.2308097034692764,9216,10000.0
discretization,2,unet,-1.0,92160000.0,92162128.0,4,37528,0.0371652729809284,0.2017130404710769,9216,10000.0
discretization,2,unet,-1.0,92160000.0,92167168.0,5,37389,0.0363731421530246,0.2333082854747772,9216,10000.0
discretization,2,unet,-10.0,92160.0,92336.0,0,165,0.5487661361694336,0.4362797737121582,9216,10.0
discretization,2,unet,-10.0,92160.0,92352.0,1,173,0.4562965929508209,0.3801838457584381,9216,10.0
discretization,2,unet,-10.0,92160.0,92192.0,2,179,0.3231935501098633,0.4860408008098602,9216,10.0
discretization,2,unet,-10.0,92160.0,92176.0,3,146,0.5702476501464844,0.623593270778656,9216,10.0
discretization,2,unet,-10.0,92160.0,93280.0,4,163,0.5144658088684082,0.5276702046394348,9216,10.0
discretization,2,unet,-10.0,92160.0,92368.0,5,181,0.3905575573444366,0.5037087202072144,9216,10.0
discretization,2,unet,-10.0,921600.0,921728.0,0,1663,0.1106754019856453,0.6069028973579407,9216,100.0
discretization,2,unet,-10.0,921600.0,922160.0,1,1684,0.117295317351818,0.5391062498092651,9216,100.0
discretization,2,unet,-10.0,921600.0,921984.0,2,1671,0.1146785616874694,0.5198653340339661,9216,100.0
discretization,2,unet,-10.0,921600.0,921680.0,3,1612,0.1215773522853851,0.6251997351646423,9216,100.0
discretization,2,unet,-10.0,921600.0,921728.0,4,1681,0.1141160428524017,0.5180550217628479,9216,100.0
discretization,2,unet,-10.0,921600.0,921984.0,5,1699,0.1185594946146011,0.6113036870956421,9216,100.0
discretization,2,unet,-2.0,2764800.0,2764880.0,0,1463,0.094432845711708,0.2581415176391601,9216,300.0
discretization,2,unet,-2.0,2764800.0,2765312.0,1,1516,0.0941151678562164,0.236261174082756,9216,300.0
discretization,2,unet,-2.0,2764800.0,2766720.0,2,1478,0.1023555845022201,0.2520865797996521,9216,300.0
discretization,2,unet,-2.0,2764800.0,2766960.0,3,1469,0.0978162959218025,0.2293770015239715,9216,300.0
discretization,2,unet,-2.0,2764800.0,2765120.0,4,1582,0.0956806540489196,0.22996886074543,9216,300.0
discretization,2,unet,-2.0,2764800.0,2765248.0,5,1579,0.100008025765419,0.2568782866001129,9216,300.0
discretization,2,unet,-20.0,2764800.0,2764816.0,0,6458,0.1197613328695297,0.9737652540206908,9216,300.0
discretization,2,unet,-20.0,2764800.0,2765184.0,1,6482,0.1021588221192359,0.7795257568359375,9216,300.0
discretization,2,unet,-20.0,2764800.0,2764880.0,2,6508,0.1227086782455444,0.8297356963157654,9216,300.0
discretization,2,unet,-20.0,2764800.0,2764896.0,3,6433,0.1052520722150802,0.9771028161048888,9216,300.0
discretization,2,unet,-20.0,2764800.0,2765088.0,4,6466,0.1049553826451301,0.7534340023994446,9216,300.0
discretization,2,unet,-20.0,2764800.0,2765056.0,5,6521,0.1070386096835136,0.9504938125610352,9216,300.0
discretization,2,unet,-20.0,27648000.0,27648032.0,0,64668,0.1590861231088638,1.1298000812530518,9216,3000.0
discretization,2,unet,-20.0,27648000.0,27648976.0,1,64843,0.1013655066490173,0.8627960085868835,9216,3000.0
discretization,2,unet,-20.0,27648000.0,27648272.0,2,64922,0.1141381412744522,0.9014484882354736,9216,3000.0
discretization,2,unet,-20.0,27648000.0,27648960.0,3,64764,0.109221912920475,1.0065597295761108,9216,3000.0
discretization,2,unet,-20.0,27648000.0,27648432.0,4,64694,0.1155197024345398,0.8877213001251221,9216,3000.0
discretization,2,unet,-20.0,27648000.0,27648144.0,5,64755,0.1045809686183929,1.007393479347229,9216,3000.0
discretization,2,unet,-20.0,92160.0,92336.0,0,209,0.4885127246379852,0.6313748955726624,9216,10.0
discretization,2,unet,-20.0,92160.0,92240.0,1,215,0.4577420055866241,0.5479057431221008,9216,10.0
discretization,2,unet,-20.0,92160.0,92544.0,2,222,0.3611925542354584,0.7311939597129822,9216,10.0
discretization,2,unet,-20.0,92160.0,92512.0,3,211,0.4662580788135528,0.6793100833892822,9216,10.0
discretization,2,unet,-20.0,92160.0,92176.0,4,210,0.4647335708141327,0.5683120489120483,9216,10.0
discretization,2,unet,-20.0,92160.0,92192.0,5,218,0.3044814467430115,0.7141672968864441,9216,10.0
discretization,2,unet,-20.0,921600.0,921680.0,0,2156,0.1270599216222763,0.8275898694992065,9216,100.0
discretization,2,unet,-20.0,921600.0,921776.0,1,2178,0.1417152285575866,0.806376576423645,9216,100.0
discretization,2,unet,-20.0,921600.0,921952.0,2,2141,0.1301312446594238,0.6816964745521545,9216,100.0
discretization,2,unet,-20.0,921600.0,922048.0,3,2146,0.1197749748826026,0.7323704361915588,9216,100.0
discretization,2,unet,-20.0,921600.0,921632.0,4,2165,0.1261050403118133,0.7733978033065796,9216,100.0
discretization,2,unet,-20.0,921600.0,921824.0,5,2186,0.1239326074719429,0.8025845289230347,9216,100.0
discretization,2,unet,-20.0,9216000.0,9216128.0,0,21481,0.1316219419240951,1.073825716972351,9216,1000.0
discretization,2,unet,-20.0,9216000.0,9216096.0,1,21580,0.0991164967417717,0.8857705593109131,9216,1000.0
discretization,2,unet,-20.0,9216000.0,9216016.0,2,21642,0.1193286329507827,0.8996744155883789,9216,1000.0
discretization,2,unet,-20.0,9216000.0,9216256.0,3,21559,0.1084061339497566,0.994608759880066,9216,1000.0
discretization,2,unet,-20.0,9216000.0,9216288.0,4,21507,0.1145480498671531,0.8646556735038757,9216,1000.0
discretization,2,unet,-20.0,9216000.0,9216016.0,5,21663,0.1406797021627426,1.0581566095352173,9216,1000.0
discretization,2,unet,-20.0,92160000.0,92160080.0,0,215868,0.1326929032802581,1.1163740158081057,9216,10000.0
discretization,2,unet,-20.0,92160000.0,92160336.0,1,216134,0.1082309633493423,0.8635535836219788,9216,10000.0
discretization,2,unet,-20.0,92160000.0,92160320.0,2,216296,0.1135716587305069,0.8953543901443481,9216,10000.0
discretization,2,unet,-20.0,92160000.0,92160128.0,3,215890,0.1198779270052909,1.0511623620986938,9216,10000.0
discretization,2,unet,-20.0,92160000.0,92160272.0,4,215830,0.1019961684942245,0.8626883029937744,9216,10000.0
discretization,2,unet,-20.0,92160000.0,92160320.0,5,216175,0.1107394769787788,1.0640825033187866,9216,10000.0
discretization,2,unet,-3.0,2764800.0,2765520.0,0,1980,0.0916270837187767,0.3278397917747497,9216,300.0
discretization,2,unet,-3.0,2764800.0,2767936.0,1,1996,0.0956976860761642,0.2895717620849609,9216,300.0
discretization,2,unet,-3.0,2764800.0,2765728.0,2,2012,0.0956895127892494,0.3066599667072296,9216,300.0
discretization,2,unet,-3.0,2764800.0,2765344.0,3,1925,0.0865283161401748,0.3019839227199554,9216,300.0
discretization,2,unet,-3.0,2764800.0,2768560.0,4,2126,0.0944712981581687,0.2895962595939636,9216,300.0
discretization,2,unet,-3.0,2764800.0,2766224.0,5,2078,0.0937167629599571,0.320091187953949,9216,300.0
discretization,2,unet,-3.0,921600.0,922608.0,0,655,0.1382866352796554,0.3265000879764557,9216,100.0
discretization,2,unet,-3.0,921600.0,921792.0,1,634,0.1372131556272506,0.2667992413043976,9216,100.0
discretization,2,unet,-3.0,921600.0,930352.0,2,685,0.1314019709825515,0.3092312514781952,9216,100.0
discretization,2,unet,-3.0,921600.0,924192.0,3,618,0.1343724578619003,0.2805923223495483,9216,100.0
discretization,2,unet,-3.0,921600.0,922656.0,4,720,0.1231473907828331,0.2935168743133545,9216,100.0
discretization,2,unet,-3.0,921600.0,921904.0,5,710,0.1236534491181373,0.3188092112541199,9216,100.0
discretization,2,unet,-5.0,2764800.0,2764896.0,0,3024,0.0955075621604919,0.4865919351577759,9216,300.0
discretization,2,unet,-5.0,2764800.0,2765008.0,1,3049,0.100344218313694,0.4371898472309112,9216,300.0
discretization,2,unet,-5.0,2764800.0,2765376.0,2,3020,0.0932506322860717,0.4103926718235016,9216,300.0
discretization,2,unet,-5.0,2764800.0,2765696.0,3,3002,0.0945677384734153,0.4553005993366241,9216,300.0
discretization,2,unet,-5.0,2764800.0,2767008.0,4,3096,0.0912710949778556,0.4365244209766388,9216,300.0
discretization,2,unet,-5.0,2764800.0,2764976.0,5,3126,0.0876587852835655,0.4696710109710693,9216,300.0
discretization,2,unet,-5.0,27648000.0,27648064.0,0,30039,0.0663524344563484,0.492464929819107,9216,3000.0
discretization,2,unet,-5.0,27648000.0,27648944.0,1,30545,0.0518767721951007,0.4178820848464966,9216,3000.0
discretization,2,unet,-5.0,27648000.0,27649952.0,2,30777,0.0522950366139411,0.4317206740379333,9216,3000.0
discretization,2,unet,-5.0,27648000.0,27651376.0,3,30115,0.0585653111338615,0.455732524394989,9216,3000.0
discretization,2,unet,-5.0,27648000.0,27651696.0,4,30537,0.0553662851452827,0.4636289179325104,9216,3000.0
discretization,2,unet,-5.0,27648000.0,27648368.0,5,30480,0.0569773949682712,0.456153392791748,9216,3000.0
discretization,2,unet,-5.0,92160.0,94256.0,0,97,0.6694548726081848,0.4873079657554626,9216,10.0
discretization,2,unet,-5.0,92160.0,92272.0,1,99,0.6710103750228882,0.3166394233703613,9216,10.0
discretization,2,unet,-5.0,92160.0,92416.0,2,121,0.6201092600822449,0.4403443932533264,9216,10.0
discretization,2,unet,-5.0,92160.0,92640.0,3,89,0.6553860306739807,0.4328138530254364,9216,10.0
discretization,2,unet,-5.0,92160.0,92448.0,4,107,0.5253825783729553,0.4396890997886657,9216,10.0
discretization,2,unet,-5.0,92160.0,93280.0,5,100,0.3093098700046539,0.4698298573493957,9216,10.0
discretization,2,unet,-5.0,921600.0,921776.0,0,972,0.1189862340688705,0.4721475839614868,9216,100.0
discretization,2,unet,-5.0,921600.0,923200.0,1,989,0.1184249296784401,0.3848325312137604,9216,100.0
discretization,2,unet,-5.0,921600.0,921872.0,2,1002,0.1266231089830398,0.4223278760910034,9216,100.0
discretization,2,unet,-5.0,921600.0,922608.0,3,978,0.122987113893032,0.415710985660553,9216,100.0
discretization,2,unet,-5.0,921600.0,922096.0,4,1049,0.1166695356369018,0.4170917868614197,9216,100.0
discretization,2,unet,-5.0,921600.0,922832.0,5,1034,0.1213905662298202,0.4529450535774231,9216,100.0
discretization,2,unet,-5.0,9216000.0,9216352.0,0,10056,0.0707847401499748,0.4929768145084381,9216,1000.0
discretization,2,unet,-5.0,9216000.0,9216656.0,1,10115,0.0584256760776042,0.4363696277141571,9216,1000.0
discretization,2,unet,-5.0,9216000.0,9216512.0,2,10159,0.0568142123520374,0.4273395538330078,9216,1000.0
discretization,2,unet,-5.0,9216000.0,9217968.0,3,10012,0.0586001761257648,0.4516457319259643,9216,1000.0
discretization,2,unet,-5.0,9216000.0,9216992.0,4,10108,0.0614018328487873,0.4760883748531341,9216,1000.0
discretization,2,unet,-5.0,9216000.0,9216272.0,5,10150,0.0599075108766555,0.4655255079269409,9216,1000.0
discretization,2,unet,-5.0,92160000.0,92161408.0,0,100919,0.058237113058567,0.4625323414802551,9216,10000.0
discretization,2,unet,-5.0,92160000.0,92160560.0,1,102017,0.0538815148174762,0.4248791337013244,9216,10000.0
discretization,2,unet,-5.0,92160000.0,92160240.0,2,101732,0.0496897771954536,0.4178640246391296,9216,10000.0
discretization,2,unet,-5.0,92160000.0,92160320.0,3,101113,0.057309091091156,0.4599979817867279,9216,10000.0
discretization,2,unet,-5.0,92160000.0,92160432.0,4,101270,0.0559348091483116,0.4614198505878448,9216,10000.0
discretization,2,unet,-5.0,92160000.0,92160576.0,5,101408,0.0573805049061775,0.4634479880332947,9216,10000.0
discretization,2,unet,-7.0,92160.0,93984.0,0,121,0.6231128573417664,0.4528185129165649,9216,10.0
discretization,2,unet,-7.0,92160.0,92400.0,1,129,0.6186882853507996,0.3415935933589935,9216,10.0
discretization,2,unet,-7.0,92160.0,92480.0,2,151,0.2619788944721222,0.5313696265220642,9216,10.0
discretization,2,unet,-7.0,92160.0,92400.0,3,112,0.3776151239871979,0.533549964427948,9216,10.0
discretization,2,unet,-7.0,92160.0,92448.0,4,134,0.5519700050354004,0.5485840439796448,9216,10.0
discretization,2,unet,-7.0,92160.0,92384.0,5,151,0.2988250851631164,0.5189312696456909,9216,10.0
discretization,2,unet,0.0,2764800.0,2768160.0,0,764,0.1125571429729461,0.1705116927623748,9216,300.0
discretization,2,unet,0.0,2764800.0,2765152.0,1,780,0.1162442862987518,0.1661888659000396,9216,300.0
discretization,2,unet,0.0,2764800.0,2766896.0,2,776,0.1200823858380317,0.170910507440567,9216,300.0
discretization,2,unet,0.0,2764800.0,2765424.0,3,775,0.1129831597208976,0.1710139065980911,9216,300.0
discretization,2,unet,0.0,2764800.0,2766192.0,4,878,0.1106907725334167,0.1598016321659088,9216,300.0
discretization,2,unet,0.0,2764800.0,2767216.0,5,833,0.1073278188705444,0.174815371632576,9216,300.0
discretization,2,unet,0.0,27648000.0,27648336.0,0,8093,0.0472965613007545,0.1765475869178772,9216,3000.0
discretization,2,unet,0.0,27648000.0,27648832.0,1,8067,0.0472501553595066,0.1668067872524261,9216,3000.0
discretization,2,unet,0.0,27648000.0,27649408.0,2,8040,0.0474454015493392,0.1731546819210052,9216,3000.0
discretization,2,unet,0.0,27648000.0,27648128.0,3,8032,0.0450995229184627,0.1697748750448227,9216,3000.0
discretization,2,unet,0.0,27648000.0,27657056.0,4,8128,0.0445837490260601,0.1607737690210342,9216,3000.0
discretization,2,unet,0.0,27648000.0,27655504.0,5,8233,0.0445025637745857,0.1826392561197281,9216,3000.0
discretization,2,unet,0.0,50000.0,54704.0,1,15,0.8787044882774353,0.5226383209228516,9216,5.425347222222222
discretization,2,unet,0.0,50000.0,57552.0,2,22,1.622414469718933,0.9213166832923888,9216,5.425347222222222
discretization,2,unet,0.0,50000.0,54304.0,3,10,0.8135566711425781,0.6710296273231506,9216,5.425347222222222
discretization,2,unet,0.0,50000.0,51776.0,4,18,1.6439028978347778,0.6721207499504089,9216,5.425347222222222
discretization,2,unet,0.0,50000.0,52912.0,5,13,1.0556964874267578,0.5434145927429199,9216,5.425347222222222
discretization,2,unet,0.0,92160.0,97344.0,0,22,1.0724914073944092,0.8521853685379028,9216,10.0
discretization,2,unet,0.0,92160.0,99312.0,1,29,0.8030881881713867,0.5891261696815491,9216,10.0
discretization,2,unet,0.0,92160.0,94048.0,2,30,0.9936527609825134,0.4689155220985412,9216,10.0
discretization,2,unet,0.0,92160.0,93984.0,3,21,0.6524896025657654,0.3780868351459503,9216,10.0
discretization,2,unet,0.0,92160.0,92880.0,4,28,0.912184715270996,0.4433882534503937,9216,10.0
discretization,2,unet,0.0,92160.0,93360.0,5,22,0.8566346764564514,0.5738011598587036,9216,10.0
discretization,2,unet,0.0,921600.0,923648.0,0,260,0.3827471137046814,0.1763120293617248,9216,100.0
discretization,2,unet,0.0,921600.0,921792.0,1,281,0.2739898264408111,0.1663555800914764,9216,100.0
discretization,2,unet,0.0,921600.0,921920.0,2,281,0.3040420413017273,0.179173544049263,9216,100.0
discretization,2,unet,0.0,921600.0,922384.0,3,231,0.4356701076030731,0.1674006879329681,9216,100.0
discretization,2,unet,0.0,921600.0,928240.0,4,285,0.2929851114749908,0.1594904512166977,9216,100.0
discretization,2,unet,0.0,921600.0,924288.0,5,276,0.2701793015003204,0.1796965152025222,9216,100.0
discretization,2,unet,0.0,9216000.0,9219008.0,0,2670,0.0701095163822174,0.1740776002407074,9216,1000.0
discretization,2,unet,0.0,9216000.0,9224048.0,1,2695,0.0734670087695121,0.1628136187791824,9216,1000.0
discretization,2,unet,0.0,9216000.0,9220032.0,2,2665,0.0754690170288086,0.172174647450447,9216,1000.0
discretization,2,unet,0.0,9216000.0,9216352.0,3,2652,0.0753051862120628,0.1635617613792419,9216,1000.0
discretization,2,unet,0.0,9216000.0,9216016.0,4,2785,0.0683179423213005,0.1554246693849563,9216,1000.0
discretization,2,unet,0.0,9216000.0,9221456.0,5,2736,0.0702713280916214,0.1701001524925232,9216,1000.0
discretization,2,unet,0.0,92160000.0,92163520.0,0,26753,0.0357584059238433,0.1761270463466644,9216,10000.0
discretization,2,unet,0.0,92160000.0,92164192.0,1,26988,0.0348564013838768,0.1723703742027282,9216,10000.0
discretization,2,unet,0.0,92160000.0,92167152.0,2,27055,0.0366953648626804,0.1821016520261764,9216,10000.0
discretization,2,unet,0.0,92160000.0,92166944.0,3,26852,0.0349888578057289,0.1808555573225021,9216,10000.0
discretization,2,unet,0.0,92160000.0,92162480.0,4,27341,0.0356008633971214,0.1727577149868011,9216,10000.0
discretization,2,unet,0.0,92160000.0,92160240.0,5,27042,0.0320297814905643,0.1878231167793274,9216,10000.0
discretization,2,unet,1.0,2764800.0,2771488.0,0,588,0.1307706087827682,0.1452733427286148,9216,300.0
discretization,2,unet,1.0,2764800.0,2766720.0,1,577,0.1329571157693863,0.1486817151308059,9216,300.0
discretization,2,unet,1.0,2764800.0,2773728.0,2,588,0.131714329123497,0.147738829255104,9216,300.0
discretization,2,unet,1.0,2764800.0,2766592.0,3,571,0.1358516067266464,0.1421982795000076,9216,300.0
discretization,2,unet,1.0,2764800.0,2765728.0,4,632,0.12404815107584,0.1350642293691635,9216,300.0
discretization,2,unet,1.0,2764800.0,2772896.0,5,631,0.1217540502548217,0.1464593559503555,9216,300.0
discretization,2,unet,1.0,27648000.0,27654016.0,0,6062,0.0460574775934219,0.142315462231636,9216,3000.0
discretization,2,unet,1.0,27648000.0,27653408.0,1,5959,0.0508004091680049,0.1428751200437545,9216,3000.0
discretization,2,unet,1.0,27648000.0,27653776.0,2,5959,0.0479069240391254,0.1426012217998504,9216,3000.0
discretization,2,unet,1.0,27648000.0,27649776.0,3,5957,0.0501755364239215,0.142556294798851,9216,3000.0
discretization,2,unet,1.0,27648000.0,27651488.0,4,6062,0.0461021140217781,0.134718582034111,9216,3000.0
discretization,2,unet,1.0,27648000.0,27648880.0,5,6099,0.0435476973652839,0.1507234871387481,9216,3000.0
discretization,2,unet,1.0,92160.0,99104.0,0,18,0.9470307230949402,0.6058934926986694,9216,10.0
discretization,2,unet,1.0,92160.0,96400.0,1,18,1.1779457330703735,0.7384554743766785,9216,10.0
discretization,2,unet,1.0,92160.0,94384.0,2,23,0.9153855443000792,0.5709384679794312,9216,10.0
discretization,2,unet,1.0,92160.0,95632.0,3,19,0.5648723244667053,0.3714637756347656,9216,10.0
discretization,2,unet,1.0,92160.0,92192.0,4,24,1.6209509372711182,0.4745976626873016,9216,10.0
discretization,2,unet,1.0,92160.0,94752.0,5,17,0.8263550400733948,0.5424207448959351,9216,10.0
discretization,2,unet,1.0,921600.0,928912.0,0,204,0.4837448000907898,0.1750610321760177,9216,100.0
discretization,2,unet,1.0,921600.0,922128.0,1,194,0.5369414687156677,0.1604811698198318,9216,100.0
discretization,2,unet,1.0,921600.0,927696.0,2,208,0.4689913690090179,0.1664670556783676,9216,100.0
discretization,2,unet,1.0,921600.0,926608.0,3,180,0.5186561942100525,0.1674054861068725,9216,100.0
discretization,2,unet,1.0,921600.0,922624.0,4,204,0.4394819140434265,0.1527584940195083,9216,100.0
discretization,2,unet,1.0,921600.0,922848.0,5,211,0.4121205508708954,0.171945109963417,9216,100.0
discretization,2,unet,1.0,9216000.0,9219696.0,0,1969,0.0749825313687324,0.1408596336841583,9216,1000.0
discretization,2,unet,1.0,9216000.0,9219552.0,1,1950,0.0752142444252967,0.1380027383565902,9216,1000.0
discretization,2,unet,1.0,9216000.0,9225088.0,2,1993,0.0773471295833587,0.1425373554229736,9216,1000.0
discretization,2,unet,1.0,9216000.0,9219456.0,3,1977,0.0729440078139305,0.1408997923135757,9216,1000.0
discretization,2,unet,1.0,9216000.0,9223040.0,4,2073,0.0697921738028526,0.1328878402709961,9216,1000.0
discretization,2,unet,1.0,9216000.0,9216032.0,5,1998,0.0749867781996727,0.1383942067623138,9216,1000.0
discretization,2,unet,1.0,92160000.0,92165840.0,0,19815,0.0353664308786392,0.1433011889457702,9216,10000.0
discretization,2,unet,1.0,92160000.0,92168848.0,1,20166,0.0376749522984027,0.1456247717142105,9216,10000.0
discretization,2,unet,1.0,92160000.0,92168656.0,2,19985,0.0352568961679935,0.1425691545009613,9216,10000.0
discretization,2,unet,1.0,92160000.0,92163808.0,3,19955,0.0336939096450805,0.1507342159748077,9216,10000.0
discretization,2,unet,1.0,92160000.0,92169088.0,4,20247,0.0379151999950408,0.1366124153137207,9216,10000.0
discretization,2,unet,1.0,92160000.0,92166048.0,5,20111,0.0331879928708076,0.1490826606750488,9216,10000.0
discretization,2,unet,10.0,27648000.0,27656192.0,0,3033,0.0344448797404766,0.1053275242447853,9216,3000.0
discretization,2,unet,10.0,27648000.0,27653632.0,1,3029,0.0269717276096344,0.1064352393150329,9216,3000.0
discretization,2,unet,10.0,27648000.0,27649024.0,2,3027,0.032362975180149,0.103601187467575,9216,3000.0
discretization,2,unet,10.0,27648000.0,27648256.0,3,3031,0.038120113313198,0.1042154356837272,9216,3000.0
discretization,2,unet,10.0,27648000.0,27651840.0,4,3031,0.0354737155139446,0.1005628407001495,9216,3000.0
discretization,2,unet,10.0,27648000.0,27649024.0,5,3022,0.0331518612802028,0.1072499230504036,9216,3000.0
discretization,2,unet,10.0,92160000.0,92168960.0,0,10104,0.0175604727119207,0.1013643220067024,9216,10000.0
discretization,2,unet,10.0,92160000.0,92162816.0,1,10101,0.0190357435494661,0.1046953573822975,9216,10000.0
discretization,2,unet,10.0,92160000.0,92167456.0,2,10103,0.0178890824317932,0.1036683171987533,9216,10000.0
discretization,2,unet,10.0,92160000.0,92163328.0,3,10109,0.020525686442852,0.1016854718327522,9216,10000.0
discretization,2,unet,10.0,92160000.0,92163072.0,4,10101,0.0182605441659688,0.0999945923686027,9216,10000.0
discretization,2,unet,10.0,92160000.0,92168960.0,5,10084,0.0197280496358871,0.1048480942845344,9216,10000.0
discretization,2,unet,2.0,27648000.0,27651168.0,0,4767,0.042676355689764,0.1217660903930664,9216,3000.0
discretization,2,unet,2.0,27648000.0,27654672.0,1,4722,0.0492871850728988,0.1245771199464798,9216,3000.0
discretization,2,unet,2.0,27648000.0,27657168.0,2,4709,0.0432518534362316,0.1186474561691284,9216,3000.0
discretization,2,unet,2.0,27648000.0,27655840.0,3,4720,0.046867549419403,0.1239127218723297,9216,3000.0
discretization,2,unet,2.0,27648000.0,27656768.0,4,4747,0.0451538935303688,0.1127396374940872,9216,3000.0
discretization,2,unet,2.0,27648000.0,27649136.0,5,4693,0.0420715101063251,0.1218434870243072,9216,3000.0
discretization,2,unet,20.0,2764800.0,2764800.0,0,300,0.2453805655241012,0.1131420135498046,9216,300.0
discretization,2,unet,20.0,2764800.0,2768896.0,1,301,0.2830312252044678,0.1220926940441131,9216,300.0
discretization,2,unet,20.0,2764800.0,2764800.0,2,300,0.2250807732343673,0.1133270114660263,9216,300.0
discretization,2,unet,20.0,2764800.0,2764800.0,3,300,0.3058993518352508,0.1120310574769973,9216,300.0
discretization,2,unet,20.0,2764800.0,2764800.0,4,300,0.2533329725265503,0.1115231662988662,9216,300.0
discretization,2,unet,20.0,2764800.0,2764800.0,5,300,0.2090480923652649,0.1193447485566139,9216,300.0
discretization,2,unet,20.0,27648000.0,27648000.0,0,3000,0.035731766372919,0.1045289188623428,9216,3000.0
discretization,2,unet,20.0,27648000.0,27652096.0,1,3001,0.0342845544219017,0.1113478615880012,9216,3000.0
discretization,2,unet,20.0,27648000.0,27652096.0,2,3001,0.0342085771262645,0.1040968000888824,9216,3000.0
discretization,2,unet,20.0,27648000.0,27648000.0,3,3000,0.0387383364140987,0.1035353243350982,9216,3000.0
discretization,2,unet,20.0,27648000.0,27648000.0,4,3000,0.0361645929515361,0.1019718647003173,9216,3000.0
discretization,2,unet,20.0,27648000.0,27648000.0,5,3000,0.0323508381843566,0.1068504899740219,9216,3000.0
discretization,2,unet,20.0,92160.0,92160.0,0,10,0.939854860305786,0.982285976409912,9216,10.0
discretization,2,unet,20.0,92160.0,92160.0,1,10,0.8953098654747009,0.816827654838562,9216,10.0
discretization,2,unet,20.0,92160.0,92160.0,2,10,0.8708537220954895,0.5657262802124023,9216,10.0
discretization,2,unet,20.0,92160.0,92160.0,3,10,0.8418936133384705,0.6167148351669312,9216,10.0
discretization,2,unet,20.0,92160.0,92160.0,4,10,1.1008834838867188,0.8495442867279053,9216,10.0
discretization,2,unet,20.0,92160.0,92160.0,5,10,0.9217516779899596,0.469219297170639,9216,10.0
discretization,2,unet,20.0,921600.0,921600.0,0,100,0.6301975250244141,0.2298356890678405,9216,100.0
discretization,2,unet,20.0,921600.0,925696.0,1,101,0.68064284324646,0.1791055649518966,9216,100.0
discretization,2,unet,20.0,921600.0,921600.0,2,100,0.6489459276199341,0.2043943703174591,9216,100.0
discretization,2,unet,20.0,921600.0,921600.0,3,100,0.3595221936702728,0.1932751387357711,9216,100.0
discretization,2,unet,20.0,921600.0,921600.0,4,100,0.6095378994941711,0.1802484542131424,9216,100.0
discretization,2,unet,20.0,921600.0,921600.0,5,100,0.5864823460578918,0.1856316179037094,9216,100.0
discretization,2,unet,20.0,9216000.0,9216000.0,0,1000,0.0756356194615364,0.1052574515342712,9216,1000.0
discretization,2,unet,20.0,9216000.0,9220096.0,1,1001,0.0599057935178279,0.1165277436375618,9216,1000.0
discretization,2,unet,20.0,9216000.0,9216000.0,2,1000,0.0818914175033569,0.1081929355859756,9216,1000.0
discretization,2,unet,20.0,9216000.0,9216000.0,3,1000,0.0796992182731628,0.1079595386981964,9216,1000.0
discretization,2,unet,20.0,9216000.0,9216000.0,4,1000,0.077301412820816,0.1039431989192962,9216,1000.0
discretization,2,unet,20.0,9216000.0,9216000.0,5,1000,0.0747706368565559,0.1106947660446167,9216,1000.0
discretization,2,unet,20.0,92160000.0,92163072.0,0,10002,0.0177696347236633,0.1026425808668136,9216,10000.0
discretization,2,unet,20.0,92160000.0,92168192.0,1,10002,0.0191288944333791,0.1025029122829437,9216,10000.0
discretization,2,unet,20.0,92160000.0,92162048.0,2,10003,0.0168064106255769,0.1016595140099525,9216,10000.0
discretization,2,unet,20.0,92160000.0,92164096.0,3,10001,0.020042585209012,0.1033819839358329,9216,10000.0
discretization,2,unet,20.0,92160000.0,92160000.0,4,10000,0.0183650664985179,0.0994277745485305,9216,10000.0
discretization,2,unet,20.0,92160000.0,92164096.0,5,10001,0.0185534656047821,0.1057862192392349,9216,10000.0
discretization,2,unet,5.0,2764800.0,2768784.0,0,338,0.1513938456773758,0.126571923494339,9216,300.0
discretization,2,unet,5.0,2764800.0,2770384.0,1,331,0.2200273424386978,0.1175385043025016,9216,300.0
discretization,2,unet,5.0,2764800.0,2766736.0,2,333,0.2032709419727325,0.1449250280857086,9216,300.0
discretization,2,unet,5.0,2764800.0,2766000.0,3,332,0.289409339427948,0.1125755831599235,9216,300.0
discretization,2,unet,5.0,2764800.0,2770688.0,4,328,0.2466941028833389,0.1111098229885101,9216,300.0
discretization,2,unet,5.0,2764800.0,2769984.0,5,341,0.1881837099790573,0.1193283423781395,9216,300.0
discretization,2,unet,5.0,27648000.0,27652592.0,0,3333,0.0350807420909404,0.1040170863270759,9216,3000.0
discretization,2,unet,5.0,27648000.0,27650064.0,1,3335,0.0392996408045291,0.1042602434754371,9216,3000.0
discretization,2,unet,5.0,27648000.0,27656960.0,2,3342,0.0307376179844141,0.1112208515405654,9216,3000.0
discretization,2,unet,5.0,27648000.0,27654976.0,3,3337,0.0371774099767208,0.1025855839252471,9216,3000.0
discretization,2,unet,5.0,27648000.0,27655536.0,4,3340,0.0347510762512683,0.098374918103218,9216,3000.0
discretization,2,unet,5.0,27648000.0,27655168.0,5,3309,0.0316369906067848,0.1064070835709571,9216,3000.0
discretization,2,unet,5.0,92160.0,94464.0,0,11,0.9840399026870728,1.11140239238739,9216,10.0
discretization,2,unet,5.0,92160.0,96256.0,1,11,0.9024183750152588,0.7199024558067322,9216,10.0
discretization,2,unet,5.0,92160.0,96256.0,2,11,0.8693814873695374,0.5029032230377197,9216,10.0
discretization,2,unet,5.0,92160.0,97280.0,3,12,0.8512736558914185,0.5121312737464905,9216,10.0
discretization,2,unet,5.0,92160.0,96256.0,4,11,0.9583632946014404,0.8115983605384827,9216,10.0
discretization,2,unet,5.0,92160.0,93440.0,5,12,1.2241990566253662,0.5160625576972961,9216,10.0
discretization,2,unet,5.0,921600.0,929936.0,0,120,0.6394939422607422,0.2054473459720611,9216,100.0
discretization,2,unet,5.0,921600.0,923168.0,1,111,0.6728232502937317,0.1909932643175125,9216,100.0
discretization,2,unet,5.0,921600.0,926208.0,2,109,0.6668897867202759,0.1850175857543945,9216,100.0
discretization,2,unet,5.0,921600.0,927376.0,3,111,0.603174090385437,0.1938207447528839,9216,100.0
discretization,2,unet,5.0,921600.0,929280.0,4,109,0.6025686264038086,0.1800213903188705,9216,100.0
discretization,2,unet,5.0,921600.0,926352.0,5,113,0.3342894613742828,0.1838273704051971,9216,100.0
discretization,2,unet,5.0,9216000.0,9219536.0,0,1101,0.0700533092021942,0.1026438623666763,9216,1000.0
discretization,2,unet,5.0,9216000.0,9218032.0,1,1098,0.0751008316874504,0.105454996228218,9216,1000.0
discretization,2,unet,5.0,9216000.0,9216464.0,2,1096,0.0772151798009872,0.1086601540446281,9216,1000.0
discretization,2,unet,5.0,9216000.0,9216416.0,3,1120,0.076647087931633,0.1078301966190338,9216,1000.0
discretization,2,unet,5.0,9216000.0,9221216.0,4,1111,0.0739409253001213,0.1024175807833671,9216,1000.0
discretization,2,unet,5.0,9216000.0,9217488.0,5,1104,0.0672478601336479,0.1130792126059532,9216,1000.0
discretization,2,unet,5.0,92160000.0,92163872.0,0,11155,0.0206288434565067,0.0994240045547485,9216,10000.0
discretization,2,unet,5.0,92160000.0,92168432.0,1,11111,0.023392105475068,0.1007088422775268,9216,10000.0
discretization,2,unet,5.0,92160000.0,92164240.0,2,11082,0.020962718874216,0.0989789143204689,9216,10000.0
discretization,2,unet,5.0,92160000.0,92166912.0,3,11142,0.0233235917985439,0.1040069162845611,9216,10000.0
discretization,2,unet,5.0,92160000.0,92160080.0,4,11088,0.0213807597756385,0.0959977731108665,9216,10000.0
discretization,2,unet,5.0,92160000.0,92161984.0,5,11090,0.0216782428324222,0.1040156185626983,9216,10000.0
discretization,2,unet,7.0,92160000.0,92160048.0,0,10419,0.0183268319815397,0.1031384766101837,9216,10000.0
discretization,2,unet,7.0,92160000.0,92166048.0,1,10389,0.0206384994089603,0.101170003414154,9216,10000.0
discretization,2,unet,7.0,92160000.0,92162240.0,2,10403,0.0187947321683168,0.1022290885448455,9216,10000.0
discretization,2,unet,7.0,92160000.0,92162288.0,3,10426,0.0210247170180082,0.1012758389115333,9216,10000.0
discretization,2,unet,7.0,92160000.0,92168320.0,4,10395,0.0186159703880548,0.095532089471817,9216,10000.0
discretization,2,unet,7.0,92160000.0,92163392.0,5,10372,0.0208792928606271,0.108196273446083,9216,10000.0
discretization,3,unet,-1.0,265420800.0,265431552.0,0,1896,0.0585722438991069,0.1425602734088897,884736,300.0
discretization,3,unet,-1.0,265420800.0,265524736.0,1,1854,0.0576499216258525,0.1440753787755966,884736,300.0
discretization,3,unet,-1.0,265420800.0,266186240.0,2,1947,0.0577673912048339,0.1424711346626281,884736,300.0
discretization,3,unet,-1.0,2654208000.0,2654231552.0,0,18734,0.0483100078999996,0.14875428378582,884736,3000.0
discretization,3,unet,-1.0,2654208000.0,2654307328.0,1,19359,0.0486079975962638,0.1560942977666854,884736,3000.0
discretization,3,unet,-1.0,2654208000.0,2654213632.0,2,19797,0.0468073897063732,0.1471174359321594,884736,3000.0
discretization,3,unet,-1.0,8847360.0,9358848.0,0,65,0.5673788189888,0.5197128057479858,884736,10.0
discretization,3,unet,-1.0,8847360.0,8955904.0,1,60,0.2929471135139465,0.2700269520282745,884736,10.0
discretization,3,unet,-1.0,8847360.0,8933376.0,2,85,0.4939752221107483,0.3683547079563141,884736,10.0
discretization,3,unet,-1.0,88473600.0,88597504.0,0,623,0.089036040008068,0.1396331340074539,884736,100.0
discretization,3,unet,-1.0,88473600.0,89054720.0,1,599,0.0894354879856109,0.1411487311124801,884736,100.0
discretization,3,unet,-1.0,88473600.0,89188864.0,2,659,0.086684301495552,0.1391254812479019,884736,100.0
discretization,3,unet,-1.0,884736000.0,884788224.0,0,6418,0.0482292436063289,0.1451286524534225,884736,1000.0
discretization,3,unet,-1.0,884736000.0,884839424.0,1,6177,0.0500792115926742,0.1567549407482147,884736,1000.0
discretization,3,unet,-1.0,884736000.0,884888064.0,2,6612,0.048831757158041,0.1454875022172927,884736,1000.0
discretization,3,unet,-1.0,8847360000.0,8847418368.0,0,64403,0.053155317902565,0.1651188433170318,884736,10000.0
discretization,3,unet,-1.0,8847360000.0,8847687680.0,1,65469,0.0499852746725082,0.1629862189292907,884736,10000.0
discretization,3,unet,-1.0,8847360000.0,8847872000.0,2,65729,0.0463718697428703,0.1463406085968017,884736,10000.0
discretization,3,unet,-20.0,265420800.0,265422848.0,0,46142,0.2852735519409179,0.5967131853103638,884736,300.0
discretization,3,unet,-20.0,265420800.0,265422848.0,1,46257,0.2178526520729065,0.5241307020187378,884736,300.0
discretization,3,unet,-20.0,265420800.0,265428992.0,2,46721,0.2327207326889038,0.4247409701347351,884736,300.0
discretization,3,unet,-20.0,2654208000.0,2654208512.0,0,463364,0.2942812740802765,0.6146590709686279,884736,3000.0
discretization,3,unet,-20.0,2654208000.0,2654208000.0,1,464796,0.2071529924869537,0.4990447163581848,884736,3000.0
discretization,3,unet,-20.0,2654208000.0,2654211584.0,2,463127,0.2442581057548523,0.4487635195255279,884736,3000.0
discretization,3,unet,-20.0,8847360.0,8847360.0,0,1529,0.2920547723770141,0.5597103238105774,884736,10.0
discretization,3,unet,-20.0,8847360.0,8848384.0,1,1553,0.2288441359996795,0.5442485809326172,884736,10.0
discretization,3,unet,-20.0,8847360.0,8849920.0,2,1522,0.2219925224781036,0.3986432552337646,884736,10.0
discretization,3,unet,-20.0,88473600.0,88476672.0,0,15197,0.2809984982013702,0.5720247626304626,884736,100.0
discretization,3,unet,-20.0,88473600.0,88475136.0,1,15398,0.2330566793680191,0.5312808156013489,884736,100.0
discretization,3,unet,-20.0,88473600.0,88477184.0,2,15441,0.2390606999397277,0.4537180364131927,884736,100.0
discretization,3,unet,-20.0,884736000.0,884739072.0,0,153931,0.2802779078483581,0.58062344789505,884736,1000.0
discretization,3,unet,-20.0,884736000.0,884738048.0,1,154836,0.2175182700157165,0.5283082723617554,884736,1000.0
discretization,3,unet,-20.0,884736000.0,884738048.0,2,154629,0.2621869742870331,0.4301204085350036,884736,1000.0
discretization,3,unet,-20.0,8847360000.0,8847362048.0,0,1543751,0.289645791053772,0.5963976979255676,884736,10000.0
discretization,3,unet,-20.0,8847360000.0,8847361024.0,1,1544326,0.2128001749515533,0.5168991684913635,884736,10000.0
discretization,3,unet,-20.0,8847360000.0,8847360000.0,2,1544177,0.2619633674621582,0.4473597705364227,884736,10000.0
discretization,3,unet,-5.0,265420800.0,265443840.0,0,9634,0.0935706794261932,0.252709299325943,884736,300.0
discretization,3,unet,-5.0,265420800.0,265636352.0,1,9602,0.0836971998214721,0.2319033592939376,884736,300.0
discretization,3,unet,-5.0,265420800.0,265442304.0,2,10144,0.0878970697522163,0.2198367267847061,884736,300.0
discretization,3,unet,-5.0,2654208000.0,2654238208.0,0,96947,0.0949816852807998,0.2538756430149078,884736,3000.0
discretization,3,unet,-5.0,2654208000.0,2654218752.0,1,99145,0.087580107152462,0.23893603682518,884736,3000.0
discretization,3,unet,-5.0,2654208000.0,2654266880.0,2,98841,0.0890949293971061,0.2229112386703491,884736,3000.0
discretization,3,unet,-5.0,8847360.0,8850432.0,0,363,0.1758322417736053,0.2627144455909729,884736,10.0
discretization,3,unet,-5.0,8847360.0,8869376.0,1,338,0.1553492844104766,0.1974922120571136,884736,10.0
discretization,3,unet,-5.0,8847360.0,8990720.0,2,423,0.1931435316801071,0.2926790118217468,884736,10.0
discretization,3,unet,-5.0,88473600.0,88640512.0,0,3261,0.0945785343647003,0.2481478899717331,884736,100.0
discretization,3,unet,-5.0,88473600.0,88502272.0,1,3228,0.0862855687737464,0.2255702167749405,884736,100.0
discretization,3,unet,-5.0,88473600.0,88524800.0,2,3497,0.1013307198882103,0.2491781413555145,884736,100.0
discretization,3,unet,-5.0,884736000.0,884736000.0,0,32262,0.0958608984947204,0.2600301206111908,884736,1000.0
discretization,3,unet,-5.0,884736000.0,884762624.0,1,32871,0.0876690447330474,0.2414272129535675,884736,1000.0
discretization,3,unet,-5.0,884736000.0,884738048.0,2,33681,0.0861284732818603,0.2155680358409881,884736,1000.0
discretization,3,unet,-5.0,8847360000.0,8847360000.0,0,326164,0.0961202606558799,0.2549252510070801,884736,10000.0
discretization,3,unet,-5.0,8847360000.0,8847809536.0,1,330395,0.0878034606575965,0.2365327179431915,884736,10000.0
discretization,3,unet,-5.0,8847360000.0,8847390720.0,2,327320,0.0883397236466407,0.2233335375785827,884736,10000.0
discretization,3,unet,0.0,265420800.0,265454592.0,0,1141,0.0630147904157638,0.1335380524396896,884736,300.0
discretization,3,unet,0.0,265420800.0,265468928.0,1,1195,0.0638900399208068,0.1429724544286728,884736,300.0
discretization,3,unet,0.0,265420800.0,265833984.0,2,1200,0.0625796690583229,0.1317002475261688,884736,300.0
discretization,3,unet,0.0,2654208000.0,2655073792.0,0,12053,0.0444727130234241,0.1384509205818176,884736,3000.0
discretization,3,unet,0.0,2654208000.0,2654873088.0,1,12072,0.0470092482864856,0.1526780426502227,884736,3000.0
discretization,3,unet,0.0,2654208000.0,2654957568.0,2,12026,0.047700822353363,0.1530092656612396,884736,3000.0
discretization,3,unet,0.0,8847360.0,9550848.0,0,37,0.3450324237346649,0.3446981608867645,884736,10.0
discretization,3,unet,0.0,8847360.0,9346048.0,1,44,0.5619081258773804,0.414493054151535,884736,10.0
discretization,3,unet,0.0,8847360.0,9421824.0,2,39,0.2787292301654815,0.3070007562637329,884736,10.0
discretization,3,unet,0.0,88473600.0,88641024.0,0,379,0.1154305413365364,0.1450946182012558,884736,100.0
discretization,3,unet,0.0,88473600.0,88852480.0,1,431,0.1097713410854339,0.1378053128719329,884736,100.0
discretization,3,unet,0.0,88473600.0,88690176.0,2,423,0.1128302738070488,0.137223944067955,884736,100.0
discretization,3,unet,0.0,884736000.0,884945408.0,0,4017,0.0463210083544254,0.1379749774932861,884736,1000.0
discretization,3,unet,0.0,884736000.0,885595136.0,1,4039,0.0500420704483985,0.1524159908294677,884736,1000.0
discretization,3,unet,0.0,884736000.0,884752896.0,2,3988,0.0481907799839973,0.1442466229200363,884736,1000.0
discretization,3,unet,0.0,8847360000.0,8847458304.0,0,40154,0.0449088215827941,0.1443750113248825,884736,10000.0
discretization,3,unet,0.0,8847360000.0,8847370240.0,1,40470,0.0477494522929191,0.1591075509786605,884736,10000.0
discretization,3,unet,0.0,8847360000.0,8847611904.0,2,40726,0.0423690490424633,0.1375298649072647,884736,10000.0
discretization,3,unet,1.0,265420800.0,265511424.0,0,741,0.0760393589735031,0.1260632127523422,884736,300.0
discretization,3,unet,1.0,265420800.0,266279936.0,1,733,0.0755493566393852,0.1281263679265976,884736,300.0
discretization,3,unet,1.0,265420800.0,265452544.0,2,777,0.0749926194548606,0.1282017081975937,884736,300.0
discretization,3,unet,1.0,2654208000.0,2655011328.0,0,7993,0.0431798845529556,0.1345088481903076,884736,3000.0
discretization,3,unet,1.0,2654208000.0,2654385152.0,1,7931,0.0421517565846443,0.1318013221025467,884736,3000.0
discretization,3,unet,1.0,2654208000.0,2654476288.0,2,7888,0.0413675867021083,0.1288584321737289,884736,3000.0
discretization,3,unet,1.0,8847360.0,9608192.0,0,22,0.6952157616615295,0.6166061758995056,884736,10.0
discretization,3,unet,1.0,8847360.0,9694720.0,1,29,0.6065681576728821,0.4125602543354034,884736,10.0
discretization,3,unet,1.0,8847360.0,8968192.0,2,31,0.6334947943687439,0.6498510837554932,884736,10.0
discretization,3,unet,1.0,88473600.0,88623104.0,0,243,0.2531788051128387,0.1507687866687774,884736,100.0
discretization,3,unet,1.0,88473600.0,88604160.0,1,244,0.2523999810218811,0.146008625626564,884736,100.0
discretization,3,unet,1.0,88473600.0,88548352.0,2,282,0.1659180074930191,0.138561874628067,884736,100.0
discretization,3,unet,1.0,884736000.0,885380608.0,0,2629,0.047459453344345,0.1243454441428184,884736,1000.0
discretization,3,unet,1.0,884736000.0,884835328.0,1,2613,0.0478680320084095,0.1299027353525161,884736,1000.0
discretization,3,unet,1.0,884736000.0,884894208.0,2,2628,0.0489965043962001,0.1291981786489486,884736,1000.0
discretization,3,unet,1.0,8847360000.0,8847396864.0,0,26300,0.0417498759925365,0.1312693208456039,884736,10000.0
discretization,3,unet,1.0,8847360000.0,8848214016.0,1,26580,0.0416637994349002,0.1354017853736877,884736,10000.0
discretization,3,unet,1.0,8847360000.0,8847388672.0,2,26571,0.0415400974452495,0.1307186335325241,884736,10000.0
discretization,3,unet,20.0,265420800.0,265420800.0,0,300,0.0991412624716758,0.0956296548247337,884736,300.0
discretization,3,unet,20.0,265420800.0,265682944.0,1,301,0.0930467024445533,0.1001229435205459,884736,300.0
discretization,3,unet,20.0,265420800.0,265420800.0,2,300,0.108662411570549,0.0939347445964813,884736,300.0
discretization,3,unet,20.0,2654208000.0,2654208000.0,0,3000,0.0232386086136102,0.0696952491998672,884736,3000.0
discretization,3,unet,20.0,2654208000.0,2654470144.0,1,3001,0.0256022680550813,0.0732978358864784,884736,3000.0
discretization,3,unet,20.0,2654208000.0,2654470144.0,2,3001,0.0249285530298948,0.0680127367377281,884736,3000.0
discretization,3,unet,20.0,8847360.0,8847360.0,0,10,0.6812125444412231,0.9073030352592468,884736,10.0
discretization,3,unet,20.0,8847360.0,8847360.0,1,10,0.5862678289413452,0.6978932023048401,884736,10.0
discretization,3,unet,20.0,8847360.0,8847360.0,2,10,0.566055953502655,0.5963525772094727,884736,10.0
discretization,3,unet,20.0,88473600.0,88473600.0,0,100,0.1843065172433853,0.144242450594902,884736,100.0
discretization,3,unet,20.0,88473600.0,88735744.0,1,101,0.1799808293581009,0.1481694281101226,884736,100.0
discretization,3,unet,20.0,88473600.0,88473600.0,2,100,0.2631552517414093,0.149281308054924,884736,100.0
discretization,3,unet,20.0,884736000.0,884736000.0,0,1000,0.0476011075079441,0.0747892782092094,884736,1000.0
discretization,3,unet,20.0,884736000.0,884998144.0,1,1001,0.0427833162248134,0.0759217888116836,884736,1000.0
discretization,3,unet,20.0,884736000.0,884736000.0,2,1000,0.0485970675945282,0.0755673125386238,884736,1000.0
discretization,3,unet,20.0,8847360000.0,8847425536.0,0,10005,0.0176177471876144,0.0654130950570106,884736,10000.0
discretization,3,unet,20.0,8847360000.0,8847884288.0,1,10002,0.0177332740277051,0.0646343231201171,884736,10000.0
discretization,3,unet,20.0,8847360000.0,8847785984.0,2,10004,0.0169211383908987,0.0661278814077377,884736,10000.0
discretization,3,unet,5.0,265420800.0,265589248.0,0,359,0.0694961845874786,0.0966722145676612,884736,300.0
discretization,3,unet,5.0,265420800.0,265919488.0,1,353,0.0805958732962608,0.0964192971587181,884736,300.0
discretization,3,unet,5.0,265420800.0,266242048.0,2,348,0.0765705406665802,0.099145121872425,884736,300.0
discretization,3,unet,5.0,2654208000.0,2654824448.0,0,3496,0.0291598793119192,0.0702228248119354,884736,3000.0
discretization,3,unet,5.0,2654208000.0,2654843904.0,1,3515,0.0303584281355142,0.0689339712262153,884736,3000.0
discretization,3,unet,5.0,2654208000.0,2654603776.0,2,3523,0.0310693681240081,0.0707158520817756,884736,3000.0
discretization,3,unet,5.0,8847360.0,9220096.0,0,12,0.7083888649940491,0.7231876850128174,884736,10.0
discretization,3,unet,5.0,8847360.0,9371648.0,1,12,0.6487075686454773,0.6837756037712097,884736,10.0
discretization,3,unet,5.0,8847360.0,9385472.0,2,13,0.6563882231712341,0.7304931282997131,884736,10.0
discretization,3,unet,5.0,88473600.0,88540672.0,0,126,0.359821617603302,0.1357295662164688,884736,100.0
discretization,3,unet,5.0,88473600.0,88731648.0,1,119,0.4293515980243683,0.1517135947942733,884736,100.0
discretization,3,unet,5.0,88473600.0,88812544.0,2,115,0.1880322992801666,0.1405653357505798,884736,100.0
discretization,3,unet,5.0,884736000.0,884795392.0,0,1144,0.0397431664168834,0.0748502761125564,884736,1000.0
discretization,3,unet,5.0,884736000.0,884869632.0,1,1156,0.0416991971433162,0.0739294961094856,884736,1000.0
discretization,3,unet,5.0,884736000.0,884838912.0,2,1152,0.0428447611629962,0.0782084688544273,884736,1000.0
discretization,3,unet,5.0,8847360000.0,8847568896.0,0,11696,0.027053840458393,0.0679604485630989,884736,10000.0
discretization,3,unet,5.0,8847360000.0,8848132096.0,1,11667,0.026053924113512,0.0686452686786651,884736,10000.0
discretization,3,unet,5.0,8847360000.0,8847640576.0,2,11620,0.0282103009521961,0.0719767585396766,884736,10000.0
