experiment,run_id,model_name,seed,no_conditioning,b_tilde,n_samples_target,lambd,xi_bar,conditioning_fidelity,in_menu,extrapolation,swept,val/nmse_avg,val/nrel_l2_loss_fields_avg,val/nrel_l2_loss_channels_avg,val/mse_avg,val/rel_l2_loss_fields_avg,val/rel_l2_loss_channels_avg
camera_ready_hyperelasticity_solver_truncation_0,proper_boxer_20260809_015008,Transolver,45,False,400,3178,-6.25,0.1336102819781233,0.0,True,False,True,0.3301235437393188,0.4618514478206634,0.4618514478206634,210419696.0,0.3160611391067505,0.3160611391067505
camera_ready_hyperelasticity_solver_truncation_0,proper_boxer_20260809_015008,Transolver,45,False,400,3178,-6.25,0.1336102819781233,0.04347169,False,False,True,0.2489592283964157,0.399649441242218,0.399649441242218,158685840.0,0.2738327383995056,0.2738327383995056
camera_ready_hyperelasticity_solver_truncation_0,proper_boxer_20260809_015008,Transolver,45,False,400,3178,-6.25,0.1336102819781233,0.08694338,True,False,True,0.2650604844093323,0.4129134714603424,0.4129134714603424,168948720.0,0.2828156352043152,0.2828156352043152
camera_ready_hyperelasticity_solver_truncation_0,proper_boxer_20260809_015008,Transolver,45,False,400,3178,-6.25,0.1336102819781233,0.126637155,False,False,True,0.1778746545314788,0.3352176249027252,0.3352176249027252,113376744.0,0.2301272749900818,0.2301272749900818
camera_ready_hyperelasticity_solver_truncation_0,proper_boxer_20260809_015008,Transolver,45,False,400,3178,-6.25,0.1336102819781233,0.16633093,True,False,True,0.2135906368494033,0.3696363568305969,0.3696363568305969,136141984.0,0.2537644803524017,0.2537644505500793
camera_ready_hyperelasticity_solver_truncation_0,proper_boxer_20260809_015008,Transolver,45,False,400,3178,-6.25,0.1336102819781233,0.202575115,False,False,True,0.1865971088409423,0.3437406718730926,0.3437406718730926,118936416.0,0.2358583211898803,0.2358583211898803
camera_ready_hyperelasticity_solver_truncation_0,proper_boxer_20260809_015008,Transolver,45,False,400,3178,-6.25,0.1336102819781233,0.2388193,True,False,True,0.1713822782039642,0.3288713097572326,0.3288713097572326,109238520.0,0.2257169634103775,0.2257169634103775
camera_ready_hyperelasticity_solver_truncation_0,proper_boxer_20260809_015008,Transolver,45,False,400,3178,-6.25,0.1336102819781233,0.271913685,False,False,True,0.1694190353155136,0.3267242610454559,0.3267242610454559,107987160.0,0.2242526412010193,0.2242526412010193
camera_ready_hyperelasticity_solver_truncation_0,proper_boxer_20260809_015008,Transolver,45,False,400,3178,-6.25,0.1336102819781233,0.30500807,True,False,True,0.1421039253473281,0.2993673682212829,0.2993673682212829,90576592.0,0.2058281749486923,0.2058281749486923
camera_ready_hyperelasticity_solver_truncation_0,proper_boxer_20260809_015008,Transolver,45,False,400,3178,-6.25,0.1336102819781233,0.33522638,False,False,True,0.1115424558520317,0.2625105679035187,0.2625105679035187,71096816.0,0.1809273213148117,0.1809273064136505
camera_ready_hyperelasticity_solver_truncation_0,proper_boxer_20260809_015008,Transolver,45,False,400,3178,-6.25,0.1336102819781233,0.36544469,True,False,True,0.1213680058717727,0.2749211490154266,0.2749211192131042,77359584.0,0.1894070208072662,0.189407005906105
camera_ready_hyperelasticity_solver_truncation_0,proper_boxer_20260809_015008,Transolver,45,False,400,3178,-6.25,0.1336102819781233,0.40592029,False,False,True,0.0443916879594326,0.1610190123319625,0.1610190123319625,28295122.0,0.1130430549383163,0.1130430549383163
camera_ready_hyperelasticity_solver_truncation_0,proper_boxer_20260809_015008,Transolver,45,False,400,3178,-6.25,0.1336102819781233,0.44639589,True,False,True,0.0875222161412239,0.2285977602005005,0.2285977602005005,55786384.0,0.1574112772941589,0.1574112772941589
camera_ready_hyperelasticity_solver_truncation_0,proper_boxer_20260809_015008,Transolver,45,False,400,3178,-6.25,0.1336102819781233,0.48171154,False,False,True,0.0834709703922271,0.2238130122423172,0.2238130122423172,53204136.0,0.1545208096504211,0.1545208096504211
camera_ready_hyperelasticity_solver_truncation_0,proper_boxer_20260809_015008,Transolver,45,False,400,3178,-6.25,0.1336102819781233,0.51702719,True,False,True,0.0742998644709587,0.2096969783306121,0.2096969783306121,47358500.0,0.1451776772737503,0.1451776623725891
camera_ready_hyperelasticity_solver_truncation_0,proper_boxer_20260809_015008,Transolver,45,False,400,3178,-6.25,0.1336102819781233,0.5478406899999999,False,False,True,0.1270939856767654,0.2937367260456085,0.2937367260456085,81009312.0,0.2012920528650283,0.2012920528650283
camera_ready_hyperelasticity_solver_truncation_0,proper_boxer_20260809_015008,Transolver,45,False,400,3178,-6.25,0.1336102819781233,0.57865419,True,False,True,0.0570519194006919,0.1815676689147949,0.1815676689147949,36364720.0,0.1260259747505188,0.1260259747505188
camera_ready_hyperelasticity_solver_truncation_0,proper_boxer_20260809_015008,Transolver,45,False,400,3178,-6.25,0.1336102819781233,0.6137168049999999,False,False,True,0.0375670939683914,0.1450218707323074,0.1450218707323074,23945148.0,0.101948894560337,0.101948894560337
camera_ready_hyperelasticity_solver_truncation_0,proper_boxer_20260809_015008,Transolver,45,False,400,3178,-6.25,0.1336102819781233,0.64877942,True,False,True,0.0429487526416778,0.1524182856082916,0.1524182856082916,27375400.0,0.1052149534225463,0.1052149534225463
camera_ready_hyperelasticity_solver_truncation_0,proper_boxer_20260809_015008,Transolver,45,False,400,3178,-6.25,0.1336102819781233,0.6845273949999999,False,False,True,0.059420321136713,0.1848959028720855,0.1848959028720855,37874324.0,0.1280402243137359,0.1280402094125747
camera_ready_hyperelasticity_solver_truncation_0,proper_boxer_20260809_015008,Transolver,45,False,400,3178,-6.25,0.1336102819781233,0.72027537,True,False,True,0.0329778641462326,0.131528615951538,0.131528615951538,21019988.0,0.0921844765543937,0.0921844765543937
camera_ready_hyperelasticity_solver_truncation_0,proper_boxer_20260809_015008,Transolver,45,False,400,3178,-6.25,0.1336102819781233,0.74875545,False,False,True,0.053642563521862,0.1742972880601883,0.1742972880601883,34191604.0,0.120943360030651,0.120943360030651
camera_ready_hyperelasticity_solver_truncation_0,proper_boxer_20260809_015008,Transolver,45,False,400,3178,-6.25,0.1336102819781233,0.77723553,True,False,True,0.0254904963076114,0.1130080297589302,0.1130080297589302,16247562.0,0.0797922760248184,0.0797922760248184
camera_ready_hyperelasticity_solver_truncation_0,proper_boxer_20260809_015008,Transolver,45,False,400,3178,-6.25,0.1336102819781233,0.811260215,False,False,True,0.0329621396958828,0.132037416100502,0.132037416100502,21009964.0,0.0927022397518158,0.0927022397518158
camera_ready_hyperelasticity_solver_truncation_0,proper_boxer_20260809_015008,Transolver,45,False,400,3178,-6.25,0.1336102819781233,0.8452849,True,False,True,0.0220740772783756,0.1036461889743805,0.1036461889743805,14069947.0,0.073222130537033,0.073222130537033
camera_ready_hyperelasticity_solver_truncation_0,proper_boxer_20260809_015008,Transolver,45,False,400,3178,-6.25,0.1336102819781233,0.873622825,False,False,True,0.1118979081511497,0.2611765563488006,0.2611765563488006,71323376.0,0.1797991544008255,0.1797991544008255
camera_ready_hyperelasticity_solver_truncation_0,proper_boxer_20260809_015008,Transolver,45,False,400,3178,-6.25,0.1336102819781233,0.90196075,True,False,True,0.0212920363992452,0.1022166460752487,0.1022166460752487,13571475.0,0.0726631805300712,0.0726631805300712
camera_ready_hyperelasticity_solver_truncation_0,proper_boxer_20260809_015008,Transolver,45,False,400,3178,-6.25,0.1336102819781233,0.92846527,False,False,True,0.0676272511482238,0.1978924870491027,0.1978924870491027,43105396.0,0.137111634016037,0.137111634016037
camera_ready_hyperelasticity_solver_truncation_0,proper_boxer_20260809_015008,Transolver,45,False,400,3178,-6.25,0.1336102819781233,0.95496979,True,False,True,0.0206567924469709,0.0999335646629333,0.0999335646629333,13166574.0,0.0708115920424461,0.0708115920424461
camera_ready_hyperelasticity_solver_truncation_0,proper_boxer_20260809_015008,Transolver,45,False,400,3178,-6.25,0.1336102819781233,0.977484895,False,False,True,0.0242407154291868,0.1094135791063308,0.1094135791063308,15450957.0,0.0770418271422386,0.0770418271422386
camera_ready_hyperelasticity_solver_truncation_0,proper_boxer_20260809_015008,Transolver,45,False,400,3178,-6.25,0.1336102819781233,1.0,True,False,True,0.0204916521906852,0.1003871709108352,0.1003871709108352,13061315.0,0.0710305124521255,0.0710305124521255
camera_ready_hyperelasticity_solver_truncation_0,proper_boxer_20260809_015008,Transolver,45,False,400,3178,-6.25,0.1336102819781233,1.05,False,True,True,0.0775517299771308,0.219279408454895,0.219279408454895,49431228.0,0.1535468697547912,0.1535468697547912
camera_ready_hyperelasticity_solver_truncation_0,proper_boxer_20260809_015008,Transolver,45,False,400,3178,-6.25,0.1336102819781233,1.1,False,True,True,0.0733786225318908,0.214311197400093,0.2143111824989318,46771304.0,0.1496482342481613,0.1496482193470001
camera_ready_hyperelasticity_solver_truncation_0,proper_boxer_20260809_015008,Transolver,45,False,400,3178,-6.25,0.1336102819781233,1.15,False,True,True,0.0339466780424118,0.1369745582342147,0.1369745582342147,21637508.0,0.0971835777163505,0.0971835777163505
camera_ready_hyperelasticity_solver_truncation_0,proper_boxer_20260809_015008,Transolver,45,False,400,3178,-6.25,0.1336102819781233,1.2,False,True,True,0.041367333382368,0.1571445018053054,0.1571445018053054,26367408.0,0.1118852645158767,0.1118852645158767
camera_ready_hyperelasticity_solver_no_conditioning_0,brief_minnow_20260829_225636,Transolver,42,True,400,3178,-6.25,0.1336102819781233,0.0,True,False,False,0.2081003189086914,0.3578470349311828,0.3578470349311828,132642488.0,0.2483945339918136,0.2483945339918136
camera_ready_hyperelasticity_solver_no_conditioning_0,brief_minnow_20260829_225636,Transolver,42,True,400,3178,-6.25,0.1336102819781233,0.04347169,False,False,False,0.2081003189086914,0.3578470349311828,0.3578470349311828,132642488.0,0.2483945339918136,0.2483945339918136
camera_ready_hyperelasticity_solver_no_conditioning_0,brief_minnow_20260829_225636,Transolver,42,True,400,3178,-6.25,0.1336102819781233,0.08694338,True,False,False,0.2081003189086914,0.3578470349311828,0.3578470349311828,132642488.0,0.2483945339918136,0.2483945339918136
camera_ready_hyperelasticity_solver_no_conditioning_0,brief_minnow_20260829_225636,Transolver,42,True,400,3178,-6.25,0.1336102819781233,0.126637155,False,False,False,0.2081003189086914,0.3578470349311828,0.3578470349311828,132642488.0,0.2483945339918136,0.2483945339918136
camera_ready_hyperelasticity_solver_no_conditioning_0,brief_minnow_20260829_225636,Transolver,42,True,400,3178,-6.25,0.1336102819781233,0.16633093,True,False,False,0.2081003189086914,0.3578470349311828,0.3578470349311828,132642488.0,0.2483945339918136,0.2483945339918136
camera_ready_hyperelasticity_solver_no_conditioning_0,brief_minnow_20260829_225636,Transolver,42,True,400,3178,-6.25,0.1336102819781233,0.202575115,False,False,False,0.2081003189086914,0.3578470349311828,0.3578470349311828,132642488.0,0.2483945339918136,0.2483945339918136
camera_ready_hyperelasticity_solver_no_conditioning_0,brief_minnow_20260829_225636,Transolver,42,True,400,3178,-6.25,0.1336102819781233,0.2388193,True,False,False,0.2081003189086914,0.3578470349311828,0.3578470349311828,132642488.0,0.2483945339918136,0.2483945339918136
camera_ready_hyperelasticity_solver_no_conditioning_0,brief_minnow_20260829_225636,Transolver,42,True,400,3178,-6.25,0.1336102819781233,0.271913685,False,False,False,0.2081003189086914,0.3578470349311828,0.3578470349311828,132642488.0,0.2483945339918136,0.2483945339918136
camera_ready_hyperelasticity_solver_no_conditioning_0,brief_minnow_20260829_225636,Transolver,42,True,400,3178,-6.25,0.1336102819781233,0.30500807,True,False,False,0.2081003189086914,0.3578470349311828,0.3578470349311828,132642488.0,0.2483945339918136,0.2483945339918136
camera_ready_hyperelasticity_solver_no_conditioning_0,brief_minnow_20260829_225636,Transolver,42,True,400,3178,-6.25,0.1336102819781233,0.33522638,False,False,False,0.2081003189086914,0.3578470349311828,0.3578470349311828,132642488.0,0.2483945339918136,0.2483945339918136
camera_ready_hyperelasticity_solver_no_conditioning_0,brief_minnow_20260829_225636,Transolver,42,True,400,3178,-6.25,0.1336102819781233,0.36544469,True,False,False,0.2081003189086914,0.3578470349311828,0.3578470349311828,132642488.0,0.2483945339918136,0.2483945339918136
camera_ready_hyperelasticity_solver_no_conditioning_0,brief_minnow_20260829_225636,Transolver,42,True,400,3178,-6.25,0.1336102819781233,0.40592029,False,False,False,0.2081003189086914,0.3578470349311828,0.3578470349311828,132642488.0,0.2483945339918136,0.2483945339918136
camera_ready_hyperelasticity_solver_no_conditioning_0,brief_minnow_20260829_225636,Transolver,42,True,400,3178,-6.25,0.1336102819781233,0.44639589,True,False,False,0.2081003189086914,0.3578470349311828,0.3578470349311828,132642488.0,0.2483945339918136,0.2483945339918136
camera_ready_hyperelasticity_solver_no_conditioning_0,brief_minnow_20260829_225636,Transolver,42,True,400,3178,-6.25,0.1336102819781233,0.48171154,False,False,False,0.2081003189086914,0.3578470349311828,0.3578470349311828,132642488.0,0.2483945339918136,0.2483945339918136
camera_ready_hyperelasticity_solver_no_conditioning_0,brief_minnow_20260829_225636,Transolver,42,True,400,3178,-6.25,0.1336102819781233,0.51702719,True,False,False,0.2081003189086914,0.3578470349311828,0.3578470349311828,132642488.0,0.2483945339918136,0.2483945339918136
camera_ready_hyperelasticity_solver_no_conditioning_0,brief_minnow_20260829_225636,Transolver,42,True,400,3178,-6.25,0.1336102819781233,0.5478406899999999,False,False,False,0.2081003189086914,0.3578470349311828,0.3578470349311828,132642488.0,0.2483945339918136,0.2483945339918136
camera_ready_hyperelasticity_solver_no_conditioning_0,brief_minnow_20260829_225636,Transolver,42,True,400,3178,-6.25,0.1336102819781233,0.57865419,True,False,False,0.2081003189086914,0.3578470349311828,0.3578470349311828,132642488.0,0.2483945339918136,0.2483945339918136
camera_ready_hyperelasticity_solver_no_conditioning_0,brief_minnow_20260829_225636,Transolver,42,True,400,3178,-6.25,0.1336102819781233,0.6137168049999999,False,False,False,0.2081003189086914,0.3578470349311828,0.3578470349311828,132642488.0,0.2483945339918136,0.2483945339918136
camera_ready_hyperelasticity_solver_no_conditioning_0,brief_minnow_20260829_225636,Transolver,42,True,400,3178,-6.25,0.1336102819781233,0.64877942,True,False,False,0.2081003189086914,0.3578470349311828,0.3578470349311828,132642488.0,0.2483945339918136,0.2483945339918136
camera_ready_hyperelasticity_solver_no_conditioning_0,brief_minnow_20260829_225636,Transolver,42,True,400,3178,-6.25,0.1336102819781233,0.6845273949999999,False,False,False,0.2081003189086914,0.3578470349311828,0.3578470349311828,132642488.0,0.2483945339918136,0.2483945339918136
camera_ready_hyperelasticity_solver_no_conditioning_0,brief_minnow_20260829_225636,Transolver,42,True,400,3178,-6.25,0.1336102819781233,0.72027537,True,False,False,0.2081003189086914,0.3578470349311828,0.3578470349311828,132642488.0,0.2483945339918136,0.2483945339918136
camera_ready_hyperelasticity_solver_no_conditioning_0,brief_minnow_20260829_225636,Transolver,42,True,400,3178,-6.25,0.1336102819781233,0.74875545,False,False,False,0.2081003189086914,0.3578470349311828,0.3578470349311828,132642488.0,0.2483945339918136,0.2483945339918136
camera_ready_hyperelasticity_solver_no_conditioning_0,brief_minnow_20260829_225636,Transolver,42,True,400,3178,-6.25,0.1336102819781233,0.77723553,True,False,False,0.2081003189086914,0.3578470349311828,0.3578470349311828,132642488.0,0.2483945339918136,0.2483945339918136
camera_ready_hyperelasticity_solver_no_conditioning_0,brief_minnow_20260829_225636,Transolver,42,True,400,3178,-6.25,0.1336102819781233,0.811260215,False,False,False,0.2081003189086914,0.3578470349311828,0.3578470349311828,132642488.0,0.2483945339918136,0.2483945339918136
camera_ready_hyperelasticity_solver_no_conditioning_0,brief_minnow_20260829_225636,Transolver,42,True,400,3178,-6.25,0.1336102819781233,0.8452849,True,False,False,0.2081003189086914,0.3578470349311828,0.3578470349311828,132642488.0,0.2483945339918136,0.2483945339918136
camera_ready_hyperelasticity_solver_no_conditioning_0,brief_minnow_20260829_225636,Transolver,42,True,400,3178,-6.25,0.1336102819781233,0.873622825,False,False,False,0.2081003189086914,0.3578470349311828,0.3578470349311828,132642488.0,0.2483945339918136,0.2483945339918136
camera_ready_hyperelasticity_solver_no_conditioning_0,brief_minnow_20260829_225636,Transolver,42,True,400,3178,-6.25,0.1336102819781233,0.90196075,True,False,False,0.2081003189086914,0.3578470349311828,0.3578470349311828,132642488.0,0.2483945339918136,0.2483945339918136
camera_ready_hyperelasticity_solver_no_conditioning_0,brief_minnow_20260829_225636,Transolver,42,True,400,3178,-6.25,0.1336102819781233,0.92846527,False,False,False,0.2081003189086914,0.3578470349311828,0.3578470349311828,132642488.0,0.2483945339918136,0.2483945339918136
camera_ready_hyperelasticity_solver_no_conditioning_0,brief_minnow_20260829_225636,Transolver,42,True,400,3178,-6.25,0.1336102819781233,0.95496979,True,False,False,0.2081003189086914,0.3578470349311828,0.3578470349311828,132642488.0,0.2483945339918136,0.2483945339918136
camera_ready_hyperelasticity_solver_no_conditioning_0,brief_minnow_20260829_225636,Transolver,42,True,400,3178,-6.25,0.1336102819781233,0.977484895,False,False,False,0.2081003189086914,0.3578470349311828,0.3578470349311828,132642488.0,0.2483945339918136,0.2483945339918136
camera_ready_hyperelasticity_solver_no_conditioning_0,brief_minnow_20260829_225636,Transolver,42,True,400,3178,-6.25,0.1336102819781233,1.0,True,False,False,0.2081003189086914,0.3578470349311828,0.3578470349311828,132642488.0,0.2483945339918136,0.2483945339918136
camera_ready_hyperelasticity_solver_no_conditioning_0,brief_minnow_20260829_225636,Transolver,42,True,400,3178,-6.25,0.1336102819781233,1.05,False,True,False,0.2081003189086914,0.3578470349311828,0.3578470349311828,132642488.0,0.2483945339918136,0.2483945339918136
camera_ready_hyperelasticity_solver_no_conditioning_0,brief_minnow_20260829_225636,Transolver,42,True,400,3178,-6.25,0.1336102819781233,1.1,False,True,False,0.2081003189086914,0.3578470349311828,0.3578470349311828,132642488.0,0.2483945339918136,0.2483945339918136
camera_ready_hyperelasticity_solver_no_conditioning_0,brief_minnow_20260829_225636,Transolver,42,True,400,3178,-6.25,0.1336102819781233,1.15,False,True,False,0.2081003189086914,0.3578470349311828,0.3578470349311828,132642488.0,0.2483945339918136,0.2483945339918136
camera_ready_hyperelasticity_solver_no_conditioning_0,brief_minnow_20260829_225636,Transolver,42,True,400,3178,-6.25,0.1336102819781233,1.2,False,True,False,0.2081003189086914,0.3578470349311828,0.3578470349311828,132642488.0,0.2483945339918136,0.2483945339918136
camera_ready_hyperelasticity_solver_no_conditioning_0,flying_colt_20260829_225937,Transolver,43,True,400,3178,-6.25,0.1336102819781233,0.0,True,False,False,0.2244512885808944,0.3548283576965332,0.3548283576965332,143064544.0,0.2475610971450805,0.2475610971450805
camera_ready_hyperelasticity_solver_no_conditioning_0,flying_colt_20260829_225937,Transolver,43,True,400,3178,-6.25,0.1336102819781233,0.04347169,False,False,False,0.2244512885808944,0.3548283576965332,0.3548283576965332,143064544.0,0.2475610971450805,0.2475610971450805
camera_ready_hyperelasticity_solver_no_conditioning_0,flying_colt_20260829_225937,Transolver,43,True,400,3178,-6.25,0.1336102819781233,0.08694338,True,False,False,0.2244512885808944,0.3548283576965332,0.3548283576965332,143064544.0,0.2475610971450805,0.2475610971450805
camera_ready_hyperelasticity_solver_no_conditioning_0,flying_colt_20260829_225937,Transolver,43,True,400,3178,-6.25,0.1336102819781233,0.126637155,False,False,False,0.2244512885808944,0.3548283576965332,0.3548283576965332,143064544.0,0.2475610971450805,0.2475610971450805
camera_ready_hyperelasticity_solver_no_conditioning_0,flying_colt_20260829_225937,Transolver,43,True,400,3178,-6.25,0.1336102819781233,0.16633093,True,False,False,0.2244512885808944,0.3548283576965332,0.3548283576965332,143064544.0,0.2475610971450805,0.2475610971450805
camera_ready_hyperelasticity_solver_no_conditioning_0,flying_colt_20260829_225937,Transolver,43,True,400,3178,-6.25,0.1336102819781233,0.202575115,False,False,False,0.2244512885808944,0.3548283576965332,0.3548283576965332,143064544.0,0.2475610971450805,0.2475610971450805
camera_ready_hyperelasticity_solver_no_conditioning_0,flying_colt_20260829_225937,Transolver,43,True,400,3178,-6.25,0.1336102819781233,0.2388193,True,False,False,0.2244512885808944,0.3548283576965332,0.3548283576965332,143064544.0,0.2475610971450805,0.2475610971450805
camera_ready_hyperelasticity_solver_no_conditioning_0,flying_colt_20260829_225937,Transolver,43,True,400,3178,-6.25,0.1336102819781233,0.271913685,False,False,False,0.2244512885808944,0.3548283576965332,0.3548283576965332,143064544.0,0.2475610971450805,0.2475610971450805
camera_ready_hyperelasticity_solver_no_conditioning_0,flying_colt_20260829_225937,Transolver,43,True,400,3178,-6.25,0.1336102819781233,0.30500807,True,False,False,0.2244512885808944,0.3548283576965332,0.3548283576965332,143064544.0,0.2475610971450805,0.2475610971450805
camera_ready_hyperelasticity_solver_no_conditioning_0,flying_colt_20260829_225937,Transolver,43,True,400,3178,-6.25,0.1336102819781233,0.33522638,False,False,False,0.2244512885808944,0.3548283576965332,0.3548283576965332,143064544.0,0.2475610971450805,0.2475610971450805
camera_ready_hyperelasticity_solver_no_conditioning_0,flying_colt_20260829_225937,Transolver,43,True,400,3178,-6.25,0.1336102819781233,0.36544469,True,False,False,0.2244512885808944,0.3548283576965332,0.3548283576965332,143064544.0,0.2475610971450805,0.2475610971450805
camera_ready_hyperelasticity_solver_no_conditioning_0,flying_colt_20260829_225937,Transolver,43,True,400,3178,-6.25,0.1336102819781233,0.40592029,False,False,False,0.2244512885808944,0.3548283576965332,0.3548283576965332,143064544.0,0.2475610971450805,0.2475610971450805
camera_ready_hyperelasticity_solver_no_conditioning_0,flying_colt_20260829_225937,Transolver,43,True,400,3178,-6.25,0.1336102819781233,0.44639589,True,False,False,0.2244512885808944,0.3548283576965332,0.3548283576965332,143064544.0,0.2475610971450805,0.2475610971450805
camera_ready_hyperelasticity_solver_no_conditioning_0,flying_colt_20260829_225937,Transolver,43,True,400,3178,-6.25,0.1336102819781233,0.48171154,False,False,False,0.2244512885808944,0.3548283576965332,0.3548283576965332,143064544.0,0.2475610971450805,0.2475610971450805
camera_ready_hyperelasticity_solver_no_conditioning_0,flying_colt_20260829_225937,Transolver,43,True,400,3178,-6.25,0.1336102819781233,0.51702719,True,False,False,0.2244512885808944,0.3548283576965332,0.3548283576965332,143064544.0,0.2475610971450805,0.2475610971450805
camera_ready_hyperelasticity_solver_no_conditioning_0,flying_colt_20260829_225937,Transolver,43,True,400,3178,-6.25,0.1336102819781233,0.5478406899999999,False,False,False,0.2244512885808944,0.3548283576965332,0.3548283576965332,143064544.0,0.2475610971450805,0.2475610971450805
camera_ready_hyperelasticity_solver_no_conditioning_0,flying_colt_20260829_225937,Transolver,43,True,400,3178,-6.25,0.1336102819781233,0.57865419,True,False,False,0.2244512885808944,0.3548283576965332,0.3548283576965332,143064544.0,0.2475610971450805,0.2475610971450805
camera_ready_hyperelasticity_solver_no_conditioning_0,flying_colt_20260829_225937,Transolver,43,True,400,3178,-6.25,0.1336102819781233,0.6137168049999999,False,False,False,0.2244512885808944,0.3548283576965332,0.3548283576965332,143064544.0,0.2475610971450805,0.2475610971450805
camera_ready_hyperelasticity_solver_no_conditioning_0,flying_colt_20260829_225937,Transolver,43,True,400,3178,-6.25,0.1336102819781233,0.64877942,True,False,False,0.2244512885808944,0.3548283576965332,0.3548283576965332,143064544.0,0.2475610971450805,0.2475610971450805
camera_ready_hyperelasticity_solver_no_conditioning_0,flying_colt_20260829_225937,Transolver,43,True,400,3178,-6.25,0.1336102819781233,0.6845273949999999,False,False,False,0.2244512885808944,0.3548283576965332,0.3548283576965332,143064544.0,0.2475610971450805,0.2475610971450805
camera_ready_hyperelasticity_solver_no_conditioning_0,flying_colt_20260829_225937,Transolver,43,True,400,3178,-6.25,0.1336102819781233,0.72027537,True,False,False,0.2244512885808944,0.3548283576965332,0.3548283576965332,143064544.0,0.2475610971450805,0.2475610971450805
camera_ready_hyperelasticity_solver_no_conditioning_0,flying_colt_20260829_225937,Transolver,43,True,400,3178,-6.25,0.1336102819781233,0.74875545,False,False,False,0.2244512885808944,0.3548283576965332,0.3548283576965332,143064544.0,0.2475610971450805,0.2475610971450805
camera_ready_hyperelasticity_solver_no_conditioning_0,flying_colt_20260829_225937,Transolver,43,True,400,3178,-6.25,0.1336102819781233,0.77723553,True,False,False,0.2244512885808944,0.3548283576965332,0.3548283576965332,143064544.0,0.2475610971450805,0.2475610971450805
camera_ready_hyperelasticity_solver_no_conditioning_0,flying_colt_20260829_225937,Transolver,43,True,400,3178,-6.25,0.1336102819781233,0.811260215,False,False,False,0.2244512885808944,0.3548283576965332,0.3548283576965332,143064544.0,0.2475610971450805,0.2475610971450805
camera_ready_hyperelasticity_solver_no_conditioning_0,flying_colt_20260829_225937,Transolver,43,True,400,3178,-6.25,0.1336102819781233,0.8452849,True,False,False,0.2244512885808944,0.3548283576965332,0.3548283576965332,143064544.0,0.2475610971450805,0.2475610971450805
camera_ready_hyperelasticity_solver_no_conditioning_0,flying_colt_20260829_225937,Transolver,43,True,400,3178,-6.25,0.1336102819781233,0.873622825,False,False,False,0.2244512885808944,0.3548283576965332,0.3548283576965332,143064544.0,0.2475610971450805,0.2475610971450805
camera_ready_hyperelasticity_solver_no_conditioning_0,flying_colt_20260829_225937,Transolver,43,True,400,3178,-6.25,0.1336102819781233,0.90196075,True,False,False,0.2244512885808944,0.3548283576965332,0.3548283576965332,143064544.0,0.2475610971450805,0.2475610971450805
camera_ready_hyperelasticity_solver_no_conditioning_0,flying_colt_20260829_225937,Transolver,43,True,400,3178,-6.25,0.1336102819781233,0.92846527,False,False,False,0.2244512885808944,0.3548283576965332,0.3548283576965332,143064544.0,0.2475610971450805,0.2475610971450805
camera_ready_hyperelasticity_solver_no_conditioning_0,flying_colt_20260829_225937,Transolver,43,True,400,3178,-6.25,0.1336102819781233,0.95496979,True,False,False,0.2244512885808944,0.3548283576965332,0.3548283576965332,143064544.0,0.2475610971450805,0.2475610971450805
camera_ready_hyperelasticity_solver_no_conditioning_0,flying_colt_20260829_225937,Transolver,43,True,400,3178,-6.25,0.1336102819781233,0.977484895,False,False,False,0.2244512885808944,0.3548283576965332,0.3548283576965332,143064544.0,0.2475610971450805,0.2475610971450805
camera_ready_hyperelasticity_solver_no_conditioning_0,flying_colt_20260829_225937,Transolver,43,True,400,3178,-6.25,0.1336102819781233,1.0,True,False,False,0.2244512885808944,0.3548283576965332,0.3548283576965332,143064544.0,0.2475610971450805,0.2475610971450805
camera_ready_hyperelasticity_solver_no_conditioning_0,flying_colt_20260829_225937,Transolver,43,True,400,3178,-6.25,0.1336102819781233,1.05,False,True,False,0.2244512885808944,0.3548283576965332,0.3548283576965332,143064544.0,0.2475610971450805,0.2475610971450805
camera_ready_hyperelasticity_solver_no_conditioning_0,flying_colt_20260829_225937,Transolver,43,True,400,3178,-6.25,0.1336102819781233,1.1,False,True,False,0.2244512885808944,0.3548283576965332,0.3548283576965332,143064544.0,0.2475610971450805,0.2475610971450805
camera_ready_hyperelasticity_solver_no_conditioning_0,flying_colt_20260829_225937,Transolver,43,True,400,3178,-6.25,0.1336102819781233,1.15,False,True,False,0.2244512885808944,0.3548283576965332,0.3548283576965332,143064544.0,0.2475610971450805,0.2475610971450805
camera_ready_hyperelasticity_solver_no_conditioning_0,flying_colt_20260829_225937,Transolver,43,True,400,3178,-6.25,0.1336102819781233,1.2,False,True,False,0.2244512885808944,0.3548283576965332,0.3548283576965332,143064544.0,0.2475610971450805,0.2475610971450805
camera_ready_hyperelasticity_solver_no_conditioning_0,equal_frog_20260829_230236,Transolver,44,True,400,3178,-6.25,0.1336102819781233,0.0,True,False,False,0.1813699901103973,0.3503940403461456,0.3503940403461456,115604648.0,0.2470880597829818,0.2470880597829818
camera_ready_hyperelasticity_solver_no_conditioning_0,equal_frog_20260829_230236,Transolver,44,True,400,3178,-6.25,0.1336102819781233,0.04347169,False,False,False,0.1813699901103973,0.3503940403461456,0.3503940403461456,115604648.0,0.2470880597829818,0.2470880597829818
camera_ready_hyperelasticity_solver_no_conditioning_0,equal_frog_20260829_230236,Transolver,44,True,400,3178,-6.25,0.1336102819781233,0.08694338,True,False,False,0.1813699901103973,0.3503940403461456,0.3503940403461456,115604648.0,0.2470880597829818,0.2470880597829818
camera_ready_hyperelasticity_solver_no_conditioning_0,equal_frog_20260829_230236,Transolver,44,True,400,3178,-6.25,0.1336102819781233,0.126637155,False,False,False,0.1813699901103973,0.3503940403461456,0.3503940403461456,115604648.0,0.2470880597829818,0.2470880597829818
camera_ready_hyperelasticity_solver_no_conditioning_0,equal_frog_20260829_230236,Transolver,44,True,400,3178,-6.25,0.1336102819781233,0.16633093,True,False,False,0.1813699901103973,0.3503940403461456,0.3503940403461456,115604648.0,0.2470880597829818,0.2470880597829818
camera_ready_hyperelasticity_solver_no_conditioning_0,equal_frog_20260829_230236,Transolver,44,True,400,3178,-6.25,0.1336102819781233,0.202575115,False,False,False,0.1813699901103973,0.3503940403461456,0.3503940403461456,115604648.0,0.2470880597829818,0.2470880597829818
camera_ready_hyperelasticity_solver_no_conditioning_0,equal_frog_20260829_230236,Transolver,44,True,400,3178,-6.25,0.1336102819781233,0.2388193,True,False,False,0.1813699901103973,0.3503940403461456,0.3503940403461456,115604648.0,0.2470880597829818,0.2470880597829818
camera_ready_hyperelasticity_solver_no_conditioning_0,equal_frog_20260829_230236,Transolver,44,True,400,3178,-6.25,0.1336102819781233,0.271913685,False,False,False,0.1813699901103973,0.3503940403461456,0.3503940403461456,115604648.0,0.2470880597829818,0.2470880597829818
camera_ready_hyperelasticity_solver_no_conditioning_0,equal_frog_20260829_230236,Transolver,44,True,400,3178,-6.25,0.1336102819781233,0.30500807,True,False,False,0.1813699901103973,0.3503940403461456,0.3503940403461456,115604648.0,0.2470880597829818,0.2470880597829818
camera_ready_hyperelasticity_solver_no_conditioning_0,equal_frog_20260829_230236,Transolver,44,True,400,3178,-6.25,0.1336102819781233,0.33522638,False,False,False,0.1813699901103973,0.3503940403461456,0.3503940403461456,115604648.0,0.2470880597829818,0.2470880597829818
camera_ready_hyperelasticity_solver_no_conditioning_0,equal_frog_20260829_230236,Transolver,44,True,400,3178,-6.25,0.1336102819781233,0.36544469,True,False,False,0.1813699901103973,0.3503940403461456,0.3503940403461456,115604648.0,0.2470880597829818,0.2470880597829818
camera_ready_hyperelasticity_solver_no_conditioning_0,equal_frog_20260829_230236,Transolver,44,True,400,3178,-6.25,0.1336102819781233,0.40592029,False,False,False,0.1813699901103973,0.3503940403461456,0.3503940403461456,115604648.0,0.2470880597829818,0.2470880597829818
camera_ready_hyperelasticity_solver_no_conditioning_0,equal_frog_20260829_230236,Transolver,44,True,400,3178,-6.25,0.1336102819781233,0.44639589,True,False,False,0.1813699901103973,0.3503940403461456,0.3503940403461456,115604648.0,0.2470880597829818,0.2470880597829818
camera_ready_hyperelasticity_solver_no_conditioning_0,equal_frog_20260829_230236,Transolver,44,True,400,3178,-6.25,0.1336102819781233,0.48171154,False,False,False,0.1813699901103973,0.3503940403461456,0.3503940403461456,115604648.0,0.2470880597829818,0.2470880597829818
camera_ready_hyperelasticity_solver_no_conditioning_0,equal_frog_20260829_230236,Transolver,44,True,400,3178,-6.25,0.1336102819781233,0.51702719,True,False,False,0.1813699901103973,0.3503940403461456,0.3503940403461456,115604648.0,0.2470880597829818,0.2470880597829818
camera_ready_hyperelasticity_solver_no_conditioning_0,equal_frog_20260829_230236,Transolver,44,True,400,3178,-6.25,0.1336102819781233,0.5478406899999999,False,False,False,0.1813699901103973,0.3503940403461456,0.3503940403461456,115604648.0,0.2470880597829818,0.2470880597829818
camera_ready_hyperelasticity_solver_no_conditioning_0,equal_frog_20260829_230236,Transolver,44,True,400,3178,-6.25,0.1336102819781233,0.57865419,True,False,False,0.1813699901103973,0.3503940403461456,0.3503940403461456,115604648.0,0.2470880597829818,0.2470880597829818
camera_ready_hyperelasticity_solver_no_conditioning_0,equal_frog_20260829_230236,Transolver,44,True,400,3178,-6.25,0.1336102819781233,0.6137168049999999,False,False,False,0.1813699901103973,0.3503940403461456,0.3503940403461456,115604648.0,0.2470880597829818,0.2470880597829818
camera_ready_hyperelasticity_solver_no_conditioning_0,equal_frog_20260829_230236,Transolver,44,True,400,3178,-6.25,0.1336102819781233,0.64877942,True,False,False,0.1813699901103973,0.3503940403461456,0.3503940403461456,115604648.0,0.2470880597829818,0.2470880597829818
camera_ready_hyperelasticity_solver_no_conditioning_0,equal_frog_20260829_230236,Transolver,44,True,400,3178,-6.25,0.1336102819781233,0.6845273949999999,False,False,False,0.1813699901103973,0.3503940403461456,0.3503940403461456,115604648.0,0.2470880597829818,0.2470880597829818
camera_ready_hyperelasticity_solver_no_conditioning_0,equal_frog_20260829_230236,Transolver,44,True,400,3178,-6.25,0.1336102819781233,0.72027537,True,False,False,0.1813699901103973,0.3503940403461456,0.3503940403461456,115604648.0,0.2470880597829818,0.2470880597829818
camera_ready_hyperelasticity_solver_no_conditioning_0,equal_frog_20260829_230236,Transolver,44,True,400,3178,-6.25,0.1336102819781233,0.74875545,False,False,False,0.1813699901103973,0.3503940403461456,0.3503940403461456,115604648.0,0.2470880597829818,0.2470880597829818
camera_ready_hyperelasticity_solver_no_conditioning_0,equal_frog_20260829_230236,Transolver,44,True,400,3178,-6.25,0.1336102819781233,0.77723553,True,False,False,0.1813699901103973,0.3503940403461456,0.3503940403461456,115604648.0,0.2470880597829818,0.2470880597829818
camera_ready_hyperelasticity_solver_no_conditioning_0,equal_frog_20260829_230236,Transolver,44,True,400,3178,-6.25,0.1336102819781233,0.811260215,False,False,False,0.1813699901103973,0.3503940403461456,0.3503940403461456,115604648.0,0.2470880597829818,0.2470880597829818
camera_ready_hyperelasticity_solver_no_conditioning_0,equal_frog_20260829_230236,Transolver,44,True,400,3178,-6.25,0.1336102819781233,0.8452849,True,False,False,0.1813699901103973,0.3503940403461456,0.3503940403461456,115604648.0,0.2470880597829818,0.2470880597829818
camera_ready_hyperelasticity_solver_no_conditioning_0,equal_frog_20260829_230236,Transolver,44,True,400,3178,-6.25,0.1336102819781233,0.873622825,False,False,False,0.1813699901103973,0.3503940403461456,0.3503940403461456,115604648.0,0.2470880597829818,0.2470880597829818
camera_ready_hyperelasticity_solver_no_conditioning_0,equal_frog_20260829_230236,Transolver,44,True,400,3178,-6.25,0.1336102819781233,0.90196075,True,False,False,0.1813699901103973,0.3503940403461456,0.3503940403461456,115604648.0,0.2470880597829818,0.2470880597829818
camera_ready_hyperelasticity_solver_no_conditioning_0,equal_frog_20260829_230236,Transolver,44,True,400,3178,-6.25,0.1336102819781233,0.92846527,False,False,False,0.1813699901103973,0.3503940403461456,0.3503940403461456,115604648.0,0.2470880597829818,0.2470880597829818
camera_ready_hyperelasticity_solver_no_conditioning_0,equal_frog_20260829_230236,Transolver,44,True,400,3178,-6.25,0.1336102819781233,0.95496979,True,False,False,0.1813699901103973,0.3503940403461456,0.3503940403461456,115604648.0,0.2470880597829818,0.2470880597829818
camera_ready_hyperelasticity_solver_no_conditioning_0,equal_frog_20260829_230236,Transolver,44,True,400,3178,-6.25,0.1336102819781233,0.977484895,False,False,False,0.1813699901103973,0.3503940403461456,0.3503940403461456,115604648.0,0.2470880597829818,0.2470880597829818
camera_ready_hyperelasticity_solver_no_conditioning_0,equal_frog_20260829_230236,Transolver,44,True,400,3178,-6.25,0.1336102819781233,1.0,True,False,False,0.1813699901103973,0.3503940403461456,0.3503940403461456,115604648.0,0.2470880597829818,0.2470880597829818
camera_ready_hyperelasticity_solver_no_conditioning_0,equal_frog_20260829_230236,Transolver,44,True,400,3178,-6.25,0.1336102819781233,1.05,False,True,False,0.1813699901103973,0.3503940403461456,0.3503940403461456,115604648.0,0.2470880597829818,0.2470880597829818
camera_ready_hyperelasticity_solver_no_conditioning_0,equal_frog_20260829_230236,Transolver,44,True,400,3178,-6.25,0.1336102819781233,1.1,False,True,False,0.1813699901103973,0.3503940403461456,0.3503940403461456,115604648.0,0.2470880597829818,0.2470880597829818
camera_ready_hyperelasticity_solver_no_conditioning_0,equal_frog_20260829_230236,Transolver,44,True,400,3178,-6.25,0.1336102819781233,1.15,False,True,False,0.1813699901103973,0.3503940403461456,0.3503940403461456,115604648.0,0.2470880597829818,0.2470880597829818
camera_ready_hyperelasticity_solver_no_conditioning_0,equal_frog_20260829_230236,Transolver,44,True,400,3178,-6.25,0.1336102819781233,1.2,False,True,False,0.1813699901103973,0.3503940403461456,0.3503940403461456,115604648.0,0.2470880597829818,0.2470880597829818
camera_ready_hyperelasticity_solver_truncation_0,awake_shad_20260808_065617,Transolver,43,False,400,3178,-6.25,0.1336102819781233,0.0,True,False,True,0.3356917798519134,0.4653188586235046,0.4653188586235046,213968880.0,0.3180467188358307,0.3180466890335083
camera_ready_hyperelasticity_solver_truncation_0,awake_shad_20260808_065617,Transolver,43,False,400,3178,-6.25,0.1336102819781233,0.04347169,False,False,True,0.2697394788265228,0.4155412018299103,0.4155412018299103,171931120.0,0.2842037677764892,0.2842037677764892
camera_ready_hyperelasticity_solver_truncation_0,awake_shad_20260808_065617,Transolver,43,False,400,3178,-6.25,0.1336102819781233,0.08694338,True,False,True,0.2727615237236023,0.4179332852363586,0.4179332852363586,173857344.0,0.2858888804912567,0.2858888804912567
camera_ready_hyperelasticity_solver_truncation_0,awake_shad_20260808_065617,Transolver,43,False,400,3178,-6.25,0.1336102819781233,0.126637155,False,False,True,0.1872792094945907,0.3426249027252197,0.3426249027252197,119371176.0,0.2342773675918579,0.2342773973941803
camera_ready_hyperelasticity_solver_truncation_0,awake_shad_20260808_065617,Transolver,43,False,400,3178,-6.25,0.1336102819781233,0.16633093,True,False,True,0.2235043942928314,0.3770312964916229,0.3770312964916229,142460992.0,0.2577850520610809,0.2577850520610809
camera_ready_hyperelasticity_solver_truncation_0,awake_shad_20260808_065617,Transolver,43,False,400,3178,-6.25,0.1336102819781233,0.202575115,False,False,True,0.1953595876693725,0.3505643904209137,0.3505643904209137,124521592.0,0.2396891266107559,0.2396891266107559
camera_ready_hyperelasticity_solver_truncation_0,awake_shad_20260808_065617,Transolver,43,False,400,3178,-6.25,0.1336102819781233,0.2388193,True,False,True,0.1816569864749908,0.3376267552375793,0.3376267850399017,115787592.0,0.2307112365961074,0.2307112365961074
camera_ready_hyperelasticity_solver_truncation_0,awake_shad_20260808_065617,Transolver,43,False,400,3178,-6.25,0.1336102819781233,0.271913685,False,False,True,0.1784448325634002,0.334134578704834,0.3341345489025116,113740176.0,0.2283722907304763,0.2283722907304763
camera_ready_hyperelasticity_solver_truncation_0,awake_shad_20260808_065617,Transolver,43,False,400,3178,-6.25,0.1336102819781233,0.30500807,True,False,True,0.1481692194938659,0.302856832742691,0.302856832742691,94442600.0,0.2069872170686721,0.2069872170686721
camera_ready_hyperelasticity_solver_truncation_0,awake_shad_20260808_065617,Transolver,43,False,400,3178,-6.25,0.1336102819781233,0.33522638,False,False,True,0.1208444163203239,0.2700812816619873,0.2700812816619873,77025856.0,0.1845750361680984,0.1845750361680984
camera_ready_hyperelasticity_solver_truncation_0,awake_shad_20260808_065617,Transolver,43,False,400,3178,-6.25,0.1336102819781233,0.36544469,True,False,True,0.1286718398332595,0.279033750295639,0.279033750295639,82015032.0,0.1906186491250991,0.1906186491250991
camera_ready_hyperelasticity_solver_truncation_0,awake_shad_20260808_065617,Transolver,43,False,400,3178,-6.25,0.1336102819781233,0.40592029,False,False,True,0.0616966001689434,0.1932421326637268,0.1932421326637268,39325228.0,0.1364969462156295,0.1364969462156295
camera_ready_hyperelasticity_solver_truncation_0,awake_shad_20260808_065617,Transolver,43,False,400,3178,-6.25,0.1336102819781233,0.44639589,True,False,True,0.099821425974369,0.2425679266452789,0.2425679266452789,63625868.0,0.1660559326410293,0.1660559326410293
camera_ready_hyperelasticity_solver_truncation_0,awake_shad_20260808_065617,Transolver,43,False,400,3178,-6.25,0.1336102819781233,0.48171154,False,False,True,0.0916797667741775,0.2313048839569091,0.2313048839569091,58436400.0,0.158246174454689,0.158246174454689
camera_ready_hyperelasticity_solver_truncation_0,awake_shad_20260808_065617,Transolver,43,False,400,3178,-6.25,0.1336102819781233,0.51702719,True,False,True,0.0763663724064827,0.208036184310913,0.208036184310913,48675684.0,0.1424257457256317,0.1424257457256317
camera_ready_hyperelasticity_solver_truncation_0,awake_shad_20260808_065617,Transolver,43,False,400,3178,-6.25,0.1336102819781233,0.5478406899999999,False,False,True,0.1284908354282379,0.2963044345378876,0.2963044345378876,81899656.0,0.21143639087677,0.21143639087677
camera_ready_hyperelasticity_solver_truncation_0,awake_shad_20260808_065617,Transolver,43,False,400,3178,-6.25,0.1336102819781233,0.57865419,True,False,True,0.0645080879330635,0.1893040686845779,0.1893040686845779,41117252.0,0.1303085684776306,0.1303085684776306
camera_ready_hyperelasticity_solver_truncation_0,awake_shad_20260808_065617,Transolver,43,False,400,3178,-6.25,0.1336102819781233,0.6137168049999999,False,False,True,0.0410187169909477,0.1514179557561874,0.1514179557561874,26145202.0,0.1075469553470611,0.1075469553470611
camera_ready_hyperelasticity_solver_truncation_0,awake_shad_20260808_065617,Transolver,43,False,400,3178,-6.25,0.1336102819781233,0.64877942,True,False,True,0.0471386834979057,0.158559188246727,0.158559188246727,30046050.0,0.1091012209653854,0.1091012209653854
camera_ready_hyperelasticity_solver_truncation_0,awake_shad_20260808_065617,Transolver,43,False,400,3178,-6.25,0.1336102819781233,0.6845273949999999,False,False,True,0.0627611503005027,0.1854550093412399,0.1854550093412399,40003764.0,0.1269349306821823,0.1269349306821823
camera_ready_hyperelasticity_solver_truncation_0,awake_shad_20260808_065617,Transolver,43,False,400,3178,-6.25,0.1336102819781233,0.72027537,True,False,True,0.0363341756165027,0.1345407515764236,0.1345407515764236,23159290.0,0.0929007679224014,0.0929007679224014
camera_ready_hyperelasticity_solver_truncation_0,awake_shad_20260808_065617,Transolver,43,False,400,3178,-6.25,0.1336102819781233,0.74875545,False,False,True,0.060503676533699,0.1812536865472793,0.1812536865472793,38564856.0,0.1240504011511802,0.1240504011511802
camera_ready_hyperelasticity_solver_truncation_0,awake_shad_20260808_065617,Transolver,43,False,400,3178,-6.25,0.1336102819781233,0.77723553,True,False,True,0.0312583409249782,0.1225204542279243,0.1225204542279243,19923970.0,0.0865800529718399,0.0865800529718399
camera_ready_hyperelasticity_solver_truncation_0,awake_shad_20260808_065617,Transolver,43,False,400,3178,-6.25,0.1336102819781233,0.811260215,False,False,True,0.0417895726859569,0.1452309638261795,0.1452309638261795,26636544.0,0.1000490486621856,0.1000490486621856
camera_ready_hyperelasticity_solver_truncation_0,awake_shad_20260808_065617,Transolver,43,False,400,3178,-6.25,0.1336102819781233,0.8452849,True,False,True,0.0263870488852262,0.1090057045221328,0.1090057045221328,16819024.0,0.0767326056957244,0.0767326056957244
camera_ready_hyperelasticity_solver_truncation_0,awake_shad_20260808_065617,Transolver,43,False,400,3178,-6.25,0.1336102819781233,0.873622825,False,False,True,0.1221974715590477,0.2711006999015808,0.2711006999015808,77888288.0,0.1854618936777115,0.1854618936777115
camera_ready_hyperelasticity_solver_truncation_0,awake_shad_20260808_065617,Transolver,43,False,400,3178,-6.25,0.1336102819781233,0.90196075,True,False,True,0.0253618136048316,0.1074832901358604,0.1074832901358604,16165540.0,0.076548621058464,0.076548621058464
camera_ready_hyperelasticity_solver_truncation_0,awake_shad_20260808_065617,Transolver,43,False,400,3178,-6.25,0.1336102819781233,0.92846527,False,False,True,0.0766301304101944,0.207947239279747,0.207947239279747,48843804.0,0.1421549320220947,0.1421549320220947
camera_ready_hyperelasticity_solver_truncation_0,awake_shad_20260808_065617,Transolver,43,False,400,3178,-6.25,0.1336102819781233,0.95496979,True,False,True,0.0241129975765943,0.1052144020795822,0.1052144020795822,15369547.0,0.0744106322526931,0.0744106322526931
camera_ready_hyperelasticity_solver_truncation_0,awake_shad_20260808_065617,Transolver,43,False,400,3178,-6.25,0.1336102819781233,0.977484895,False,False,True,0.0285833701491355,0.1151944324374198,0.1151944324374198,18218952.0,0.0804138556122779,0.0804138556122779
camera_ready_hyperelasticity_solver_truncation_0,awake_shad_20260808_065617,Transolver,43,False,400,3178,-6.25,0.1336102819781233,1.0,True,False,True,0.0239564757794141,0.1048945039510726,0.1048945188522338,15269783.0,0.0741805806756019,0.0741805806756019
camera_ready_hyperelasticity_solver_truncation_0,awake_shad_20260808_065617,Transolver,43,False,400,3178,-6.25,0.1336102819781233,1.05,False,True,True,0.0567797161638736,0.1691109985113144,0.1691109985113144,36191216.0,0.1230338960886001,0.1230338960886001
camera_ready_hyperelasticity_solver_truncation_0,awake_shad_20260808_065617,Transolver,43,False,400,3178,-6.25,0.1336102819781233,1.1,False,True,True,0.0840248465538024,0.2320432960987091,0.2320432960987091,53557172.0,0.1697676330804824,0.1697676330804824
camera_ready_hyperelasticity_solver_truncation_0,awake_shad_20260808_065617,Transolver,43,False,400,3178,-6.25,0.1336102819781233,1.15,False,True,True,0.0358491651713848,0.1382364481687545,0.1382364332675933,22850144.0,0.0989498943090438,0.0989498943090438
camera_ready_hyperelasticity_solver_truncation_0,awake_shad_20260808_065617,Transolver,43,False,400,3178,-6.25,0.1336102819781233,1.2,False,True,True,0.0411710739135742,0.1465613096952438,0.1465613096952438,26242316.0,0.1048784554004669,0.1048784628510475
camera_ready_hyperelasticity_solver_truncation_0,above_bream_20260810_085828,Transolver,43,False,1600,10578,-3.59375,0.2411013910592328,0.0,True,False,True,0.317046046257019,0.4697770774364471,0.4697770774364471,217661664.0,0.3201936483383178,0.3201936483383178
camera_ready_hyperelasticity_solver_truncation_0,above_bream_20260810_085828,Transolver,43,False,1600,10578,-3.59375,0.2411013910592328,0.04347169,False,False,True,0.270914614200592,0.4342009723186493,0.4342009723186493,185991040.0,0.2961574792861938,0.2961574792861938
camera_ready_hyperelasticity_solver_truncation_0,above_bream_20260810_085828,Transolver,43,False,1600,10578,-3.59375,0.2411013910592328,0.08694338,True,False,True,0.2560101449489593,0.4215332567691803,0.4215332865715027,175758672.0,0.2873868346214294,0.2873868346214294
camera_ready_hyperelasticity_solver_truncation_0,above_bream_20260810_085828,Transolver,43,False,1600,10578,-3.59375,0.2411013910592328,0.126637155,False,False,True,0.2141261249780655,0.3844159245491028,0.3844159245491028,147004032.0,0.2623368203639984,0.2623368203639984
camera_ready_hyperelasticity_solver_truncation_0,above_bream_20260810_085828,Transolver,43,False,1600,10578,-3.59375,0.2411013910592328,0.16633093,True,False,True,0.2087827175855636,0.3794116377830505,0.3794116377830505,143335616.0,0.2587311267852783,0.2587311267852783
camera_ready_hyperelasticity_solver_truncation_0,above_bream_20260810_085828,Transolver,43,False,1600,10578,-3.59375,0.2411013910592328,0.202575115,False,False,True,0.1925617754459381,0.3636658489704132,0.3636658489704132,132199456.0,0.2481086999177932,0.2481086999177932
camera_ready_hyperelasticity_solver_truncation_0,above_bream_20260810_085828,Transolver,43,False,1600,10578,-3.59375,0.2411013910592328,0.2388193,True,False,True,0.1713332831859588,0.3422112762928009,0.3422112762928009,117625456.0,0.2334948480129242,0.2334949076175689
camera_ready_hyperelasticity_solver_truncation_0,above_bream_20260810_085828,Transolver,43,False,1600,10578,-3.59375,0.2411013910592328,0.271913685,False,False,True,0.1453398466110229,0.3133719861507416,0.3133719861507416,99780176.0,0.2140291780233383,0.2140291929244995
camera_ready_hyperelasticity_solver_truncation_0,above_bream_20260810_085828,Transolver,43,False,1600,10578,-3.59375,0.2411013910592328,0.30500807,True,False,True,0.1408236026763916,0.3087767362594604,0.3087767362594604,96679648.0,0.2107536494731903,0.2107536494731903
camera_ready_hyperelasticity_solver_truncation_0,above_bream_20260810_085828,Transolver,43,False,1600,10578,-3.59375,0.2411013910592328,0.33522638,False,False,True,0.1160702332854271,0.2767456173896789,0.2767455875873565,79685720.0,0.1887896955013275,0.1887896955013275
camera_ready_hyperelasticity_solver_truncation_0,above_bream_20260810_085828,Transolver,43,False,1600,10578,-3.59375,0.2411013910592328,0.36544469,True,False,True,0.1172933503985405,0.2801784574985504,0.2801784574985504,80525408.0,0.1911893188953399,0.1911893188953399
camera_ready_hyperelasticity_solver_truncation_0,above_bream_20260810_085828,Transolver,43,False,1600,10578,-3.59375,0.2411013910592328,0.40592029,False,False,True,0.0992269739508628,0.2553534507751465,0.2553534507751465,68122304.0,0.1738170534372329,0.1738170683383941
camera_ready_hyperelasticity_solver_truncation_0,above_bream_20260810_085828,Transolver,43,False,1600,10578,-3.59375,0.2411013910592328,0.44639589,True,False,True,0.0899547114968299,0.2430906593799591,0.2430906593799591,61756628.0,0.1657423377037048,0.1657423377037048
camera_ready_hyperelasticity_solver_truncation_0,above_bream_20260810_085828,Transolver,43,False,1600,10578,-3.59375,0.2411013910592328,0.48171154,False,False,True,0.0878064930438995,0.2392485439777374,0.2392485439777374,60281804.0,0.1628037691116333,0.1628037691116333
camera_ready_hyperelasticity_solver_truncation_0,above_bream_20260810_085828,Transolver,43,False,1600,10578,-3.59375,0.2411013910592328,0.51702719,True,False,True,0.0696479082107544,0.2112763971090316,0.2112763822078704,47815388.0,0.1440157294273376,0.1440157294273376
camera_ready_hyperelasticity_solver_truncation_0,above_bream_20260810_085828,Transolver,43,False,1600,10578,-3.59375,0.2411013910592328,0.5478406899999999,False,False,True,0.0475465953350067,0.1727499067783355,0.1727499067783355,32642172.0,0.1182644590735435,0.1182644590735435
camera_ready_hyperelasticity_solver_truncation_0,above_bream_20260810_085828,Transolver,43,False,1600,10578,-3.59375,0.2411013910592328,0.57865419,True,False,True,0.0547588020563125,0.1850739121437072,0.1850739121437072,37593568.0,0.1261673867702484,0.1261673867702484
camera_ready_hyperelasticity_solver_truncation_0,above_bream_20260810_085828,Transolver,43,False,1600,10578,-3.59375,0.2411013910592328,0.6137168049999999,False,False,True,0.0344638712704181,0.1420538276433944,0.1420538276433944,23660484.0,0.0966490805149078,0.0966490805149078
camera_ready_hyperelasticity_solver_truncation_0,above_bream_20260810_085828,Transolver,43,False,1600,10578,-3.59375,0.2411013910592328,0.64877942,True,False,True,0.0407309904694557,0.1570749580860138,0.1570749580860138,27963052.0,0.1071465536952018,0.1071465536952018
camera_ready_hyperelasticity_solver_truncation_0,above_bream_20260810_085828,Transolver,43,False,1600,10578,-3.59375,0.2411013910592328,0.6845273949999999,False,False,True,0.0394874662160873,0.1532806009054184,0.1532806009054184,27109338.0,0.1043023020029068,0.1043023020029068
camera_ready_hyperelasticity_solver_truncation_0,above_bream_20260810_085828,Transolver,43,False,1600,10578,-3.59375,0.2411013910592328,0.72027537,True,False,True,0.0295892748981714,0.1304989159107208,0.1304989159107208,20313928.0,0.0889366790652275,0.0889366865158081
camera_ready_hyperelasticity_solver_truncation_0,above_bream_20260810_085828,Transolver,43,False,1600,10578,-3.59375,0.2411013910592328,0.74875545,False,False,True,0.0464516542851924,0.166080892086029,0.166080892086029,31890462.0,0.1124980747699737,0.1124980747699737
camera_ready_hyperelasticity_solver_truncation_0,above_bream_20260810_085828,Transolver,43,False,1600,10578,-3.59375,0.2411013910592328,0.77723553,True,False,True,0.0225410461425781,0.1115152910351753,0.1115152910351753,15475107.0,0.075908713042736,0.075908713042736
camera_ready_hyperelasticity_solver_truncation_0,above_bream_20260810_085828,Transolver,43,False,1600,10578,-3.59375,0.2411013910592328,0.811260215,False,False,True,0.0204675775021314,0.1073951721191406,0.1073951721191406,14051609.0,0.0741397142410278,0.0741397142410278
camera_ready_hyperelasticity_solver_truncation_0,above_bream_20260810_085828,Transolver,43,False,1600,10578,-3.59375,0.2411013910592328,0.8452849,True,False,True,0.0159383844584226,0.0922455862164497,0.0922455862164497,10942182.0,0.0628812238574028,0.0628812238574028
camera_ready_hyperelasticity_solver_truncation_0,above_bream_20260810_085828,Transolver,43,False,1600,10578,-3.59375,0.2411013910592328,0.873622825,False,False,True,0.0310762766748666,0.1360822468996048,0.1360822468996048,21334800.0,0.0928619652986526,0.0928619652986526
camera_ready_hyperelasticity_solver_truncation_0,above_bream_20260810_085828,Transolver,43,False,1600,10578,-3.59375,0.2411013910592328,0.90196075,True,False,True,0.0122915059328079,0.0797860398888588,0.0797860398888588,8438489.0,0.0547503195703029,0.0547503195703029
camera_ready_hyperelasticity_solver_truncation_0,above_bream_20260810_085828,Transolver,43,False,1600,10578,-3.59375,0.2411013910592328,0.92846527,False,False,True,0.021627964451909,0.1095717549324035,0.1095717549324035,14848246.0,0.0747977569699287,0.0747977569699287
camera_ready_hyperelasticity_solver_truncation_0,above_bream_20260810_085828,Transolver,43,False,1600,10578,-3.59375,0.2411013910592328,0.95496979,True,False,True,0.0099282143637537,0.0722887888550758,0.0722887888550758,6816018.0,0.0496989451348781,0.0496989414095878
camera_ready_hyperelasticity_solver_truncation_0,above_bream_20260810_085828,Transolver,43,False,1600,10578,-3.59375,0.2411013910592328,0.977484895,False,False,True,0.0247135590761899,0.1189729422330856,0.1189729422330856,16966602.0,0.0809335112571716,0.080933503806591
camera_ready_hyperelasticity_solver_truncation_0,above_bream_20260810_085828,Transolver,43,False,1600,10578,-3.59375,0.2411013910592328,1.0,True,False,True,0.0087434072047472,0.0696619376540184,0.0696619376540184,6002612.5,0.048012901097536,0.048012901097536
camera_ready_hyperelasticity_solver_truncation_0,above_bream_20260810_085828,Transolver,43,False,1600,10578,-3.59375,0.2411013910592328,1.05,False,True,True,0.0124751552939414,0.0836661085486412,0.0836661085486412,8564570.0,0.0581994354724884,0.0581994354724884
camera_ready_hyperelasticity_solver_truncation_0,above_bream_20260810_085828,Transolver,43,False,1600,10578,-3.59375,0.2411013910592328,1.1,False,True,True,0.0198377203196287,0.1071255207061767,0.1071255207061767,13619192.0,0.0731442347168922,0.0731442421674728
camera_ready_hyperelasticity_solver_truncation_0,above_bream_20260810_085828,Transolver,43,False,1600,10578,-3.59375,0.2411013910592328,1.15,False,True,True,0.0199357867240905,0.1058579385280609,0.1058579310774803,13686517.0,0.0721759721636772,0.0721759647130966
camera_ready_hyperelasticity_solver_truncation_0,above_bream_20260810_085828,Transolver,43,False,1600,10578,-3.59375,0.2411013910592328,1.2,False,True,True,0.0139986099675297,0.0870952010154724,0.0870952010154724,9610467.0,0.0598116926848888,0.0598116926848888
camera_ready_hyperelasticity_solver_truncation_0,kind_marten_20260808_212527,Transolver,44,False,400,3178,-6.25,0.1336102819781233,0.0,True,False,True,0.3256334662437439,0.4559608995914459,0.4559608995914459,207557760.0,0.3116552829742431,0.3116552829742431
camera_ready_hyperelasticity_solver_truncation_0,kind_marten_20260808_212527,Transolver,44,False,400,3178,-6.25,0.1336102819781233,0.04347169,False,False,True,0.2497792989015579,0.3972438871860504,0.3972438871860504,159208528.0,0.271608829498291,0.271608829498291
camera_ready_hyperelasticity_solver_truncation_0,kind_marten_20260808_212527,Transolver,44,False,400,3178,-6.25,0.1336102819781233,0.08694338,True,False,True,0.2618556022644043,0.4070554375648498,0.4070554375648498,166905952.0,0.2782573401927948,0.2782573401927948
camera_ready_hyperelasticity_solver_truncation_0,kind_marten_20260808_212527,Transolver,44,False,400,3178,-6.25,0.1336102819781233,0.126637155,False,False,True,0.1676771640777588,0.3220099508762359,0.3220099508762359,106876896.0,0.2204630076885223,0.2204630076885223
camera_ready_hyperelasticity_solver_truncation_0,kind_marten_20260808_212527,Transolver,44,False,400,3178,-6.25,0.1336102819781233,0.16633093,True,False,True,0.2113756090402603,0.3640975952148437,0.3640975952148437,134730144.0,0.2492418140172958,0.2492418140172958
camera_ready_hyperelasticity_solver_truncation_0,kind_marten_20260808_212527,Transolver,44,False,400,3178,-6.25,0.1336102819781233,0.202575115,False,False,True,0.1813942641019821,0.3357959687709808,0.3357959687709808,115620144.0,0.2298171073198318,0.2298171073198318
camera_ready_hyperelasticity_solver_truncation_0,kind_marten_20260808_212527,Transolver,44,False,400,3178,-6.25,0.1336102819781233,0.2388193,True,False,True,0.1712618023157119,0.3258166015148163,0.3258166015148163,109161728.0,0.2230364829301834,0.2230364829301834
camera_ready_hyperelasticity_solver_truncation_0,kind_marten_20260808_212527,Transolver,44,False,400,3178,-6.25,0.1336102819781233,0.271913685,False,False,True,0.1662583500146865,0.3206787705421448,0.3206787705421448,105972544.0,0.2195628434419632,0.2195628434419632
camera_ready_hyperelasticity_solver_truncation_0,kind_marten_20260808_212527,Transolver,44,False,400,3178,-6.25,0.1336102819781233,0.30500807,True,False,True,0.1381487995386123,0.2900713682174682,0.2900713980197906,88055616.0,0.1988682001829147,0.1988682001829147
camera_ready_hyperelasticity_solver_truncation_0,kind_marten_20260808_212527,Transolver,44,False,400,3178,-6.25,0.1336102819781233,0.33522638,False,False,True,0.1107961684465408,0.2578160166740417,0.2578160166740417,70621136.0,0.1770922988653183,0.1770922988653183
camera_ready_hyperelasticity_solver_truncation_0,kind_marten_20260808_212527,Transolver,44,False,400,3178,-6.25,0.1336102819781233,0.36544469,True,False,True,0.1170960813760757,0.2664576172828674,0.2664576172828674,74636672.0,0.183186873793602,0.183186873793602
camera_ready_hyperelasticity_solver_truncation_0,kind_marten_20260808_212527,Transolver,44,False,400,3178,-6.25,0.1336102819781233,0.40592029,False,False,True,0.0378129407763481,0.1340252310037613,0.1340252310037613,24101850.0,0.0943885073065757,0.0943885073065757
camera_ready_hyperelasticity_solver_truncation_0,kind_marten_20260808_212527,Transolver,44,False,400,3178,-6.25,0.1336102819781233,0.44639589,True,False,True,0.0857327654957771,0.2227926701307296,0.2227926701307296,54645796.0,0.1531845033168792,0.153184488415718
camera_ready_hyperelasticity_solver_truncation_0,kind_marten_20260808_212527,Transolver,44,False,400,3178,-6.25,0.1336102819781233,0.48171154,False,False,True,0.0855795666575431,0.2233536839485168,0.2233536690473556,54548148.0,0.1536943465471267,0.1536943614482879
camera_ready_hyperelasticity_solver_truncation_0,kind_marten_20260808_212527,Transolver,44,False,400,3178,-6.25,0.1336102819781233,0.51702719,True,False,True,0.0662765502929687,0.1937861442565918,0.1937861442565918,42244468.0,0.1339598894119262,0.1339598894119262
camera_ready_hyperelasticity_solver_truncation_0,kind_marten_20260808_212527,Transolver,44,False,400,3178,-6.25,0.1336102819781233,0.5478406899999999,False,False,True,0.0659614875912666,0.1718118637800216,0.1718118786811828,42043644.0,0.1216224506497383,0.1216224506497383
camera_ready_hyperelasticity_solver_truncation_0,kind_marten_20260808_212527,Transolver,44,False,400,3178,-6.25,0.1336102819781233,0.57865419,True,False,True,0.0506670400500297,0.1645449548959732,0.1645449548959732,32295012.0,0.1137351170182228,0.1137351244688034
camera_ready_hyperelasticity_solver_truncation_0,kind_marten_20260808_212527,Transolver,44,False,400,3178,-6.25,0.1336102819781233,0.6137168049999999,False,False,True,0.0329411886632442,0.122606448829174,0.1226064637303352,20996614.0,0.0864925980567932,0.0864925980567932
camera_ready_hyperelasticity_solver_truncation_0,kind_marten_20260808_212527,Transolver,44,False,400,3178,-6.25,0.1336102819781233,0.64877942,True,False,True,0.0489215962588787,0.1568154096603393,0.1568154096603393,31182474.0,0.1080643087625503,0.1080643087625503
camera_ready_hyperelasticity_solver_truncation_0,kind_marten_20260808_212527,Transolver,44,False,400,3178,-6.25,0.1336102819781233,0.6845273949999999,False,False,True,0.0584999993443489,0.1781807541847229,0.1781807541847229,37287720.0,0.1228659376502037,0.1228659376502037
camera_ready_hyperelasticity_solver_truncation_0,kind_marten_20260808_212527,Transolver,44,False,400,3178,-6.25,0.1336102819781233,0.72027537,True,False,True,0.0346171855926513,0.1256012320518493,0.1256012320518493,22064884.0,0.087698109447956,0.087698109447956
camera_ready_hyperelasticity_solver_truncation_0,kind_marten_20260808_212527,Transolver,44,False,400,3178,-6.25,0.1336102819781233,0.74875545,False,False,True,0.0565171986818313,0.1746986210346222,0.1746986210346222,36023888.0,0.1206268221139907,0.1206268221139907
camera_ready_hyperelasticity_solver_truncation_0,kind_marten_20260808_212527,Transolver,44,False,400,3178,-6.25,0.1336102819781233,0.77723553,True,False,True,0.0269669201225042,0.1117183864116668,0.1117183864116668,17188630.0,0.0788127183914184,0.0788127183914184
camera_ready_hyperelasticity_solver_truncation_0,kind_marten_20260808_212527,Transolver,44,False,400,3178,-6.25,0.1336102819781233,0.811260215,False,False,True,0.0361656844615936,0.1337061673402786,0.1337061673402786,23051896.0,0.0932650789618492,0.0932650789618492
camera_ready_hyperelasticity_solver_truncation_0,kind_marten_20260808_212527,Transolver,44,False,400,3178,-6.25,0.1336102819781233,0.8452849,True,False,True,0.0252721756696701,0.1071390658617019,0.1071390733122825,16108407.0,0.075771227478981,0.075771227478981
camera_ready_hyperelasticity_solver_truncation_0,kind_marten_20260808_212527,Transolver,44,False,400,3178,-6.25,0.1336102819781233,0.873622825,False,False,True,0.1236744001507759,0.2728367745876312,0.2728367745876312,78829672.0,0.1870425939559936,0.1870426088571548
camera_ready_hyperelasticity_solver_truncation_0,kind_marten_20260808_212527,Transolver,44,False,400,3178,-6.25,0.1336102819781233,0.90196075,True,False,True,0.0224498026072978,0.1018090099096298,0.1018090099096298,14309434.0,0.0718452855944633,0.0718452855944633
camera_ready_hyperelasticity_solver_truncation_0,kind_marten_20260808_212527,Transolver,44,False,400,3178,-6.25,0.1336102819781233,0.92846527,False,False,True,0.0646399483084678,0.1887642741203308,0.1887642592191696,41201304.0,0.1301240026950836,0.1301240026950836
camera_ready_hyperelasticity_solver_truncation_0,kind_marten_20260808_212527,Transolver,44,False,400,3178,-6.25,0.1336102819781233,0.95496979,True,False,True,0.0241615790873765,0.1054165884852409,0.1054165884852409,15400516.0,0.0738991573452949,0.0738991573452949
camera_ready_hyperelasticity_solver_truncation_0,kind_marten_20260808_212527,Transolver,44,False,400,3178,-6.25,0.1336102819781233,0.977484895,False,False,True,0.0265160780400037,0.109233520925045,0.109233520925045,16901264.0,0.0766957774758338,0.0766957774758338
camera_ready_hyperelasticity_solver_truncation_0,kind_marten_20260808_212527,Transolver,44,False,400,3178,-6.25,0.1336102819781233,1.0,True,False,True,0.022697290405631,0.1019720733165741,0.1019720584154129,14467180.0,0.0716867372393608,0.0716867372393608
camera_ready_hyperelasticity_solver_truncation_0,kind_marten_20260808_212527,Transolver,44,False,400,3178,-6.25,0.1336102819781233,1.05,False,True,True,0.0557957105338573,0.1587658822536468,0.1587658673524856,35564008.0,0.1135287135839462,0.1135287284851074
camera_ready_hyperelasticity_solver_truncation_0,kind_marten_20260808_212527,Transolver,44,False,400,3178,-6.25,0.1336102819781233,1.1,False,True,True,0.0567335709929466,0.1586222797632217,0.1586222946643829,36161800.0,0.1136084720492363,0.1136084720492363
camera_ready_hyperelasticity_solver_truncation_0,kind_marten_20260808_212527,Transolver,44,False,400,3178,-6.25,0.1336102819781233,1.15,False,True,True,0.0298196487128734,0.1149007752537727,0.1149007603526115,19006952.0,0.0814672857522964,0.0814672857522964
camera_ready_hyperelasticity_solver_truncation_0,kind_marten_20260808_212527,Transolver,44,False,400,3178,-6.25,0.1336102819781233,1.2,False,True,True,0.0301262140274047,0.1161118447780609,0.1161118447780609,19202354.0,0.0827974304556846,0.0827974304556846
camera_ready_hyperelasticity_solver_truncation_0,up_coral_20260810_134340,Transolver,44,False,1600,10578,-3.59375,0.2411013910592328,0.0,True,False,True,0.316153883934021,0.4692531526088714,0.4692531526088714,217049168.0,0.3198806643486023,0.3198806941509247
camera_ready_hyperelasticity_solver_truncation_0,up_coral_20260810_134340,Transolver,44,False,1600,10578,-3.59375,0.2411013910592328,0.04347169,False,False,True,0.2428774684667587,0.4119212925434112,0.4119212925434112,166742720.0,0.2813805341720581,0.2813805341720581
camera_ready_hyperelasticity_solver_truncation_0,up_coral_20260810_134340,Transolver,44,False,1600,10578,-3.59375,0.2411013910592328,0.08694338,True,False,True,0.255061000585556,0.4206985831260681,0.4206985831260681,175107088.0,0.2869119048118591,0.2869119048118591
camera_ready_hyperelasticity_solver_truncation_0,up_coral_20260810_134340,Transolver,44,False,1600,10578,-3.59375,0.2411013910592328,0.126637155,False,False,True,0.2035412490367889,0.3755137324333191,0.3755137324333191,139737200.0,0.2564984858036041,0.2564984858036041
camera_ready_hyperelasticity_solver_truncation_0,up_coral_20260810_134340,Transolver,44,False,1600,10578,-3.59375,0.2411013910592328,0.16633093,True,False,True,0.2078223675489425,0.3787647485733032,0.3787647187709808,142676320.0,0.2583982348442077,0.2583982348442077
camera_ready_hyperelasticity_solver_truncation_0,up_coral_20260810_134340,Transolver,44,False,1600,10578,-3.59375,0.2411013910592328,0.202575115,False,False,True,0.1963863372802734,0.3682586848735809,0.3682586848735809,134825152.0,0.2514469027519226,0.2514469027519226
camera_ready_hyperelasticity_solver_truncation_0,up_coral_20260810_134340,Transolver,44,False,1600,10578,-3.59375,0.2411013910592328,0.2388193,True,False,True,0.1704540699720382,0.341552585363388,0.341552585363388,117021864.0,0.233122780919075,0.233122780919075
camera_ready_hyperelasticity_solver_truncation_0,up_coral_20260810_134340,Transolver,44,False,1600,10578,-3.59375,0.2411013910592328,0.271913685,False,False,True,0.1586445569992065,0.328816294670105,0.328816294670105,108914280.0,0.2244051843881607,0.2244051694869995
camera_ready_hyperelasticity_solver_truncation_0,up_coral_20260810_134340,Transolver,44,False,1600,10578,-3.59375,0.2411013910592328,0.30500807,True,False,True,0.1400886476039886,0.3083038330078125,0.3083038330078125,96175088.0,0.210466057062149,0.210466057062149
camera_ready_hyperelasticity_solver_truncation_0,up_coral_20260810_134340,Transolver,44,False,1600,10578,-3.59375,0.2411013910592328,0.33522638,False,False,True,0.0935695543885231,0.2484965920448303,0.2484966069459915,64238316.0,0.169509932398796,0.169509932398796
camera_ready_hyperelasticity_solver_truncation_0,up_coral_20260810_134340,Transolver,44,False,1600,10578,-3.59375,0.2411013910592328,0.36544469,True,False,True,0.116420954465866,0.2793344855308532,0.2793344557285309,79926496.0,0.1907390356063842,0.1907390356063842
camera_ready_hyperelasticity_solver_truncation_0,up_coral_20260810_134340,Transolver,44,False,1600,10578,-3.59375,0.2411013910592328,0.40592029,False,False,True,0.1016588807106018,0.2589506208896637,0.2589506208896637,69791896.0,0.1764330416917801,0.1764330416917801
camera_ready_hyperelasticity_solver_truncation_0,up_coral_20260810_134340,Transolver,44,False,1600,10578,-3.59375,0.2411013910592328,0.44639589,True,False,True,0.089056484401226,0.2419336289167404,0.2419336289167404,61139964.0,0.1651148200035095,0.1651148200035095
camera_ready_hyperelasticity_solver_truncation_0,up_coral_20260810_134340,Transolver,44,False,1600,10578,-3.59375,0.2411013910592328,0.48171154,False,False,True,0.0805514901876449,0.2285592406988144,0.2285592406988144,55301024.0,0.1557614207267761,0.1557614207267761
camera_ready_hyperelasticity_solver_truncation_0,up_coral_20260810_134340,Transolver,44,False,1600,10578,-3.59375,0.2411013910592328,0.51702719,True,False,True,0.0687896460294723,0.2101816087961197,0.2101816087961197,47226172.0,0.1435021460056305,0.1435021460056305
camera_ready_hyperelasticity_solver_truncation_0,up_coral_20260810_134340,Transolver,44,False,1600,10578,-3.59375,0.2411013910592328,0.5478406899999999,False,False,True,0.0435901693999767,0.164961963891983,0.164961963891983,29925962.0,0.1128582879900932,0.1128582805395126
camera_ready_hyperelasticity_solver_truncation_0,up_coral_20260810_134340,Transolver,44,False,1600,10578,-3.59375,0.2411013910592328,0.57865419,True,False,True,0.0539200454950332,0.1839335560798645,0.1839335560798645,37017732.0,0.1254569292068481,0.1254569143056869
camera_ready_hyperelasticity_solver_truncation_0,up_coral_20260810_134340,Transolver,44,False,1600,10578,-3.59375,0.2411013910592328,0.6137168049999999,False,False,True,0.0309573225677013,0.1341411620378494,0.1341411620378494,21253132.0,0.0911467745900154,0.0911467745900154
camera_ready_hyperelasticity_solver_truncation_0,up_coral_20260810_134340,Transolver,44,False,1600,10578,-3.59375,0.2411013910592328,0.64877942,True,False,True,0.0401790775358676,0.1560585796833038,0.1560585796833038,27584148.0,0.1064699441194534,0.1064699441194534
camera_ready_hyperelasticity_solver_truncation_0,up_coral_20260810_134340,Transolver,44,False,1600,10578,-3.59375,0.2411013910592328,0.6845273949999999,False,False,True,0.0380590707063674,0.1505757719278335,0.1505757719278335,26128702.0,0.1024217531085014,0.1024217531085014
camera_ready_hyperelasticity_solver_truncation_0,up_coral_20260810_134340,Transolver,44,False,1600,10578,-3.59375,0.2411013910592328,0.72027537,True,False,True,0.0287175364792346,0.1288403421640396,0.1288403421640396,19715454.0,0.0877145305275917,0.0877145305275917
camera_ready_hyperelasticity_solver_truncation_0,up_coral_20260810_134340,Transolver,44,False,1600,10578,-3.59375,0.2411013910592328,0.74875545,False,False,True,0.0415362566709518,0.1579062640666961,0.1579062640666961,28515892.0,0.1073086559772491,0.1073086559772491
camera_ready_hyperelasticity_solver_truncation_0,up_coral_20260810_134340,Transolver,44,False,1600,10578,-3.59375,0.2411013910592328,0.77723553,True,False,True,0.0218851380050182,0.1100282669067382,0.1100282669067382,15024808.0,0.0749294459819793,0.0749294385313987
camera_ready_hyperelasticity_solver_truncation_0,up_coral_20260810_134340,Transolver,44,False,1600,10578,-3.59375,0.2411013910592328,0.811260215,False,False,True,0.013522719964385,0.0846699550747871,0.0846699550747871,9283753.0,0.0579288750886917,0.0579288750886917
camera_ready_hyperelasticity_solver_truncation_0,up_coral_20260810_134340,Transolver,44,False,1600,10578,-3.59375,0.2411013910592328,0.8452849,True,False,True,0.0152058685198426,0.0898342803120613,0.0898342803120613,10439286.0,0.0612080506980419,0.0612080506980419
camera_ready_hyperelasticity_solver_truncation_0,up_coral_20260810_134340,Transolver,44,False,1600,10578,-3.59375,0.2411013910592328,0.873622825,False,False,True,0.0316582843661308,0.1359480023384094,0.1359480023384094,21734366.0,0.0922924801707267,0.0922924801707267
camera_ready_hyperelasticity_solver_truncation_0,up_coral_20260810_134340,Transolver,44,False,1600,10578,-3.59375,0.2411013910592328,0.90196075,True,False,True,0.0114071844145655,0.0767679959535598,0.0767679959535598,7831376.5,0.0524575375020504,0.0524575337767601
camera_ready_hyperelasticity_solver_truncation_0,up_coral_20260810_134340,Transolver,44,False,1600,10578,-3.59375,0.2411013910592328,0.92846527,False,False,True,0.0218909513205289,0.1096834316849708,0.1096834316849708,15028797.0,0.0743371620774269,0.0743371620774269
camera_ready_hyperelasticity_solver_truncation_0,up_coral_20260810_134340,Transolver,44,False,1600,10578,-3.59375,0.2411013910592328,0.95496979,True,False,True,0.0090176425874233,0.0685074105858802,0.0685074105858802,6190883.0,0.0470848679542541,0.0470848679542541
camera_ready_hyperelasticity_solver_truncation_0,up_coral_20260810_134340,Transolver,44,False,1600,10578,-3.59375,0.2411013910592328,0.977484895,False,False,True,0.0288489647209644,0.1290329545736313,0.1290329545736313,19805684.0,0.0875017270445823,0.0875017270445823
camera_ready_hyperelasticity_solver_truncation_0,up_coral_20260810_134340,Transolver,44,False,1600,10578,-3.59375,0.2411013910592328,1.0,True,False,True,0.0077279773540794,0.065372422337532,0.065372422337532,5305489.5,0.0449992567300796,0.0449992530047893
camera_ready_hyperelasticity_solver_truncation_0,up_coral_20260810_134340,Transolver,44,False,1600,10578,-3.59375,0.2411013910592328,1.05,False,True,True,0.011375630274415,0.0834293365478515,0.0834293365478515,7809712.0,0.0585511215031147,0.0585511215031147
camera_ready_hyperelasticity_solver_truncation_0,up_coral_20260810_134340,Transolver,44,False,1600,10578,-3.59375,0.2411013910592328,1.1,False,True,True,0.0213548392057418,0.1100286990404129,0.1100286990404129,14660740.0,0.074865698814392,0.074865698814392
camera_ready_hyperelasticity_solver_truncation_0,up_coral_20260810_134340,Transolver,44,False,1600,10578,-3.59375,0.2411013910592328,1.15,False,True,True,0.0200423561036586,0.1063802912831306,0.1063802912831306,13759680.0,0.0725056901574134,0.072505697607994
camera_ready_hyperelasticity_solver_truncation_0,up_coral_20260810_134340,Transolver,44,False,1600,10578,-3.59375,0.2411013910592328,1.2,False,True,True,0.0211144462227821,0.1144395098090171,0.1144395098090171,14495704.0,0.0794935598969459,0.0794935598969459
camera_ready_hyperelasticity_solver_truncation_0,mature_horse_20260810_202401,Transolver,45,False,1600,10578,-3.59375,0.2411013910592328,0.0,True,False,True,0.3161000609397888,0.4691561460494995,0.4691561460494995,217012208.0,0.3197374641895294,0.3197374641895294
camera_ready_hyperelasticity_solver_truncation_0,mature_horse_20260810_202401,Transolver,45,False,1600,10578,-3.59375,0.2411013910592328,0.04347169,False,False,True,0.2473106384277343,0.415308266878128,0.4153082370758056,169786208.0,0.2837196588516235,0.2837196886539459
camera_ready_hyperelasticity_solver_truncation_0,mature_horse_20260810_202401,Transolver,45,False,1600,10578,-3.59375,0.2411013910592328,0.08694338,True,False,True,0.2556321322917938,0.421217679977417,0.421217679977417,175499184.0,0.2871797680854797,0.2871797680854797
camera_ready_hyperelasticity_solver_truncation_0,mature_horse_20260810_202401,Transolver,45,False,1600,10578,-3.59375,0.2411013910592328,0.126637155,False,False,True,0.1883231252431869,0.360536515712738,0.360536515712738,129289496.0,0.2461663484573364,0.2461663484573364
camera_ready_hyperelasticity_solver_truncation_0,mature_horse_20260810_202401,Transolver,45,False,1600,10578,-3.59375,0.2411013910592328,0.16633093,True,False,True,0.2081425786018371,0.3790124952793121,0.3790124952793121,142896160.0,0.2584526538848877,0.2584526538848877
camera_ready_hyperelasticity_solver_truncation_0,mature_horse_20260810_202401,Transolver,45,False,1600,10578,-3.59375,0.2411013910592328,0.202575115,False,False,True,0.1686460077762603,0.3399196565151214,0.3399196565151214,115780576.0,0.2318485826253891,0.2318485826253891
camera_ready_hyperelasticity_solver_truncation_0,mature_horse_20260810_202401,Transolver,45,False,1600,10578,-3.59375,0.2411013910592328,0.2388193,True,False,True,0.170972928404808,0.3421829044818878,0.3421829044818878,117378080.0,0.2334689199924469,0.2334689199924469
camera_ready_hyperelasticity_solver_truncation_0,mature_horse_20260810_202401,Transolver,45,False,1600,10578,-3.59375,0.2411013910592328,0.271913685,False,False,True,0.1580275148153305,0.328470915555954,0.328470915555954,108490648.0,0.224056676030159,0.224056676030159
camera_ready_hyperelasticity_solver_truncation_0,mature_horse_20260810_202401,Transolver,45,False,1600,10578,-3.59375,0.2411013910592328,0.30500807,True,False,True,0.1409224718809127,0.3092181980609894,0.3092181980609894,96747520.0,0.2109860181808471,0.2109860181808471
camera_ready_hyperelasticity_solver_truncation_0,mature_horse_20260810_202401,Transolver,45,False,1600,10578,-3.59375,0.2411013910592328,0.33522638,False,False,True,0.1097379773855209,0.2710414826869964,0.2710414826869964,75338432.0,0.1850809752941131,0.1850809752941131
camera_ready_hyperelasticity_solver_truncation_0,mature_horse_20260810_202401,Transolver,45,False,1600,10578,-3.59375,0.2411013910592328,0.36544469,True,False,True,0.1172147765755653,0.2802824676036834,0.2802824676036834,80471480.0,0.1913780122995376,0.1913780122995376
camera_ready_hyperelasticity_solver_truncation_0,mature_horse_20260810_202401,Transolver,45,False,1600,10578,-3.59375,0.2411013910592328,0.40592029,False,False,True,0.1023651808500289,0.2593424320220947,0.2593424320220947,70276784.0,0.1766768842935562,0.1766768842935562
camera_ready_hyperelasticity_solver_truncation_0,mature_horse_20260810_202401,Transolver,45,False,1600,10578,-3.59375,0.2411013910592328,0.44639589,True,False,True,0.0894013717770576,0.2425106912851333,0.2425106912851333,61376736.0,0.1654430031776428,0.1654430031776428
camera_ready_hyperelasticity_solver_truncation_0,mature_horse_20260810_202401,Transolver,45,False,1600,10578,-3.59375,0.2411013910592328,0.48171154,False,False,True,0.0887673869729042,0.2415588647127151,0.2415588647127151,60941488.0,0.1648108810186386,0.1648108810186386
camera_ready_hyperelasticity_solver_truncation_0,mature_horse_20260810_202401,Transolver,45,False,1600,10578,-3.59375,0.2411013910592328,0.51702719,True,False,True,0.0691909492015838,0.2108738422393798,0.2108738422393798,47501672.0,0.1438237875699997,0.1438237875699997
camera_ready_hyperelasticity_solver_truncation_0,mature_horse_20260810_202401,Transolver,45,False,1600,10578,-3.59375,0.2411013910592328,0.5478406899999999,False,False,True,0.0625191405415535,0.1975133568048477,0.1975133568048477,42921276.0,0.1348010301589965,0.1348010301589965
camera_ready_hyperelasticity_solver_truncation_0,mature_horse_20260810_202401,Transolver,45,False,1600,10578,-3.59375,0.2411013910592328,0.57865419,True,False,True,0.0544462911784648,0.1846081465482711,0.1846081465482711,37379020.0,0.125999242067337,0.125999242067337
camera_ready_hyperelasticity_solver_truncation_0,mature_horse_20260810_202401,Transolver,45,False,1600,10578,-3.59375,0.2411013910592328,0.6137168049999999,False,False,True,0.0409522913396358,0.1566835939884185,0.1566835939884185,28114980.0,0.1067931428551673,0.1067931428551673
camera_ready_hyperelasticity_solver_truncation_0,mature_horse_20260810_202401,Transolver,45,False,1600,10578,-3.59375,0.2411013910592328,0.64877942,True,False,True,0.0403966084122657,0.1563624590635299,0.1563624590635299,27733488.0,0.1066246777772903,0.1066246777772903
camera_ready_hyperelasticity_solver_truncation_0,mature_horse_20260810_202401,Transolver,45,False,1600,10578,-3.59375,0.2411013910592328,0.6845273949999999,False,False,True,0.0366321206092834,0.1483561098575592,0.1483561098575592,25149054.0,0.1009915620088577,0.1009915620088577
camera_ready_hyperelasticity_solver_truncation_0,mature_horse_20260810_202401,Transolver,45,False,1600,10578,-3.59375,0.2411013910592328,0.72027537,True,False,True,0.0288025382906198,0.1290612965822219,0.1290612965822219,19773810.0,0.0879619717597961,0.0879619717597961
camera_ready_hyperelasticity_solver_truncation_0,mature_horse_20260810_202401,Transolver,45,False,1600,10578,-3.59375,0.2411013910592328,0.74875545,False,False,True,0.0384349301457405,0.1522913873195648,0.1522913873195648,26386738.0,0.1036086603999137,0.1036086603999137
camera_ready_hyperelasticity_solver_truncation_0,mature_horse_20260810_202401,Transolver,45,False,1600,10578,-3.59375,0.2411013910592328,0.77723553,True,False,True,0.0219355132430791,0.1103504449129104,0.110350452363491,15059388.0,0.075328305363655,0.075328305363655
camera_ready_hyperelasticity_solver_truncation_0,mature_horse_20260810_202401,Transolver,45,False,1600,10578,-3.59375,0.2411013910592328,0.811260215,False,False,True,0.0231416448950767,0.1148492321372032,0.1148492321372032,15887436.0,0.0786467418074607,0.0786467418074607
camera_ready_hyperelasticity_solver_truncation_0,mature_horse_20260810_202401,Transolver,45,False,1600,10578,-3.59375,0.2411013910592328,0.8452849,True,False,True,0.0155392084270715,0.0910827219486236,0.0910827219486236,10668135.0,0.0623568259179592,0.0623568259179592
camera_ready_hyperelasticity_solver_truncation_0,mature_horse_20260810_202401,Transolver,45,False,1600,10578,-3.59375,0.2411013910592328,0.873622825,False,False,True,0.0243515241891145,0.1177718117833137,0.1177718117833137,16718054.0,0.0798511803150177,0.0798511803150177
camera_ready_hyperelasticity_solver_truncation_0,mature_horse_20260810_202401,Transolver,45,False,1600,10578,-3.59375,0.2411013910592328,0.90196075,True,False,True,0.0118862492963671,0.078134037554264,0.078134037554264,8160268.0,0.0537809915840625,0.0537809915840625
camera_ready_hyperelasticity_solver_truncation_0,mature_horse_20260810_202401,Transolver,45,False,1600,10578,-3.59375,0.2411013910592328,0.92846527,False,False,True,0.0208638105541467,0.1078106984496116,0.107810690999031,14323635.0,0.0733492150902748,0.0733492150902748
camera_ready_hyperelasticity_solver_truncation_0,mature_horse_20260810_202401,Transolver,45,False,1600,10578,-3.59375,0.2411013910592328,0.95496979,True,False,True,0.009695304557681,0.0708066448569297,0.0708066448569297,6656118.5,0.0489322580397129,0.0489322580397129
camera_ready_hyperelasticity_solver_truncation_0,mature_horse_20260810_202401,Transolver,45,False,1600,10578,-3.59375,0.2411013910592328,0.977484895,False,False,True,0.0166332274675369,0.0945868492126464,0.0945868492126464,11419212.0,0.0646437183022499,0.0646437183022499
camera_ready_hyperelasticity_solver_truncation_0,mature_horse_20260810_202401,Transolver,45,False,1600,10578,-3.59375,0.2411013910592328,1.0,True,False,True,0.0084261232987046,0.0678264945745468,0.0678264945745468,5784787.0,0.0468676015734672,0.0468675978481769
camera_ready_hyperelasticity_solver_truncation_0,mature_horse_20260810_202401,Transolver,45,False,1600,10578,-3.59375,0.2411013910592328,1.05,False,True,True,0.0133012328296899,0.0858517363667488,0.0858517363667488,9131697.0,0.0589818879961967,0.0589818805456161
camera_ready_hyperelasticity_solver_truncation_0,mature_horse_20260810_202401,Transolver,45,False,1600,10578,-3.59375,0.2411013910592328,1.1,False,True,True,0.0222217850387096,0.1112756729125976,0.1112756729125976,15255924.0,0.0755971819162368,0.0755971819162368
camera_ready_hyperelasticity_solver_truncation_0,mature_horse_20260810_202401,Transolver,45,False,1600,10578,-3.59375,0.2411013910592328,1.15,False,True,True,0.0262928195297718,0.1224843114614486,0.1224843114614486,18050810.0,0.0833133533596992,0.0833133533596992
camera_ready_hyperelasticity_solver_truncation_0,mature_horse_20260810_202401,Transolver,45,False,1600,10578,-3.59375,0.2411013910592328,1.2,False,True,True,0.0184445697814226,0.0993339493870735,0.0993339493870735,12662753.0,0.0676919594407081,0.0676919594407081
camera_ready_hyperelasticity_solver_truncation_0,up_burro_20260811_002353,Transolver,43,False,6400,25238,-0.3125,0.506880529231249,0.0,True,False,True,0.2670363783836365,0.4689541757106781,0.4689542055130005,216704224.0,0.3200179636478424,0.3200179636478424
camera_ready_hyperelasticity_solver_truncation_0,up_burro_20260811_002353,Transolver,43,False,6400,25238,-0.3125,0.506880529231249,0.04347169,False,False,True,0.1717488318681717,0.3760411143302917,0.3760411143302917,139376896.0,0.2572172880172729,0.2572172880172729
camera_ready_hyperelasticity_solver_truncation_0,up_burro_20260811_002353,Transolver,43,False,6400,25238,-0.3125,0.506880529231249,0.08694338,True,False,True,0.2158775925636291,0.421043187379837,0.421043187379837,175188064.0,0.2874260544776916,0.2874260544776916
camera_ready_hyperelasticity_solver_truncation_0,up_burro_20260811_002353,Transolver,43,False,6400,25238,-0.3125,0.506880529231249,0.126637155,False,False,True,0.1535509526729583,0.354860246181488,0.354860246181488,124609032.0,0.2426582872867584,0.2426582872867584
camera_ready_hyperelasticity_solver_truncation_0,up_burro_20260811_002353,Transolver,43,False,6400,25238,-0.3125,0.506880529231249,0.16633093,True,False,True,0.1761268973350525,0.3790487647056579,0.3790487647056579,142929760.0,0.2589681148529053,0.2589681148529053
camera_ready_hyperelasticity_solver_truncation_0,up_burro_20260811_002353,Transolver,43,False,6400,25238,-0.3125,0.506880529231249,0.202575115,False,False,True,0.141112819314003,0.3391027450561523,0.3391027450561523,114515280.0,0.2318792045116424,0.2318792045116424
camera_ready_hyperelasticity_solver_truncation_0,up_burro_20260811_002353,Transolver,43,False,6400,25238,-0.3125,0.506880529231249,0.2388193,True,False,True,0.1442023366689682,0.3418677449226379,0.3418677449226379,117022480.0,0.233594074845314,0.233594074845314
camera_ready_hyperelasticity_solver_truncation_0,up_burro_20260811_002353,Transolver,43,False,6400,25238,-0.3125,0.506880529231249,0.271913685,False,False,True,0.1014931425452232,0.2862370908260345,0.2862370908260345,82363288.0,0.1957795917987823,0.1957796066999435
camera_ready_hyperelasticity_solver_truncation_0,up_burro_20260811_002353,Transolver,43,False,6400,25238,-0.3125,0.506880529231249,0.30500807,True,False,True,0.1182493641972541,0.3082570433616638,0.3082570433616638,95961224.0,0.21060411632061,0.2106041312217712
camera_ready_hyperelasticity_solver_truncation_0,up_burro_20260811_002353,Transolver,43,False,6400,25238,-0.3125,0.506880529231249,0.33522638,False,False,True,0.0894879028201103,0.2663973569869995,0.2663973569869995,72620840.0,0.1820656359195709,0.1820656359195709
camera_ready_hyperelasticity_solver_truncation_0,up_burro_20260811_002353,Transolver,43,False,6400,25238,-0.3125,0.506880529231249,0.36544469,True,False,True,0.0981260314583778,0.279399961233139,0.279399961233139,79630832.0,0.1908696442842483,0.1908696442842483
camera_ready_hyperelasticity_solver_truncation_0,up_burro_20260811_002353,Transolver,43,False,6400,25238,-0.3125,0.506880529231249,0.40592029,False,False,True,0.0521091520786285,0.2001849263906479,0.2001849263906479,42287404.0,0.1366938650608062,0.1366938650608062
camera_ready_hyperelasticity_solver_truncation_0,up_burro_20260811_002353,Transolver,43,False,6400,25238,-0.3125,0.506880529231249,0.44639589,True,False,True,0.0749648287892341,0.2420397996902465,0.2420397996902465,60835140.0,0.1653245240449905,0.1653245240449905
camera_ready_hyperelasticity_solver_truncation_0,up_burro_20260811_002353,Transolver,43,False,6400,25238,-0.3125,0.506880529231249,0.48171154,False,False,True,0.066655695438385,0.2275588363409042,0.2275588363409042,54092156.0,0.155418649315834,0.155418649315834
camera_ready_hyperelasticity_solver_truncation_0,up_burro_20260811_002353,Transolver,43,False,6400,25238,-0.3125,0.506880529231249,0.51702719,True,False,True,0.058146484196186,0.2110162526369094,0.2110162526369094,47186792.0,0.1440720707178115,0.1440720707178115
camera_ready_hyperelasticity_solver_truncation_0,up_burro_20260811_002353,Transolver,43,False,6400,25238,-0.3125,0.506880529231249,0.5478406899999999,False,False,True,0.0485785566270351,0.1911093294620514,0.1911093294620514,39422264.0,0.1303107589483261,0.1303107589483261
camera_ready_hyperelasticity_solver_truncation_0,up_burro_20260811_002353,Transolver,43,False,6400,25238,-0.3125,0.506880529231249,0.57865419,True,False,True,0.0454566739499568,0.1844769120216369,0.1844769120216369,36888804.0,0.1258910000324249,0.1258910000324249
camera_ready_hyperelasticity_solver_truncation_0,up_burro_20260811_002353,Transolver,43,False,6400,25238,-0.3125,0.506880529231249,0.6137168049999999,False,False,True,0.0315039344131946,0.152029350399971,0.152029350399971,25565940.0,0.1037036255002021,0.1037036255002021
camera_ready_hyperelasticity_solver_truncation_0,up_burro_20260811_002353,Transolver,43,False,6400,25238,-0.3125,0.506880529231249,0.64877942,True,False,True,0.0334543175995349,0.155862420797348,0.155862420797348,27148708.0,0.1062463968992233,0.1062464043498039
camera_ready_hyperelasticity_solver_truncation_0,up_burro_20260811_002353,Transolver,43,False,6400,25238,-0.3125,0.506880529231249,0.6845273949999999,False,False,True,0.0317946337163448,0.1528681367635727,0.1528681218624115,25801848.0,0.1042937561869621,0.1042937561869621
camera_ready_hyperelasticity_solver_truncation_0,up_burro_20260811_002353,Transolver,43,False,6400,25238,-0.3125,0.506880529231249,0.72027537,True,False,True,0.0237864349037408,0.1286436319351196,0.1286436319351196,19303068.0,0.0876202583312988,0.0876202508807182
camera_ready_hyperelasticity_solver_truncation_0,up_burro_20260811_002353,Transolver,43,False,6400,25238,-0.3125,0.506880529231249,0.74875545,False,False,True,0.0257976353168487,0.1366040557622909,0.1366040557622909,20935188.0,0.0932488590478897,0.0932488590478897
camera_ready_hyperelasticity_solver_truncation_0,up_burro_20260811_002353,Transolver,43,False,6400,25238,-0.3125,0.506880529231249,0.77723553,True,False,True,0.0175833031535148,0.1084310263395309,0.1084310263395309,14269130.0,0.073773019015789,0.0737730115652084
camera_ready_hyperelasticity_solver_truncation_0,up_burro_20260811_002353,Transolver,43,False,6400,25238,-0.3125,0.506880529231249,0.811260215,False,False,True,0.0186984296888113,0.1128805875778198,0.1128805950284004,15174069.0,0.0766321271657943,0.0766321271657943
camera_ready_hyperelasticity_solver_truncation_0,up_burro_20260811_002353,Transolver,43,False,6400,25238,-0.3125,0.506880529231249,0.8452849,True,False,True,0.0119310915470123,0.0873135849833488,0.0873135849833488,9682271.0,0.059423666447401,0.059423666447401
camera_ready_hyperelasticity_solver_truncation_0,up_burro_20260811_002353,Transolver,43,False,6400,25238,-0.3125,0.506880529231249,0.873622825,False,False,True,0.0197200253605842,0.1181501597166061,0.1181501597166061,16003112.0,0.0806029886007309,0.0806029886007309
camera_ready_hyperelasticity_solver_truncation_0,up_burro_20260811_002353,Transolver,43,False,6400,25238,-0.3125,0.506880529231249,0.90196075,True,False,True,0.0086461808532476,0.0730478316545486,0.0730478316545486,7016513.5,0.0498207248747348,0.0498207248747348
camera_ready_hyperelasticity_solver_truncation_0,up_burro_20260811_002353,Transolver,43,False,6400,25238,-0.3125,0.506880529231249,0.92846527,False,False,True,0.0117560056969523,0.0879241973161697,0.0879241973161697,9540185.0,0.0598619394004344,0.0598619394004344
camera_ready_hyperelasticity_solver_truncation_0,up_burro_20260811_002353,Transolver,43,False,6400,25238,-0.3125,0.506880529231249,0.95496979,True,False,True,0.0064806132577359,0.063720665872097,0.063720665872097,5259120.0,0.043688416481018,0.043688416481018
camera_ready_hyperelasticity_solver_truncation_0,up_burro_20260811_002353,Transolver,43,False,6400,25238,-0.3125,0.506880529231249,0.977484895,False,False,True,0.0096077760681509,0.0797111541032791,0.0797111466526985,7796862.5,0.0543668232858181,0.0543668270111084
camera_ready_hyperelasticity_solver_truncation_0,up_burro_20260811_002353,Transolver,43,False,6400,25238,-0.3125,0.506880529231249,1.0,True,False,True,0.0052959653548896,0.059679802507162,0.059679802507162,4297759.5,0.0410940572619438,0.0410940572619438
camera_ready_hyperelasticity_solver_truncation_0,up_burro_20260811_002353,Transolver,43,False,6400,25238,-0.3125,0.506880529231249,1.05,False,True,True,0.0098262010142207,0.0802023559808731,0.0802023559808731,7974118.5,0.0544089823961257,0.0544089823961257
camera_ready_hyperelasticity_solver_truncation_0,up_burro_20260811_002353,Transolver,43,False,6400,25238,-0.3125,0.506880529231249,1.1,False,True,True,0.0109949614852666,0.0859540626406669,0.0859540626406669,8922585.0,0.0585987344384193,0.0585987418889999
camera_ready_hyperelasticity_solver_truncation_0,up_burro_20260811_002353,Transolver,43,False,6400,25238,-0.3125,0.506880529231249,1.15,False,True,True,0.0124969128519296,0.091701865196228,0.091701865196228,10141442.0,0.0623720288276672,0.0623720288276672
camera_ready_hyperelasticity_solver_truncation_0,up_burro_20260811_002353,Transolver,43,False,6400,25238,-0.3125,0.506880529231249,1.2,False,True,True,0.0129904756322503,0.0935407057404518,0.0935407057404518,10541976.0,0.063523918390274,0.063523918390274
camera_ready_hyperelasticity_solver_truncation_0,viable_bobcat_20260811_080749,Transolver,44,False,6400,25238,-0.3125,0.506880529231249,0.0,True,False,True,0.2668335437774658,0.4681225121021271,0.4681225121021271,216539632.0,0.3192749321460724,0.3192749321460724
camera_ready_hyperelasticity_solver_truncation_0,viable_bobcat_20260811_080749,Transolver,44,False,6400,25238,-0.3125,0.506880529231249,0.04347169,False,False,True,0.2253704965114593,0.4255133271217346,0.425513356924057,182891712.0,0.288978636264801,0.288978636264801
camera_ready_hyperelasticity_solver_truncation_0,viable_bobcat_20260811_080749,Transolver,44,False,6400,25238,-0.3125,0.506880529231249,0.08694338,True,False,True,0.2162170261144638,0.4207983016967773,0.4207983314990997,175463520.0,0.2871392667293548,0.2871392667293548
camera_ready_hyperelasticity_solver_truncation_0,viable_bobcat_20260811_080749,Transolver,44,False,6400,25238,-0.3125,0.506880529231249,0.126637155,False,False,True,0.1780065447092056,0.3807925879955292,0.3807925879955292,144455104.0,0.2598784863948822,0.2598784863948822
camera_ready_hyperelasticity_solver_truncation_0,viable_bobcat_20260811_080749,Transolver,44,False,6400,25238,-0.3125,0.506880529231249,0.16633093,True,False,True,0.1765577942132949,0.3790229856967926,0.3790229856967926,143279440.0,0.2586910426616668,0.2586910426616668
camera_ready_hyperelasticity_solver_truncation_0,viable_bobcat_20260811_080749,Transolver,44,False,6400,25238,-0.3125,0.506880529231249,0.202575115,False,False,True,0.1271340548992157,0.3197584152221679,0.3197583854198456,103171296.0,0.2182163149118423,0.2182163149118423
camera_ready_hyperelasticity_solver_truncation_0,viable_bobcat_20260811_080749,Transolver,44,False,6400,25238,-0.3125,0.506880529231249,0.2388193,True,False,True,0.1449017077684402,0.3422397077083587,0.3422397077083587,117590032.0,0.2335965782403946,0.2335965782403946
camera_ready_hyperelasticity_solver_truncation_0,viable_bobcat_20260811_080749,Transolver,44,False,6400,25238,-0.3125,0.506880529231249,0.271913685,False,False,True,0.1294506043195724,0.3227489590644836,0.3227489590644836,105051200.0,0.2203118205070495,0.2203118205070495
camera_ready_hyperelasticity_solver_truncation_0,viable_bobcat_20260811_080749,Transolver,44,False,6400,25238,-0.3125,0.506880529231249,0.30500807,True,False,True,0.1198465153574943,0.3098441660404205,0.3098441362380981,97257344.0,0.2114997059106826,0.2114997208118438
camera_ready_hyperelasticity_solver_truncation_0,viable_bobcat_20260811_080749,Transolver,44,False,6400,25238,-0.3125,0.506880529231249,0.33522638,False,False,True,0.0941047966480255,0.2730351090431213,0.2730351090431213,76367528.0,0.186390072107315,0.1863900870084762
camera_ready_hyperelasticity_solver_truncation_0,viable_bobcat_20260811_080749,Transolver,44,False,6400,25238,-0.3125,0.506880529231249,0.36544469,True,False,True,0.0994124040007591,0.2808432579040527,0.2808432579040527,80674728.0,0.1917114406824112,0.1917114406824112
camera_ready_hyperelasticity_solver_truncation_0,viable_bobcat_20260811_080749,Transolver,44,False,6400,25238,-0.3125,0.506880529231249,0.40592029,False,False,True,0.0999044850468635,0.2817800045013428,0.2817800045013428,81074064.0,0.1923462897539138,0.1923462748527526
camera_ready_hyperelasticity_solver_truncation_0,viable_bobcat_20260811_080749,Transolver,44,False,6400,25238,-0.3125,0.506880529231249,0.44639589,True,False,True,0.0755957886576652,0.2425728887319564,0.2425728589296341,61347172.0,0.1655458509922027,0.1655458658933639
camera_ready_hyperelasticity_solver_truncation_0,viable_bobcat_20260811_080749,Transolver,44,False,6400,25238,-0.3125,0.506880529231249,0.48171154,False,False,True,0.0704296454787254,0.2337645441293716,0.2337645441293716,57154772.0,0.1594925075769424,0.1594924926757812
camera_ready_hyperelasticity_solver_truncation_0,viable_bobcat_20260811_080749,Transolver,44,False,6400,25238,-0.3125,0.506880529231249,0.51702719,True,False,True,0.0584929324686527,0.2111034393310547,0.2111034542322158,47467940.0,0.1439960449934005,0.1439960449934005
camera_ready_hyperelasticity_solver_truncation_0,viable_bobcat_20260811_080749,Transolver,44,False,6400,25238,-0.3125,0.506880529231249,0.5478406899999999,False,False,True,0.0478654913604259,0.1892608851194381,0.1892609000205993,38843604.0,0.1289222240447998,0.1289222240447998
camera_ready_hyperelasticity_solver_truncation_0,viable_bobcat_20260811_080749,Transolver,44,False,6400,25238,-0.3125,0.506880529231249,0.57865419,True,False,True,0.0465986914932727,0.1861246526241302,0.1861246526241302,37815572.0,0.1268158555030822,0.1268158555030822
camera_ready_hyperelasticity_solver_truncation_0,viable_bobcat_20260811_080749,Transolver,44,False,6400,25238,-0.3125,0.506880529231249,0.6137168049999999,False,False,True,0.0345146097242832,0.1586436331272125,0.1586436331272125,28009152.0,0.1081141009926796,0.1081141009926796
camera_ready_hyperelasticity_solver_truncation_0,viable_bobcat_20260811_080749,Transolver,44,False,6400,25238,-0.3125,0.506880529231249,0.64877942,True,False,True,0.0340905375778675,0.1565631777048111,0.1565631777048111,27665010.0,0.1065611243247985,0.1065611243247985
camera_ready_hyperelasticity_solver_truncation_0,viable_bobcat_20260811_080749,Transolver,44,False,6400,25238,-0.3125,0.506880529231249,0.6845273949999999,False,False,True,0.0396848246455192,0.1711351871490478,0.1711351871490478,32204864.0,0.116640955209732,0.116640955209732
camera_ready_hyperelasticity_solver_truncation_0,viable_bobcat_20260811_080749,Transolver,44,False,6400,25238,-0.3125,0.506880529231249,0.72027537,True,False,True,0.0241773519665002,0.1289808005094528,0.1289808005094528,19620302.0,0.0876548737287521,0.0876548737287521
camera_ready_hyperelasticity_solver_truncation_0,viable_bobcat_20260811_080749,Transolver,44,False,6400,25238,-0.3125,0.506880529231249,0.74875545,False,False,True,0.0310803838074207,0.1496582627296447,0.1496582627296447,25222224.0,0.1019554734230041,0.1019554734230041
camera_ready_hyperelasticity_solver_truncation_0,viable_bobcat_20260811_080749,Transolver,44,False,6400,25238,-0.3125,0.506880529231249,0.77723553,True,False,True,0.0181661341339349,0.1094854772090911,0.1094854697585105,14742107.0,0.0743170604109764,0.0743170604109764
camera_ready_hyperelasticity_solver_truncation_0,viable_bobcat_20260811_080749,Transolver,44,False,6400,25238,-0.3125,0.506880529231249,0.811260215,False,False,True,0.019846012815833,0.1158422827720642,0.1158422827720642,16105352.0,0.0787724182009697,0.0787724182009697
camera_ready_hyperelasticity_solver_truncation_0,viable_bobcat_20260811_080749,Transolver,44,False,6400,25238,-0.3125,0.506880529231249,0.8452849,True,False,True,0.0126785021275281,0.089116171002388,0.089116171002388,10288805.0,0.0604964606463909,0.0604964606463909
camera_ready_hyperelasticity_solver_truncation_0,viable_bobcat_20260811_080749,Transolver,44,False,6400,25238,-0.3125,0.506880529231249,0.873622825,False,False,True,0.0194814708083868,0.1148382276296615,0.1148382276296615,15809523.0,0.0781175941228866,0.0781175941228866
camera_ready_hyperelasticity_solver_truncation_0,viable_bobcat_20260811_080749,Transolver,44,False,6400,25238,-0.3125,0.506880529231249,0.90196075,True,False,True,0.0093412846326828,0.075472816824913,0.075472816824913,7580600.0,0.0513896755874156,0.0513896755874156
camera_ready_hyperelasticity_solver_truncation_0,viable_bobcat_20260811_080749,Transolver,44,False,6400,25238,-0.3125,0.506880529231249,0.92846527,False,False,True,0.0110350362956523,0.0832443013787269,0.0832443013787269,8955106.0,0.0566231645643711,0.0566231645643711
camera_ready_hyperelasticity_solver_truncation_0,viable_bobcat_20260811_080749,Transolver,44,False,6400,25238,-0.3125,0.506880529231249,0.95496979,True,False,True,0.0071396282874047,0.0666557550430297,0.0666557550430297,5793921.0,0.0456357263028621,0.0456357263028621
camera_ready_hyperelasticity_solver_truncation_0,viable_bobcat_20260811_080749,Transolver,44,False,6400,25238,-0.3125,0.506880529231249,0.977484895,False,False,True,0.0141387246549129,0.0970037430524826,0.0970037430524826,11473799.0,0.0660597905516624,0.0660597905516624
camera_ready_hyperelasticity_solver_truncation_0,viable_bobcat_20260811_080749,Transolver,44,False,6400,25238,-0.3125,0.506880529231249,1.0,True,False,True,0.0058926958590745,0.0627617165446281,0.0627617165446281,4782015.5,0.0431933477520942,0.0431933477520942
camera_ready_hyperelasticity_solver_truncation_0,viable_bobcat_20260811_080749,Transolver,44,False,6400,25238,-0.3125,0.506880529231249,1.05,False,True,True,0.0185991786420345,0.1189216077327728,0.1189216077327728,15093529.0,0.0863764137029647,0.0863764137029647
camera_ready_hyperelasticity_solver_truncation_0,viable_bobcat_20260811_080749,Transolver,44,False,6400,25238,-0.3125,0.506880529231249,1.1,False,True,True,0.0085455290973186,0.0772834196686744,0.0772834196686744,6934832.0,0.0532437898218631,0.0532437898218631
camera_ready_hyperelasticity_solver_truncation_0,viable_bobcat_20260811_080749,Transolver,44,False,6400,25238,-0.3125,0.506880529231249,1.15,False,True,True,0.1256193071603775,0.3201037347316742,0.3201037645339966,101942048.0,0.2302162051200866,0.2302162051200866
camera_ready_hyperelasticity_solver_truncation_0,viable_bobcat_20260811_080749,Transolver,44,False,6400,25238,-0.3125,0.506880529231249,1.2,False,True,True,0.7560026049613953,0.7971833348274231,0.7971833348274231,613508096.0,0.5473927855491638,0.5473927855491638
camera_ready_hyperelasticity_solver_truncation_0,eager_locust_20260811_135140,Transolver,45,False,6400,25238,-0.3125,0.506880529231249,0.0,True,False,True,0.2664134204387665,0.4684735238552093,0.4684734642505646,216198672.0,0.3199250400066376,0.3199250400066376
camera_ready_hyperelasticity_solver_truncation_0,eager_locust_20260811_135140,Transolver,45,False,6400,25238,-0.3125,0.506880529231249,0.04347169,False,False,True,0.2032429426908493,0.4081692099571228,0.4081692099571228,164934864.0,0.279293805360794,0.2792937755584717
camera_ready_hyperelasticity_solver_truncation_0,eager_locust_20260811_135140,Transolver,45,False,6400,25238,-0.3125,0.506880529231249,0.08694338,True,False,True,0.2154281437397003,0.4204801023006439,0.4204801321029663,174823344.0,0.2872445285320282,0.2872445285320282
camera_ready_hyperelasticity_solver_truncation_0,eager_locust_20260811_135140,Transolver,45,False,6400,25238,-0.3125,0.506880529231249,0.126637155,False,False,True,0.1516806781291961,0.350968986749649,0.350968986749649,123091264.0,0.2400409132242202,0.2400409132242202
camera_ready_hyperelasticity_solver_truncation_0,eager_locust_20260811_135140,Transolver,45,False,6400,25238,-0.3125,0.506880529231249,0.16633093,True,False,True,0.1747846454381942,0.377832680940628,0.377832680940628,141840480.0,0.2583109140396118,0.2583109140396118
camera_ready_hyperelasticity_solver_truncation_0,eager_locust_20260811_135140,Transolver,45,False,6400,25238,-0.3125,0.506880529231249,0.202575115,False,False,True,0.1505129188299179,0.3490870296955108,0.3490870296955108,122143592.0,0.2386919558048248,0.2386919260025024
camera_ready_hyperelasticity_solver_truncation_0,eager_locust_20260811_135140,Transolver,45,False,6400,25238,-0.3125,0.506880529231249,0.2388193,True,False,True,0.1434440910816192,0.341151088476181,0.341151088476181,116407144.0,0.2333068549633026,0.2333068549633026
camera_ready_hyperelasticity_solver_truncation_0,eager_locust_20260811_135140,Transolver,45,False,6400,25238,-0.3125,0.506880529231249,0.271913685,False,False,True,0.1265634000301361,0.318656176328659,0.318656176328659,102708192.0,0.2179400771856308,0.2179400771856308
camera_ready_hyperelasticity_solver_truncation_0,eager_locust_20260811_135140,Transolver,45,False,6400,25238,-0.3125,0.506880529231249,0.30500807,True,False,True,0.1178570538759231,0.3078139722347259,0.3078139722347259,95642864.0,0.2105388194322586,0.2105388194322586
camera_ready_hyperelasticity_solver_truncation_0,eager_locust_20260811_135140,Transolver,45,False,6400,25238,-0.3125,0.506880529231249,0.33522638,False,False,True,0.1021196544170379,0.2846511602401733,0.2846511602401733,82871712.0,0.1945740878582,0.1945740878582
camera_ready_hyperelasticity_solver_truncation_0,eager_locust_20260811_135140,Transolver,45,False,6400,25238,-0.3125,0.506880529231249,0.36544469,True,False,True,0.0976202562451362,0.2786418199539184,0.2786418199539184,79220376.0,0.1906107068061828,0.1906107068061828
camera_ready_hyperelasticity_solver_truncation_0,eager_locust_20260811_135140,Transolver,45,False,6400,25238,-0.3125,0.506880529231249,0.40592029,False,False,True,0.0874235033988952,0.261868804693222,0.261868804693222,70945544.0,0.178872063755989,0.178872063755989
camera_ready_hyperelasticity_solver_truncation_0,eager_locust_20260811_135140,Transolver,45,False,6400,25238,-0.3125,0.506880529231249,0.44639589,True,False,True,0.0743848457932472,0.241179421544075,0.241179421544075,60364476.0,0.1650088876485824,0.1650088876485824
camera_ready_hyperelasticity_solver_truncation_0,eager_locust_20260811_135140,Transolver,45,False,6400,25238,-0.3125,0.506880529231249,0.48171154,False,False,True,0.0888801142573356,0.2638860046863556,0.2638860046863556,72127608.0,0.1804175525903701,0.1804175525903701
camera_ready_hyperelasticity_solver_truncation_0,eager_locust_20260811_135140,Transolver,45,False,6400,25238,-0.3125,0.506880529231249,0.51702719,True,False,True,0.0572759322822093,0.2094454318284988,0.20944544672966,46480324.0,0.1433047652244568,0.1433047652244568
camera_ready_hyperelasticity_solver_truncation_0,eager_locust_20260811_135140,Transolver,45,False,6400,25238,-0.3125,0.506880529231249,0.5478406899999999,False,False,True,0.0646445900201797,0.2228307873010635,0.2228307873010635,52460108.0,0.1522490233182907,0.1522490233182907
camera_ready_hyperelasticity_solver_truncation_0,eager_locust_20260811_135140,Transolver,45,False,6400,25238,-0.3125,0.506880529231249,0.57865419,True,False,True,0.0450306572020053,0.1836080253124237,0.1836080253124237,36543092.0,0.1256177574396133,0.1256177574396133
camera_ready_hyperelasticity_solver_truncation_0,eager_locust_20260811_135140,Transolver,45,False,6400,25238,-0.3125,0.506880529231249,0.6137168049999999,False,False,True,0.0330472625792026,0.1550209075212478,0.1550209075212478,26818374.0,0.1059040278196334,0.1059040278196334
camera_ready_hyperelasticity_solver_truncation_0,eager_locust_20260811_135140,Transolver,45,False,6400,25238,-0.3125,0.506880529231249,0.64877942,True,False,True,0.033302903175354,0.155245766043663,0.1552457809448242,27025834.0,0.1061564311385154,0.1061564236879348
camera_ready_hyperelasticity_solver_truncation_0,eager_locust_20260811_135140,Transolver,45,False,6400,25238,-0.3125,0.506880529231249,0.6845273949999999,False,False,True,0.0298231411725282,0.1449019312858581,0.1449019312858581,24201950.0,0.0989136025309562,0.0989136025309562
camera_ready_hyperelasticity_solver_truncation_0,eager_locust_20260811_135140,Transolver,45,False,6400,25238,-0.3125,0.506880529231249,0.72027537,True,False,True,0.0236399713903665,0.1280136257410049,0.1280136257410049,19184210.0,0.0874605476856231,0.0874605402350425
camera_ready_hyperelasticity_solver_truncation_0,eager_locust_20260811_135140,Transolver,45,False,6400,25238,-0.3125,0.506880529231249,0.74875545,False,False,True,0.0258095916360616,0.1348182559013366,0.1348182559013366,20944890.0,0.0920755341649055,0.0920755341649055
camera_ready_hyperelasticity_solver_truncation_0,eager_locust_20260811_135140,Transolver,45,False,6400,25238,-0.3125,0.506880529231249,0.77723553,True,False,True,0.0177448634058237,0.10879847407341,0.10879847407341,14400236.0,0.0743401870131492,0.0743401870131492
camera_ready_hyperelasticity_solver_truncation_0,eager_locust_20260811_135140,Transolver,45,False,6400,25238,-0.3125,0.506880529231249,0.811260215,False,False,True,0.0180867314338684,0.1095881462097168,0.1095881462097168,14677670.0,0.074678361415863,0.074678361415863
camera_ready_hyperelasticity_solver_truncation_0,eager_locust_20260811_135140,Transolver,45,False,6400,25238,-0.3125,0.506880529231249,0.8452849,True,False,True,0.0122636090964078,0.0881916284561157,0.0881916284561157,9952113.0,0.0602857284247875,0.0602857284247875
camera_ready_hyperelasticity_solver_truncation_0,eager_locust_20260811_135140,Transolver,45,False,6400,25238,-0.3125,0.506880529231249,0.873622825,False,False,True,0.0159291252493858,0.1023495495319366,0.1023495569825172,12926738.0,0.0697504729032516,0.069750465452671
camera_ready_hyperelasticity_solver_truncation_0,eager_locust_20260811_135140,Transolver,45,False,6400,25238,-0.3125,0.506880529231249,0.90196075,True,False,True,0.0090446742251515,0.0746792256832122,0.0746792256832122,7339897.0,0.0511415936052799,0.0511415936052799
camera_ready_hyperelasticity_solver_truncation_0,eager_locust_20260811_135140,Transolver,45,False,6400,25238,-0.3125,0.506880529231249,0.92846527,False,False,True,0.0103832250460982,0.0812755674123764,0.0812755674123764,8426151.0,0.05577989295125,0.05577989295125
camera_ready_hyperelasticity_solver_truncation_0,eager_locust_20260811_135140,Transolver,45,False,6400,25238,-0.3125,0.506880529231249,0.95496979,True,False,True,0.007007023319602,0.0662334784865379,0.0662334784865379,5686310.0,0.0455089509487152,0.0455089546740055
camera_ready_hyperelasticity_solver_truncation_0,eager_locust_20260811_135140,Transolver,45,False,6400,25238,-0.3125,0.506880529231249,0.977484895,False,False,True,0.00905432831496,0.0766160637140274,0.0766160637140274,7347730.0,0.0523022301495075,0.0523022301495075
camera_ready_hyperelasticity_solver_truncation_0,eager_locust_20260811_135140,Transolver,45,False,6400,25238,-0.3125,0.506880529231249,1.0,True,False,True,0.0058565591461956,0.0627911537885665,0.0627911537885665,4752689.5,0.0432378463447093,0.0432378500699996
camera_ready_hyperelasticity_solver_truncation_0,eager_locust_20260811_135140,Transolver,45,False,6400,25238,-0.3125,0.506880529231249,1.05,False,True,True,0.0153847485780715,0.1016757413744926,0.1016757413744926,12484968.0,0.0692202001810073,0.0692202001810073
camera_ready_hyperelasticity_solver_truncation_0,eager_locust_20260811_135140,Transolver,45,False,6400,25238,-0.3125,0.506880529231249,1.1,False,True,True,0.0164660532027483,0.1078156605362892,0.1078156605362892,13362463.0,0.0736216753721237,0.0736216828227043
camera_ready_hyperelasticity_solver_truncation_0,eager_locust_20260811_135140,Transolver,45,False,6400,25238,-0.3125,0.506880529231249,1.15,False,True,True,0.0178257636725902,0.1114915236830711,0.1114915236830711,14465889.0,0.0762735307216644,0.0762735307216644
camera_ready_hyperelasticity_solver_truncation_0,eager_locust_20260811_135140,Transolver,45,False,6400,25238,-0.3125,0.506880529231249,1.2,False,True,True,0.0178730878978967,0.1096123307943344,0.1096123307943344,14504295.0,0.0745203793048858,0.0745203718543052
camera_ready_hyperelasticity_solver_condscale50_0,daring_shrimp_20260901_002546,Transolver,43,False,400,3178,-6.25,0.1336102819781233,0.0,True,False,True,0.3295179009437561,0.458830177783966,0.4588301479816437,210033680.0,0.3132493495941162,0.3132493495941162
camera_ready_hyperelasticity_solver_condscale50_0,daring_shrimp_20260901_002546,Transolver,43,False,400,3178,-6.25,0.1336102819781233,0.04347169,False,False,True,0.2973585128784179,0.4353098273277282,0.4353097975254059,189535392.0,0.2972464263439178,0.2972464263439178
camera_ready_hyperelasticity_solver_condscale50_0,daring_shrimp_20260901_002546,Transolver,43,False,400,3178,-6.25,0.1336102819781233,0.08694338,True,False,True,0.2683240175247192,0.4130629599094391,0.4130629599094391,171028880.0,0.2821315228939056,0.2821315228939056
camera_ready_hyperelasticity_solver_condscale50_0,daring_shrimp_20260901_002546,Transolver,43,False,400,3178,-6.25,0.1336102819781233,0.126637155,False,False,True,0.2481487095355987,0.3966705203056335,0.3966705203056335,158169216.0,0.2710234522819519,0.2710234522819519
camera_ready_hyperelasticity_solver_condscale50_0,daring_shrimp_20260901_002546,Transolver,43,False,400,3178,-6.25,0.1336102819781233,0.16633093,True,False,True,0.2132223099470138,0.366678386926651,0.366678386926651,135907216.0,0.250828206539154,0.2508282363414764
camera_ready_hyperelasticity_solver_condscale50_0,daring_shrimp_20260901_002546,Transolver,43,False,400,3178,-6.25,0.1336102819781233,0.202575115,False,False,True,0.179322674870491,0.3350713849067688,0.3350713849067688,114299704.0,0.2292539030313491,0.229253888130188
camera_ready_hyperelasticity_solver_condscale50_0,daring_shrimp_20260901_002546,Transolver,43,False,400,3178,-6.25,0.1336102819781233,0.2388193,True,False,True,0.1649954468011856,0.3204801082611084,0.3204801082611084,105167568.0,0.2193124741315841,0.2193124741315841
camera_ready_hyperelasticity_solver_condscale50_0,daring_shrimp_20260901_002546,Transolver,43,False,400,3178,-6.25,0.1336102819781233,0.271913685,False,False,True,0.1587128639221191,0.3144515454769134,0.3144515454769134,101163088.0,0.2154428362846374,0.2154428511857986
camera_ready_hyperelasticity_solver_condscale50_0,daring_shrimp_20260901_002546,Transolver,43,False,400,3178,-6.25,0.1336102819781233,0.30500807,True,False,True,0.1401485949754715,0.2947008013725281,0.2947008013725281,89330288.0,0.2021660655736923,0.2021660655736923
camera_ready_hyperelasticity_solver_condscale50_0,daring_shrimp_20260901_002546,Transolver,43,False,400,3178,-6.25,0.1336102819781233,0.33522638,False,False,True,0.1309432536363601,0.2830802798271179,0.2830802798271179,83462824.0,0.1938929110765457,0.1938929259777069
camera_ready_hyperelasticity_solver_condscale50_0,daring_shrimp_20260901_002546,Transolver,43,False,400,3178,-6.25,0.1336102819781233,0.36544469,True,False,True,0.1221000030636787,0.2715487778186798,0.2715487778186798,77826160.0,0.1857848465442657,0.1857848465442657
camera_ready_hyperelasticity_solver_condscale50_0,daring_shrimp_20260901_002546,Transolver,43,False,400,3178,-6.25,0.1336102819781233,0.40592029,False,False,True,0.1032641306519508,0.2484399378299713,0.2484399974346161,65820232.0,0.1700412929058075,0.1700412929058075
camera_ready_hyperelasticity_solver_condscale50_0,daring_shrimp_20260901_002546,Transolver,43,False,400,3178,-6.25,0.1336102819781233,0.44639589,True,False,True,0.0901767536997795,0.2317138761281967,0.2317138761281967,57478380.0,0.1587782949209213,0.1587782949209213
camera_ready_hyperelasticity_solver_condscale50_0,daring_shrimp_20260901_002546,Transolver,43,False,400,3178,-6.25,0.1336102819781233,0.48171154,False,False,True,0.0922446995973587,0.2343322038650512,0.2343322038650512,58796484.0,0.1605547666549682,0.1605547666549682
camera_ready_hyperelasticity_solver_condscale50_0,daring_shrimp_20260901_002546,Transolver,43,False,400,3178,-6.25,0.1336102819781233,0.51702719,True,False,True,0.0744546204805374,0.207055777311325,0.207055777311325,47457136.0,0.1419211030006408,0.1419210880994796
camera_ready_hyperelasticity_solver_condscale50_0,daring_shrimp_20260901_002546,Transolver,43,False,400,3178,-6.25,0.1336102819781233,0.5478406899999999,False,False,True,0.0586196295917034,0.1807553768157959,0.1807553768157959,37363972.0,0.1241205558180809,0.1241205558180809
camera_ready_hyperelasticity_solver_condscale50_0,daring_shrimp_20260901_002546,Transolver,43,False,400,3178,-6.25,0.1336102819781233,0.57865419,True,False,True,0.0573328174650669,0.1789159327745437,0.1789159327745437,36543764.0,0.1229522749781608,0.1229522749781608
camera_ready_hyperelasticity_solver_condscale50_0,daring_shrimp_20260901_002546,Transolver,43,False,400,3178,-6.25,0.1336102819781233,0.6137168049999999,False,False,True,0.0638277903199195,0.1902913749217987,0.1902913749217987,40683636.0,0.1306981146335601,0.1306981146335601
camera_ready_hyperelasticity_solver_condscale50_0,daring_shrimp_20260901_002546,Transolver,43,False,400,3178,-6.25,0.1336102819781233,0.64877942,True,False,True,0.0471830777823925,0.1603119373321533,0.1603119373321533,30074350.0,0.1110077276825904,0.111007735133171
camera_ready_hyperelasticity_solver_condscale50_0,daring_shrimp_20260901_002546,Transolver,43,False,400,3178,-6.25,0.1336102819781233,0.6845273949999999,False,False,True,0.0381791666150093,0.1424285024404525,0.1424285024404525,24335282.0,0.0995828062295913,0.0995828062295913
camera_ready_hyperelasticity_solver_condscale50_0,daring_shrimp_20260901_002546,Transolver,43,False,400,3178,-6.25,0.1336102819781233,0.72027537,True,False,True,0.038398053497076,0.1407058089971542,0.1407058089971542,24474798.0,0.0974571779370307,0.0974571779370307
camera_ready_hyperelasticity_solver_condscale50_0,daring_shrimp_20260901_002546,Transolver,43,False,400,3178,-6.25,0.1336102819781233,0.74875545,False,False,True,0.038466740399599,0.1399691849946975,0.1399691849946975,24518578.0,0.0968791246414184,0.0968791246414184
camera_ready_hyperelasticity_solver_condscale50_0,daring_shrimp_20260901_002546,Transolver,43,False,400,3178,-6.25,0.1336102819781233,0.77723553,True,False,True,0.0322830453515052,0.1261250078678131,0.1261250078678131,20577110.0,0.0880759134888649,0.0880759134888649
camera_ready_hyperelasticity_solver_condscale50_0,daring_shrimp_20260901_002546,Transolver,43,False,400,3178,-6.25,0.1336102819781233,0.811260215,False,False,True,0.0295665599405765,0.120229072868824,0.120229072868824,18845630.0,0.0849076732993125,0.0849076807498931
camera_ready_hyperelasticity_solver_condscale50_0,daring_shrimp_20260901_002546,Transolver,43,False,400,3178,-6.25,0.1336102819781233,0.8452849,True,False,True,0.0285684950649738,0.1162677928805351,0.1162677928805351,18209470.0,0.0813905820250511,0.0813905820250511
camera_ready_hyperelasticity_solver_condscale50_0,daring_shrimp_20260901_002546,Transolver,43,False,400,3178,-6.25,0.1336102819781233,0.873622825,False,False,True,0.0284729748964309,0.1155674681067466,0.1155674681067466,18148586.0,0.0807253345847129,0.0807253345847129
camera_ready_hyperelasticity_solver_condscale50_0,daring_shrimp_20260901_002546,Transolver,43,False,400,3178,-6.25,0.1336102819781233,0.90196075,True,False,True,0.0270020198076963,0.1134618148207664,0.1134618148207664,17211002.0,0.0798323974013328,0.0798323899507522
camera_ready_hyperelasticity_solver_condscale50_0,daring_shrimp_20260901_002546,Transolver,43,False,400,3178,-6.25,0.1336102819781233,0.92846527,False,False,True,0.028503380715847,0.118285521864891,0.118285521864891,18167966.0,0.0838552936911583,0.0838552787899971
camera_ready_hyperelasticity_solver_condscale50_0,daring_shrimp_20260901_002546,Transolver,43,False,400,3178,-6.25,0.1336102819781233,0.95496979,True,False,True,0.0271424017846584,0.114444799721241,0.114444799721241,17300482.0,0.0806334391236305,0.0806334391236305
camera_ready_hyperelasticity_solver_condscale50_0,daring_shrimp_20260901_002546,Transolver,43,False,400,3178,-6.25,0.1336102819781233,0.977484895,False,False,True,0.026627417653799,0.1122224330902099,0.1122224330902099,16972234.0,0.0786456167697906,0.0786456167697906
camera_ready_hyperelasticity_solver_condscale50_0,daring_shrimp_20260901_002546,Transolver,43,False,400,3178,-6.25,0.1336102819781233,1.0,True,False,True,0.0276471599936485,0.1151191443204879,0.1151191443204879,17622214.0,0.0808773785829544,0.0808773785829544
camera_ready_hyperelasticity_solver_condscale50_0,daring_shrimp_20260901_002546,Transolver,43,False,400,3178,-6.25,0.1336102819781233,1.05,False,True,True,0.1627472639083862,0.2893415689468384,0.2893415689468384,103734592.0,0.2298739403486251,0.2298739403486251
camera_ready_hyperelasticity_solver_condscale50_0,daring_shrimp_20260901_002546,Transolver,43,False,400,3178,-6.25,0.1336102819781233,1.1,False,True,True,0.0402836948633194,0.146538108587265,0.1465381234884262,25676702.0,0.1063346490263938,0.1063346490263938
camera_ready_hyperelasticity_solver_condscale50_0,daring_shrimp_20260901_002546,Transolver,43,False,400,3178,-6.25,0.1336102819781233,1.15,False,True,True,0.042322102934122,0.1477787792682647,0.1477787792682647,26975976.0,0.1021196618676185,0.1021196618676185
camera_ready_hyperelasticity_solver_condscale50_0,daring_shrimp_20260901_002546,Transolver,43,False,400,3178,-6.25,0.1336102819781233,1.2,False,True,True,0.038398765027523,0.1436445564031601,0.1436445564031601,24475250.0,0.1046019196510315,0.1046019196510315
camera_ready_hyperelasticity_solver_condscale50_0,funny_mite_20260901_002839,Transolver,44,False,400,3178,-6.25,0.1336102819781233,0.0,True,False,True,0.3477879166603088,0.4762333929538727,0.4762333929538727,221678928.0,0.3253832459449768,0.3253832459449768
camera_ready_hyperelasticity_solver_condscale50_0,funny_mite_20260901_002839,Transolver,44,False,400,3178,-6.25,0.1336102819781233,0.04347169,False,False,True,0.316836804151535,0.4547610580921173,0.4547610580921173,201950784.0,0.3111154437065124,0.3111154437065124
camera_ready_hyperelasticity_solver_condscale50_0,funny_mite_20260901_002839,Transolver,44,False,400,3178,-6.25,0.1336102819781233,0.08694338,True,False,True,0.2874462902545929,0.4327715635299682,0.4327715933322906,183217360.0,0.296301007270813,0.296301007270813
camera_ready_hyperelasticity_solver_condscale50_0,funny_mite_20260901_002839,Transolver,44,False,400,3178,-6.25,0.1336102819781233,0.126637155,False,False,True,0.2722815871238708,0.4209653437137604,0.420965313911438,173551408.0,0.2882539927959442,0.2882539927959442
camera_ready_hyperelasticity_solver_condscale50_0,funny_mite_20260901_002839,Transolver,44,False,400,3178,-6.25,0.1336102819781233,0.16633093,True,False,True,0.2376112788915634,0.3920071423053741,0.3920071423053741,151452672.0,0.2681950032711029,0.2681950032711029
camera_ready_hyperelasticity_solver_condscale50_0,funny_mite_20260901_002839,Transolver,44,False,400,3178,-6.25,0.1336102819781233,0.202575115,False,False,True,0.2026031017303466,0.3614760041236877,0.3614759743213653,129138576.0,0.2477375715970993,0.2477375715970993
camera_ready_hyperelasticity_solver_condscale50_0,funny_mite_20260901_002839,Transolver,44,False,400,3178,-6.25,0.1336102819781233,0.2388193,True,False,True,0.1935001015663147,0.353467047214508,0.353467047214508,123336352.0,0.2426293641328811,0.2426293641328811
camera_ready_hyperelasticity_solver_condscale50_0,funny_mite_20260901_002839,Transolver,44,False,400,3178,-6.25,0.1336102819781233,0.271913685,False,False,True,0.1859205812215805,0.3457469642162323,0.3457469642162323,118505192.0,0.2371231019496917,0.2371231019496917
camera_ready_hyperelasticity_solver_condscale50_0,funny_mite_20260901_002839,Transolver,44,False,400,3178,-6.25,0.1336102819781233,0.30500807,True,False,True,0.1591397374868393,0.3181084394454956,0.3181084394454956,101435168.0,0.2178996950387954,0.2178996801376342
camera_ready_hyperelasticity_solver_condscale50_0,funny_mite_20260901_002839,Transolver,44,False,400,3178,-6.25,0.1336102819781233,0.33522638,False,False,True,0.1445539891719818,0.3024713695049286,0.3024713695049286,92138264.0,0.2073188722133636,0.2073188722133636
camera_ready_hyperelasticity_solver_condscale50_0,funny_mite_20260901_002839,Transolver,44,False,400,3178,-6.25,0.1336102819781233,0.36544469,True,False,True,0.1341687887907028,0.290954977273941,0.290954977273941,85518760.0,0.1998498737812042,0.1998498737812042
camera_ready_hyperelasticity_solver_condscale50_0,funny_mite_20260901_002839,Transolver,44,False,400,3178,-6.25,0.1336102819781233,0.40592029,False,False,True,0.1185460090637207,0.2721320986747741,0.2721321284770965,75560856.0,0.1869640201330185,0.1869640201330185
camera_ready_hyperelasticity_solver_condscale50_0,funny_mite_20260901_002839,Transolver,44,False,400,3178,-6.25,0.1336102819781233,0.44639589,True,False,True,0.1061999350786209,0.2557228803634643,0.2557228803634643,67691512.0,0.1756028681993484,0.1756028681993484
camera_ready_hyperelasticity_solver_condscale50_0,funny_mite_20260901_002839,Transolver,44,False,400,3178,-6.25,0.1336102819781233,0.48171154,False,False,True,0.1093308255076408,0.2598510980606079,0.2598510682582855,69687120.0,0.1786332428455352,0.1786332428455352
camera_ready_hyperelasticity_solver_condscale50_0,funny_mite_20260901_002839,Transolver,44,False,400,3178,-6.25,0.1336102819781233,0.51702719,True,False,True,0.0854057222604751,0.2274403572082519,0.2274403721094131,54437332.0,0.1567917317152023,0.1567917317152023
camera_ready_hyperelasticity_solver_condscale50_0,funny_mite_20260901_002839,Transolver,44,False,400,3178,-6.25,0.1336102819781233,0.5478406899999999,False,False,True,0.0675312802195549,0.2003643959760666,0.2003643959760666,43044228.0,0.1381415575742721,0.1381415575742721
camera_ready_hyperelasticity_solver_condscale50_0,funny_mite_20260901_002839,Transolver,44,False,400,3178,-6.25,0.1336102819781233,0.57865419,True,False,True,0.0705842971801757,0.2057785093784332,0.2057785391807556,44990212.0,0.1415456533432006,0.1415456533432006
camera_ready_hyperelasticity_solver_condscale50_0,funny_mite_20260901_002839,Transolver,44,False,400,3178,-6.25,0.1336102819781233,0.6137168049999999,False,False,True,0.0801499336957931,0.2203531563282013,0.2203531712293625,51087316.0,0.1515295654535293,0.1515295654535293
camera_ready_hyperelasticity_solver_condscale50_0,funny_mite_20260901_002839,Transolver,44,False,400,3178,-6.25,0.1336102819781233,0.64877942,True,False,True,0.0527061708271503,0.1723020076751709,0.1723020076751709,33594752.0,0.1188770607113838,0.1188770607113838
camera_ready_hyperelasticity_solver_condscale50_0,funny_mite_20260901_002839,Transolver,44,False,400,3178,-6.25,0.1336102819781233,0.6845273949999999,False,False,True,0.0377517417073249,0.1404023766517639,0.1404023766517639,24062844.0,0.0973933786153793,0.0973933786153793
camera_ready_hyperelasticity_solver_condscale50_0,funny_mite_20260901_002839,Transolver,44,False,400,3178,-6.25,0.1336102819781233,0.72027537,True,False,True,0.0433753840625286,0.1548941284418106,0.1548941135406494,27647332.0,0.1072786375880241,0.1072786450386047
camera_ready_hyperelasticity_solver_condscale50_0,funny_mite_20260901_002839,Transolver,44,False,400,3178,-6.25,0.1336102819781233,0.74875545,False,False,True,0.0458679124712944,0.1601866036653518,0.1601866036653518,29236066.0,0.1108454763889312,0.1108454763889312
camera_ready_hyperelasticity_solver_condscale50_0,funny_mite_20260901_002839,Transolver,44,False,400,3178,-6.25,0.1336102819781233,0.77723553,True,False,True,0.0343039669096469,0.1328289210796356,0.1328289210796356,21865242.0,0.0923055410385131,0.0923055410385131
camera_ready_hyperelasticity_solver_condscale50_0,funny_mite_20260901_002839,Transolver,44,False,400,3178,-6.25,0.1336102819781233,0.811260215,False,False,True,0.0284818932414054,0.1159615889191627,0.1159615889191627,18154272.0,0.0812569856643676,0.0812569856643676
camera_ready_hyperelasticity_solver_condscale50_0,funny_mite_20260901_002839,Transolver,44,False,400,3178,-6.25,0.1336102819781233,0.8452849,True,False,True,0.0292621050029993,0.1195682361721992,0.1195682361721992,18651576.0,0.083668977022171,0.083668977022171
camera_ready_hyperelasticity_solver_condscale50_0,funny_mite_20260901_002839,Transolver,44,False,400,3178,-6.25,0.1336102819781233,0.873622825,False,False,True,0.0314299389719963,0.1255587786436081,0.1255587786436081,20033346.0,0.0875795483589172,0.0875795409083366
camera_ready_hyperelasticity_solver_condscale50_0,funny_mite_20260901_002839,Transolver,44,False,400,3178,-6.25,0.1336102819781233,0.90196075,True,False,True,0.0272219236940145,0.1126460209488868,0.1126460209488868,17351170.0,0.0788172036409378,0.0788172036409378
camera_ready_hyperelasticity_solver_condscale50_0,funny_mite_20260901_002839,Transolver,44,False,400,3178,-6.25,0.1336102819781233,0.92846527,False,False,True,0.0273980572819709,0.1120917275547981,0.1120917275547981,17463436.0,0.0787489712238311,0.0787489712238311
camera_ready_hyperelasticity_solver_condscale50_0,funny_mite_20260901_002839,Transolver,44,False,400,3178,-6.25,0.1336102819781233,0.95496979,True,False,True,0.0265420693904161,0.1103066653013229,0.1103066653013229,16917830.0,0.0773962959647178,0.0773962959647178
camera_ready_hyperelasticity_solver_condscale50_0,funny_mite_20260901_002839,Transolver,44,False,400,3178,-6.25,0.1336102819781233,0.977484895,False,False,True,0.0265845097601413,0.1109087467193603,0.1109087467193603,16944882.0,0.0776314437389373,0.0776314437389373
camera_ready_hyperelasticity_solver_condscale50_0,funny_mite_20260901_002839,Transolver,44,False,400,3178,-6.25,0.1336102819781233,1.0,True,False,True,0.0265878289937973,0.1104460582137107,0.1104460582137107,16947000.0,0.077497586607933,0.077497586607933
camera_ready_hyperelasticity_solver_condscale50_0,funny_mite_20260901_002839,Transolver,44,False,400,3178,-6.25,0.1336102819781233,1.05,False,True,True,0.1004381626844406,0.2119437903165817,0.2119437903165817,64018960.0,0.1504695862531662,0.1504695862531662
camera_ready_hyperelasticity_solver_condscale50_0,funny_mite_20260901_002839,Transolver,44,False,400,3178,-6.25,0.1336102819781233,1.1,False,True,True,0.0422605238854885,0.1398850977420807,0.1398850977420807,26936728.0,0.0983627438545227,0.0983627438545227
camera_ready_hyperelasticity_solver_condscale50_0,funny_mite_20260901_002839,Transolver,44,False,400,3178,-6.25,0.1336102819781233,1.15,False,True,True,0.0466310232877731,0.1601171940565109,0.1601171940565109,29722468.0,0.1102948933839798,0.1102948933839798
camera_ready_hyperelasticity_solver_condscale50_0,funny_mite_20260901_002839,Transolver,44,False,400,3178,-6.25,0.1336102819781233,1.2,False,True,True,0.038617804646492,0.1343036741018295,0.1343036890029907,24614868.0,0.0948215872049331,0.0948215872049331
camera_ready_hyperelasticity_solver_condscale50_0,quiet_spider_20260901_003139,Transolver,45,False,400,3178,-6.25,0.1336102819781233,0.0,True,False,True,0.3299994468688965,0.4617396295070648,0.4617396295070648,210340592.0,0.3149069547653198,0.3149069547653198
camera_ready_hyperelasticity_solver_condscale50_0,quiet_spider_20260901_003139,Transolver,45,False,400,3178,-6.25,0.1336102819781233,0.04347169,False,False,True,0.3045380413532257,0.4434842467308044,0.4434842467308044,194111568.0,0.3026860356330871,0.3026860654354095
camera_ready_hyperelasticity_solver_condscale50_0,quiet_spider_20260901_003139,Transolver,45,False,400,3178,-6.25,0.1336102819781233,0.08694338,True,False,True,0.2666646838188171,0.4140312671661377,0.4140312671661377,169971232.0,0.282630980014801,0.282630980014801
camera_ready_hyperelasticity_solver_condscale50_0,quiet_spider_20260901_003139,Transolver,45,False,400,3178,-6.25,0.1336102819781233,0.126637155,False,False,True,0.2461428493261337,0.3972456753253937,0.3972456753253937,156890656.0,0.2711706161499023,0.2711706161499023
camera_ready_hyperelasticity_solver_condscale50_0,quiet_spider_20260901_003139,Transolver,45,False,400,3178,-6.25,0.1336102819781233,0.16633093,True,False,True,0.2172355949878692,0.3724623918533325,0.3724623918533325,138465280.0,0.2542490661144256,0.2542490661144256
camera_ready_hyperelasticity_solver_condscale50_0,quiet_spider_20260901_003139,Transolver,45,False,400,3178,-6.25,0.1336102819781233,0.202575115,False,False,True,0.186545729637146,0.3439481556415558,0.3439481854438782,118903656.0,0.2347940057516098,0.2347940057516098
camera_ready_hyperelasticity_solver_condscale50_0,quiet_spider_20260901_003139,Transolver,45,False,400,3178,-6.25,0.1336102819781233,0.2388193,True,False,True,0.1772153973579406,0.3345856666564941,0.3345856666564941,112956544.0,0.2283322513103485,0.2283322811126709
camera_ready_hyperelasticity_solver_condscale50_0,quiet_spider_20260901_003139,Transolver,45,False,400,3178,-6.25,0.1336102819781233,0.271913685,False,False,True,0.1708739995956421,0.3278942704200744,0.3278942704200744,108914544.0,0.2235625833272934,0.2235625833272934
camera_ready_hyperelasticity_solver_condscale50_0,quiet_spider_20260901_003139,Transolver,45,False,400,3178,-6.25,0.1336102819781233,0.30500807,True,False,True,0.147319033741951,0.3028551936149597,0.3028551936149597,93900696.0,0.2063418328762054,0.2063418328762054
camera_ready_hyperelasticity_solver_condscale50_0,quiet_spider_20260901_003139,Transolver,45,False,400,3178,-6.25,0.1336102819781233,0.33522638,False,False,True,0.1330414563417434,0.2871834337711334,0.2871834337711334,84800208.0,0.1958899050951004,0.1958899050951004
camera_ready_hyperelasticity_solver_condscale50_0,quiet_spider_20260901_003139,Transolver,45,False,400,3178,-6.25,0.1336102819781233,0.36544469,True,False,True,0.1207951828837394,0.2731588780879974,0.2731588780879974,76994472.0,0.1866334229707718,0.1866334229707718
camera_ready_hyperelasticity_solver_condscale50_0,quiet_spider_20260901_003139,Transolver,45,False,400,3178,-6.25,0.1336102819781233,0.40592029,False,False,True,0.1035483852028846,0.25193652510643,0.25193652510643,66001416.0,0.1721887737512588,0.1721887737512588
camera_ready_hyperelasticity_solver_condscale50_0,quiet_spider_20260901_003139,Transolver,45,False,400,3178,-6.25,0.1336102819781233,0.44639589,True,False,True,0.0932029485702514,0.2379307150840759,0.2379307150840759,59407272.0,0.1625003069639206,0.1625003069639206
camera_ready_hyperelasticity_solver_condscale50_0,quiet_spider_20260901_003139,Transolver,45,False,400,3178,-6.25,0.1336102819781233,0.48171154,False,False,True,0.0962750166654586,0.2416807264089584,0.2416807264089584,61365408.0,0.1650474220514297,0.1650474220514297
camera_ready_hyperelasticity_solver_condscale50_0,quiet_spider_20260901_003139,Transolver,45,False,400,3178,-6.25,0.1336102819781233,0.51702719,True,False,True,0.0738022625446319,0.2079034298658371,0.2079034298658371,47041328.0,0.1420917361974716,0.1420917361974716
camera_ready_hyperelasticity_solver_condscale50_0,quiet_spider_20260901_003139,Transolver,45,False,400,3178,-6.25,0.1336102819781233,0.5478406899999999,False,False,True,0.0562085434794425,0.1775085479021072,0.1775085479021072,35827148.0,0.1214870065450668,0.1214869916439056
camera_ready_hyperelasticity_solver_condscale50_0,quiet_spider_20260901_003139,Transolver,45,False,400,3178,-6.25,0.1336102819781233,0.57865419,True,False,True,0.0610855184495449,0.1867934316396713,0.1867934316396713,38935720.0,0.1276849061250686,0.1276849061250686
camera_ready_hyperelasticity_solver_condscale50_0,quiet_spider_20260901_003139,Transolver,45,False,400,3178,-6.25,0.1336102819781233,0.6137168049999999,False,False,True,0.0698013380169868,0.2025675624608993,0.2025675624608993,44491152.0,0.1383685618638992,0.1383685618638992
camera_ready_hyperelasticity_solver_condscale50_0,quiet_spider_20260901_003139,Transolver,45,False,400,3178,-6.25,0.1336102819781233,0.64877942,True,False,True,0.0470440424978733,0.1627361327409744,0.1627361327409744,29985726.0,0.1111534461379051,0.1111534461379051
camera_ready_hyperelasticity_solver_condscale50_0,quiet_spider_20260901_003139,Transolver,45,False,400,3178,-6.25,0.1336102819781233,0.6845273949999999,False,False,True,0.0345869809389114,0.1350743919610977,0.1350743919610977,22045634.0,0.0926047787070274,0.0926047787070274
camera_ready_hyperelasticity_solver_condscale50_0,quiet_spider_20260901_003139,Transolver,45,False,400,3178,-6.25,0.1336102819781233,0.72027537,True,False,True,0.0379046909511089,0.1423746794462204,0.1423746794462204,24160332.0,0.0977011173963546,0.0977011173963546
camera_ready_hyperelasticity_solver_condscale50_0,quiet_spider_20260901_003139,Transolver,45,False,400,3178,-6.25,0.1336102819781233,0.74875545,False,False,True,0.0391871705651283,0.1452227681875229,0.1452227681875229,24977780.0,0.099701888859272,0.099701888859272
camera_ready_hyperelasticity_solver_condscale50_0,quiet_spider_20260901_003139,Transolver,45,False,400,3178,-6.25,0.1336102819781233,0.77723553,True,False,True,0.030802534893155,0.1251705139875412,0.1251705139875412,19633438.0,0.0862251073122024,0.0862251073122024
camera_ready_hyperelasticity_solver_condscale50_0,quiet_spider_20260901_003139,Transolver,45,False,400,3178,-6.25,0.1336102819781233,0.811260215,False,False,True,0.0266296658664941,0.1133248135447502,0.1133248135447502,16973668.0,0.0784967988729476,0.0784967988729476
camera_ready_hyperelasticity_solver_condscale50_0,quiet_spider_20260901_003139,Transolver,45,False,400,3178,-6.25,0.1336102819781233,0.8452849,True,False,True,0.0256571620702743,0.1115501821041107,0.1115501821041107,16353794.0,0.0770752653479576,0.0770752653479576
camera_ready_hyperelasticity_solver_condscale50_0,quiet_spider_20260901_003139,Transolver,45,False,400,3178,-6.25,0.1336102819781233,0.873622825,False,False,True,0.0258934404700994,0.1124574914574623,0.1124574914574623,16504397.0,0.0775858089327812,0.0775858089327812
camera_ready_hyperelasticity_solver_condscale50_0,quiet_spider_20260901_003139,Transolver,45,False,400,3178,-6.25,0.1336102819781233,0.90196075,True,False,True,0.0226650331169366,0.102907009422779,0.1029070168733596,14446620.0,0.0715242251753807,0.0715242102742195
camera_ready_hyperelasticity_solver_condscale50_0,quiet_spider_20260901_003139,Transolver,45,False,400,3178,-6.25,0.1336102819781233,0.92846527,False,False,True,0.0229672379791736,0.1025930568575859,0.1025930568575859,14639244.0,0.0718249082565307,0.0718249082565307
camera_ready_hyperelasticity_solver_condscale50_0,quiet_spider_20260901_003139,Transolver,45,False,400,3178,-6.25,0.1336102819781233,0.95496979,True,False,True,0.0216102134436368,0.098947562277317,0.098947562277317,13774283.0,0.0691957399249076,0.069195732474327
camera_ready_hyperelasticity_solver_condscale50_0,quiet_spider_20260901_003139,Transolver,45,False,400,3178,-6.25,0.1336102819781233,0.977484895,False,False,True,0.0208971668034791,0.0971300452947616,0.0971300452947616,13319789.0,0.0676693394780159,0.0676693394780159
camera_ready_hyperelasticity_solver_condscale50_0,quiet_spider_20260901_003139,Transolver,45,False,400,3178,-6.25,0.1336102819781233,1.0,True,False,True,0.0210551507771015,0.0977428779006004,0.0977428779006004,13420487.0,0.0683228448033332,0.0683228522539138
camera_ready_hyperelasticity_solver_condscale50_0,quiet_spider_20260901_003139,Transolver,45,False,400,3178,-6.25,0.1336102819781233,1.05,False,True,True,0.1972824335098266,0.3297373950481415,0.3297373652458191,125747184.0,0.2278152108192443,0.2278152108192443
camera_ready_hyperelasticity_solver_condscale50_0,quiet_spider_20260901_003139,Transolver,45,False,400,3178,-6.25,0.1336102819781233,1.1,False,True,True,0.0609611682593822,0.1750640720129013,0.1750640720129013,38856460.0,0.1222259774804115,0.1222259700298309
camera_ready_hyperelasticity_solver_condscale50_0,quiet_spider_20260901_003139,Transolver,45,False,400,3178,-6.25,0.1336102819781233,1.15,False,True,True,0.0359519533812999,0.1376072019338607,0.1376072168350219,22915664.0,0.0943687632679939,0.0943687632679939
camera_ready_hyperelasticity_solver_condscale50_0,quiet_spider_20260901_003139,Transolver,45,False,400,3178,-6.25,0.1336102819781233,1.2,False,True,True,0.053283616900444,0.1626896411180496,0.1626896411180496,33962808.0,0.1137925386428833,0.1137925386428833
camera_ready_hyperelasticity_solver_condscale1_0,famous_pigeon_20260901_024952,Transolver,43,False,1600,10578,-3.59375,0.2411013910592328,0.0,True,False,True,0.3147365748882293,0.4678620994091034,0.4678620398044586,216076160.0,0.3187817335128784,0.3187817335128784
camera_ready_hyperelasticity_solver_condscale1_0,famous_pigeon_20260901_024952,Transolver,43,False,1600,10578,-3.59375,0.2411013910592328,0.04347169,False,False,True,0.2893165647983551,0.4481671154499054,0.4481671154499054,198624560.0,0.3054935336112976,0.3054935336112976
camera_ready_hyperelasticity_solver_condscale1_0,famous_pigeon_20260901_024952,Transolver,43,False,1600,10578,-3.59375,0.2411013910592328,0.08694338,True,False,True,0.2564538419246673,0.4212141036987304,0.4212141036987304,176063296.0,0.2871709167957306,0.2871708869934082
camera_ready_hyperelasticity_solver_condscale1_0,famous_pigeon_20260901_024952,Transolver,43,False,1600,10578,-3.59375,0.2411013910592328,0.126637155,False,False,True,0.2298177182674408,0.3982620537281036,0.3982620537281036,157776784.0,0.2715333998203277,0.2715334296226501
camera_ready_hyperelasticity_solver_condscale1_0,famous_pigeon_20260901_024952,Transolver,43,False,1600,10578,-3.59375,0.2411013910592328,0.16633093,True,False,True,0.2063963562250137,0.3769812285900116,0.3769812285900116,141697328.0,0.2570442855358124,0.2570442855358124
camera_ready_hyperelasticity_solver_condscale1_0,famous_pigeon_20260901_024952,Transolver,43,False,1600,10578,-3.59375,0.2411013910592328,0.202575115,False,False,True,0.1869140714406967,0.3582173883914947,0.3582173883914947,128322136.0,0.2442937791347503,0.2442937791347503
camera_ready_hyperelasticity_solver_condscale1_0,famous_pigeon_20260901_024952,Transolver,43,False,1600,10578,-3.59375,0.2411013910592328,0.2388193,True,False,True,0.1687927544116974,0.3396841287612915,0.3396841287612915,115881320.0,0.2317102402448654,0.2317102402448654
camera_ready_hyperelasticity_solver_condscale1_0,famous_pigeon_20260901_024952,Transolver,43,False,1600,10578,-3.59375,0.2411013910592328,0.271913685,False,False,True,0.1533627361059188,0.3229548633098602,0.3229548633098602,105288144.0,0.2203417122364044,0.2203417122364044
camera_ready_hyperelasticity_solver_condscale1_0,famous_pigeon_20260901_024952,Transolver,43,False,1600,10578,-3.59375,0.2411013910592328,0.30500807,True,False,True,0.1390076577663421,0.3065116703510284,0.306511640548706,95432952.0,0.2091471850872039,0.2091471850872039
camera_ready_hyperelasticity_solver_condscale1_0,famous_pigeon_20260901_024952,Transolver,43,False,1600,10578,-3.59375,0.2411013910592328,0.33522638,False,False,True,0.1268190592527389,0.2918092012405395,0.2918092012405395,87065112.0,0.1991180032491684,0.1991179883480072
camera_ready_hyperelasticity_solver_condscale1_0,famous_pigeon_20260901_024952,Transolver,43,False,1600,10578,-3.59375,0.2411013910592328,0.36544469,True,False,True,0.1154535338282585,0.2774146497249603,0.2774146497249603,79262328.0,0.1892825067043304,0.1892825067043304
camera_ready_hyperelasticity_solver_condscale1_0,famous_pigeon_20260901_024952,Transolver,43,False,1600,10578,-3.59375,0.2411013910592328,0.40592029,False,False,True,0.1013935133814811,0.2585556805133819,0.2585556805133819,69609704.0,0.1763770133256912,0.1763770133256912
camera_ready_hyperelasticity_solver_condscale1_0,famous_pigeon_20260901_024952,Transolver,43,False,1600,10578,-3.59375,0.2411013910592328,0.44639589,True,False,True,0.0885171070694923,0.2400902807712555,0.2400902807712555,60769660.0,0.1637287735939026,0.1637287735939026
camera_ready_hyperelasticity_solver_condscale1_0,famous_pigeon_20260901_024952,Transolver,43,False,1600,10578,-3.59375,0.2411013910592328,0.48171154,False,False,True,0.0781548768281936,0.2242358028888702,0.2242358028888702,53655680.0,0.1528661102056503,0.1528661102056503
camera_ready_hyperelasticity_solver_condscale1_0,famous_pigeon_20260901_024952,Transolver,43,False,1600,10578,-3.59375,0.2411013910592328,0.51702719,True,False,True,0.0685618296265602,0.2086068838834762,0.2086068838834762,47069760.0,0.1421603560447693,0.1421603560447693
camera_ready_hyperelasticity_solver_condscale1_0,famous_pigeon_20260901_024952,Transolver,43,False,1600,10578,-3.59375,0.2411013910592328,0.5478406899999999,False,False,True,0.0608060993254184,0.1951820999383926,0.1951821148395538,41745220.0,0.1329698711633682,0.132969856262207
camera_ready_hyperelasticity_solver_condscale1_0,famous_pigeon_20260901_024952,Transolver,43,False,1600,10578,-3.59375,0.2411013910592328,0.57865419,True,False,True,0.0536298342049121,0.1820153295993805,0.1820153295993805,36818496.0,0.1239637583494186,0.1239637583494186
camera_ready_hyperelasticity_solver_condscale1_0,famous_pigeon_20260901_024952,Transolver,43,False,1600,10578,-3.59375,0.2411013910592328,0.6137168049999999,False,False,True,0.0461767055094242,0.167440265417099,0.167440265417099,31701700.0,0.1140074506402015,0.1140074506402015
camera_ready_hyperelasticity_solver_condscale1_0,famous_pigeon_20260901_024952,Transolver,43,False,1600,10578,-3.59375,0.2411013910592328,0.64877942,True,False,True,0.0394791103899478,0.1533980965614318,0.1533980965614318,27103600.0,0.1044331938028335,0.1044332012534141
camera_ready_hyperelasticity_solver_condscale1_0,famous_pigeon_20260901_024952,Transolver,43,False,1600,10578,-3.59375,0.2411013910592328,0.6845273949999999,False,False,True,0.033404167741537,0.1397000551223755,0.1397000551223755,22932968.0,0.0951156690716743,0.0951156690716743
camera_ready_hyperelasticity_solver_condscale1_0,famous_pigeon_20260901_024952,Transolver,43,False,1600,10578,-3.59375,0.2411013910592328,0.72027537,True,False,True,0.0280414670705795,0.1266399770975113,0.1266399770975113,19251314.0,0.0862549692392349,0.0862549766898155
camera_ready_hyperelasticity_solver_condscale1_0,famous_pigeon_20260901_024952,Transolver,43,False,1600,10578,-3.59375,0.2411013910592328,0.74875545,False,False,True,0.0242426116019487,0.1166834309697151,0.1166834160685539,16643282.0,0.0795136615633964,0.0795136615633964
camera_ready_hyperelasticity_solver_condscale1_0,famous_pigeon_20260901_024952,Transolver,43,False,1600,10578,-3.59375,0.2411013910592328,0.77723553,True,False,True,0.0208417363464832,0.1071419641375541,0.1071419641375541,14308481.0,0.0730606466531753,0.0730606466531753
camera_ready_hyperelasticity_solver_condscale1_0,famous_pigeon_20260901_024952,Transolver,43,False,1600,10578,-3.59375,0.2411013910592328,0.811260215,False,False,True,0.0172903891652822,0.0964013412594795,0.0964013412594795,11870373.0,0.0657995045185089,0.0657995045185089
camera_ready_hyperelasticity_solver_condscale1_0,famous_pigeon_20260901_024952,Transolver,43,False,1600,10578,-3.59375,0.2411013910592328,0.8452849,True,False,True,0.0143026290461421,0.0866619348526001,0.0866619348526001,9819186.0,0.0592171177268028,0.0592171177268028
camera_ready_hyperelasticity_solver_condscale1_0,famous_pigeon_20260901_024952,Transolver,43,False,1600,10578,-3.59375,0.2411013910592328,0.873622825,False,False,True,0.0122557217255234,0.0796505808830261,0.0796505808830261,8413922.0,0.0544845908880233,0.0544845908880233
camera_ready_hyperelasticity_solver_condscale1_0,famous_pigeon_20260901_024952,Transolver,43,False,1600,10578,-3.59375,0.2411013910592328,0.90196075,True,False,True,0.0106015605852007,0.073894627392292,0.073894627392292,7278291.0,0.050625555217266,0.050625555217266
camera_ready_hyperelasticity_solver_condscale1_0,famous_pigeon_20260901_024952,Transolver,43,False,1600,10578,-3.59375,0.2411013910592328,0.92846527,False,False,True,0.0094026522710919,0.0698431506752967,0.0698431506752967,6455204.0,0.0479384064674377,0.0479384064674377
camera_ready_hyperelasticity_solver_condscale1_0,famous_pigeon_20260901_024952,Transolver,43,False,1600,10578,-3.59375,0.2411013910592328,0.95496979,True,False,True,0.0085265822708606,0.0671445205807685,0.0671445205807685,5853756.0,0.0461748205125331,0.0461748205125331
camera_ready_hyperelasticity_solver_condscale1_0,famous_pigeon_20260901_024952,Transolver,43,False,1600,10578,-3.59375,0.2411013910592328,0.977484895,False,False,True,0.0080286404117941,0.0658724382519722,0.0658724382519722,5511903.0,0.0453620627522468,0.0453620627522468
camera_ready_hyperelasticity_solver_condscale1_0,famous_pigeon_20260901_024952,Transolver,43,False,1600,10578,-3.59375,0.2411013910592328,1.0,True,False,True,0.0077674053609371,0.0654987096786499,0.0654987096786499,5332558.0,0.0451424308121204,0.0451424308121204
camera_ready_hyperelasticity_solver_condscale1_0,famous_pigeon_20260901_024952,Transolver,43,False,1600,10578,-3.59375,0.2411013910592328,1.05,False,True,True,0.0082042980939149,0.0680785626173019,0.0680785626173019,5632498.5,0.0469185896217823,0.0469185896217823
camera_ready_hyperelasticity_solver_condscale1_0,famous_pigeon_20260901_024952,Transolver,43,False,1600,10578,-3.59375,0.2411013910592328,1.1,False,True,True,0.0103267626836895,0.0761721208691597,0.0761721208691597,7089634.5,0.0526549667119979,0.0526549667119979
camera_ready_hyperelasticity_solver_condscale1_0,famous_pigeon_20260901_024952,Transolver,43,False,1600,10578,-3.59375,0.2411013910592328,1.15,False,True,True,0.012744965031743,0.0868404135107994,0.0868404135107994,8749803.0,0.0615665204823017,0.0615665204823017
camera_ready_hyperelasticity_solver_condscale1_0,famous_pigeon_20260901_024952,Transolver,43,False,1600,10578,-3.59375,0.2411013910592328,1.2,False,True,True,0.0143186002969741,0.0952620282769203,0.0952620282769203,9830151.0,0.0727296844124794,0.0727296844124794
camera_ready_hyperelasticity_solver_condscale1_0,apt_tetra_20260901_043704,Transolver,44,False,1600,10578,-3.59375,0.2411013910592328,0.0,True,False,True,0.3134215474128723,0.4677351415157318,0.4677351415157318,215173328.0,0.3183473944664001,0.3183473944664001
camera_ready_hyperelasticity_solver_condscale1_0,apt_tetra_20260901_043704,Transolver,44,False,1600,10578,-3.59375,0.2411013910592328,0.04347169,False,False,True,0.287187784910202,0.4476658701896667,0.4476658701896667,197163056.0,0.3048253655433655,0.3048253655433655
camera_ready_hyperelasticity_solver_condscale1_0,apt_tetra_20260901_043704,Transolver,44,False,1600,10578,-3.59375,0.2411013910592328,0.08694338,True,False,True,0.2550544142723083,0.4211001992225647,0.4211001992225647,175102528.0,0.2867815494537353,0.2867815494537353
camera_ready_hyperelasticity_solver_condscale1_0,apt_tetra_20260901_043704,Transolver,44,False,1600,10578,-3.59375,0.2411013910592328,0.126637155,False,False,True,0.2283216714859008,0.3977660536766052,0.3977660238742828,156749712.0,0.2708960473537445,0.2708960473537445
camera_ready_hyperelasticity_solver_condscale1_0,apt_tetra_20260901_043704,Transolver,44,False,1600,10578,-3.59375,0.2411013910592328,0.16633093,True,False,True,0.2051471173763275,0.3765265047550201,0.3765264749526977,140839696.0,0.2564319670200348,0.2564319670200348
camera_ready_hyperelasticity_solver_condscale1_0,apt_tetra_20260901_043704,Transolver,44,False,1600,10578,-3.59375,0.2411013910592328,0.202575115,False,False,True,0.1861986368894577,0.358319342136383,0.358319342136383,127830968.0,0.2440558820962906,0.2440558820962906
camera_ready_hyperelasticity_solver_condscale1_0,apt_tetra_20260901_043704,Transolver,44,False,1600,10578,-3.59375,0.2411013910592328,0.2388193,True,False,True,0.1684868484735489,0.340406209230423,0.340406209230423,115671304.0,0.23190538585186,0.23190538585186
camera_ready_hyperelasticity_solver_condscale1_0,apt_tetra_20260901_043704,Transolver,44,False,1600,10578,-3.59375,0.2411013910592328,0.271913685,False,False,True,0.1531634628772735,0.3240046203136444,0.3240046203136444,105151344.0,0.2207819521427154,0.2207819670438766
camera_ready_hyperelasticity_solver_condscale1_0,apt_tetra_20260901_043704,Transolver,44,False,1600,10578,-3.59375,0.2411013910592328,0.30500807,True,False,True,0.1387455761432647,0.3076377511024475,0.3076377511024475,95253024.0,0.2096588909626007,0.2096588909626007
camera_ready_hyperelasticity_solver_condscale1_0,apt_tetra_20260901_043704,Transolver,44,False,1600,10578,-3.59375,0.2411013910592328,0.33522638,False,False,True,0.1264749020338058,0.2928867638111114,0.2928867638111114,86828840.0,0.1996010690927505,0.1996010690927505
camera_ready_hyperelasticity_solver_condscale1_0,apt_tetra_20260901_043704,Transolver,44,False,1600,10578,-3.59375,0.2411013910592328,0.36544469,True,False,True,0.1150836050510406,0.2784373462200165,0.2784373164176941,79008368.0,0.18971548974514,0.18971548974514
camera_ready_hyperelasticity_solver_condscale1_0,apt_tetra_20260901_043704,Transolver,44,False,1600,10578,-3.59375,0.2411013910592328,0.40592029,False,False,True,0.1011277437210083,0.2596278786659241,0.2596278786659241,69427240.0,0.1768048107624054,0.1768048107624054
camera_ready_hyperelasticity_solver_condscale1_0,apt_tetra_20260901_043704,Transolver,44,False,1600,10578,-3.59375,0.2411013910592328,0.44639589,True,False,True,0.0884949788451194,0.2414081245660781,0.2414081245660781,60754472.0,0.1642710119485855,0.1642710119485855
camera_ready_hyperelasticity_solver_condscale1_0,apt_tetra_20260901_043704,Transolver,44,False,1600,10578,-3.59375,0.2411013910592328,0.48171154,False,False,True,0.0784102082252502,0.2259155958890915,0.2259155958890915,53830972.0,0.1536089777946472,0.1536089777946472
camera_ready_hyperelasticity_solver_condscale1_0,apt_tetra_20260901_043704,Transolver,44,False,1600,10578,-3.59375,0.2411013910592328,0.51702719,True,False,True,0.0691034495830535,0.2107354402542114,0.210735410451889,47441600.0,0.1431716829538345,0.1431716829538345
camera_ready_hyperelasticity_solver_condscale1_0,apt_tetra_20260901_043704,Transolver,44,False,1600,10578,-3.59375,0.2411013910592328,0.5478406899999999,False,False,True,0.0615763552486896,0.1977216750383377,0.1977216750383377,42274024.0,0.1342394202947616,0.1342394202947616
camera_ready_hyperelasticity_solver_condscale1_0,apt_tetra_20260901_043704,Transolver,44,False,1600,10578,-3.59375,0.2411013910592328,0.57865419,True,False,True,0.0545861944556236,0.1849306970834732,0.1849306970834732,37475064.0,0.1254784911870956,0.1254784911870956
camera_ready_hyperelasticity_solver_condscale1_0,apt_tetra_20260901_043704,Transolver,44,False,1600,10578,-3.59375,0.2411013910592328,0.6137168049999999,False,False,True,0.0472852326929569,0.1706933975219726,0.1706933826208114,32462740.0,0.1157513856887817,0.1157513856887817
camera_ready_hyperelasticity_solver_condscale1_0,apt_tetra_20260901_043704,Transolver,44,False,1600,10578,-3.59375,0.2411013910592328,0.64877942,True,False,True,0.0406905747950077,0.1568850725889206,0.1568850725889206,27935308.0,0.1063433960080146,0.1063433960080146
camera_ready_hyperelasticity_solver_condscale1_0,apt_tetra_20260901_043704,Transolver,44,False,1600,10578,-3.59375,0.2411013910592328,0.6845273949999999,False,False,True,0.0347059890627861,0.1433810144662857,0.1433810144662857,23826706.0,0.0971682220697403,0.0971682220697403
camera_ready_hyperelasticity_solver_condscale1_0,apt_tetra_20260901_043704,Transolver,44,False,1600,10578,-3.59375,0.2411013910592328,0.72027537,True,False,True,0.0294674038887023,0.1306115537881851,0.1306115686893463,20230258.0,0.0885168761014938,0.0885168761014938
camera_ready_hyperelasticity_solver_condscale1_0,apt_tetra_20260901_043704,Transolver,44,False,1600,10578,-3.59375,0.2411013910592328,0.74875545,False,False,True,0.0258143283426761,0.1210677921772003,0.1210677921772003,17722314.0,0.0820692032575607,0.0820691958069801
camera_ready_hyperelasticity_solver_condscale1_0,apt_tetra_20260901_043704,Transolver,44,False,1600,10578,-3.59375,0.2411013910592328,0.77723553,True,False,True,0.0225998032838106,0.1121580079197883,0.1121580079197883,15515448.0,0.0760679692029953,0.0760679692029953
camera_ready_hyperelasticity_solver_condscale1_0,apt_tetra_20260901_043704,Transolver,44,False,1600,10578,-3.59375,0.2411013910592328,0.811260215,False,False,True,0.0192919205874204,0.1024226769804954,0.1024226695299148,13244485.0,0.0695388093590736,0.0695388093590736
camera_ready_hyperelasticity_solver_condscale1_0,apt_tetra_20260901_043704,Transolver,44,False,1600,10578,-3.59375,0.2411013910592328,0.8452849,True,False,True,0.0165072083473205,0.0937471017241478,0.0937471017241478,11332695.0,0.0637578144669532,0.0637578144669532
camera_ready_hyperelasticity_solver_condscale1_0,apt_tetra_20260901_043704,Transolver,44,False,1600,10578,-3.59375,0.2411013910592328,0.873622825,False,False,True,0.0145466206595301,0.0873832404613494,0.0873832404613494,9986693.0,0.059551291167736,0.059551291167736
camera_ready_hyperelasticity_solver_condscale1_0,apt_tetra_20260901_043704,Transolver,44,False,1600,10578,-3.59375,0.2411013910592328,0.90196075,True,False,True,0.0128876958042383,0.0818712711334228,0.0818712711334228,8847792.0,0.0559415630996227,0.0559415630996227
camera_ready_hyperelasticity_solver_condscale1_0,apt_tetra_20260901_043704,Transolver,44,False,1600,10578,-3.59375,0.2411013910592328,0.92846527,False,False,True,0.0116032566875219,0.0775867402553558,0.0775867402553558,7965984.5,0.0531648062169551,0.0531648062169551
camera_ready_hyperelasticity_solver_condscale1_0,apt_tetra_20260901_043704,Transolver,44,False,1600,10578,-3.59375,0.2411013910592328,0.95496979,True,False,True,0.0105875022709369,0.0742895603179931,0.0742895603179931,7268639.5,0.0510500334203243,0.051050029695034
camera_ready_hyperelasticity_solver_condscale1_0,apt_tetra_20260901_043704,Transolver,44,False,1600,10578,-3.59375,0.2411013910592328,0.977484895,False,False,True,0.0099535537883639,0.0723962113261222,0.0723962113261222,6833415.0,0.0498453043401241,0.0498453043401241
camera_ready_hyperelasticity_solver_condscale1_0,apt_tetra_20260901_043704,Transolver,44,False,1600,10578,-3.59375,0.2411013910592328,1.0,True,False,True,0.0095491465181112,0.071438044309616,0.071438044309616,6555777.5,0.049235425889492,0.049235425889492
camera_ready_hyperelasticity_solver_condscale1_0,apt_tetra_20260901_043704,Transolver,44,False,1600,10578,-3.59375,0.2411013910592328,1.05,False,True,True,0.0095155388116836,0.072629228234291,0.072629228234291,6532704.5,0.0499407574534416,0.0499407574534416
camera_ready_hyperelasticity_solver_condscale1_0,apt_tetra_20260901_043704,Transolver,44,False,1600,10578,-3.59375,0.2411013910592328,1.1,False,True,True,0.0103961797431111,0.0764482319355011,0.0764482319355011,7137291.5,0.0522648096084594,0.0522648096084594
camera_ready_hyperelasticity_solver_condscale1_0,apt_tetra_20260901_043704,Transolver,44,False,1600,10578,-3.59375,0.2411013910592328,1.15,False,True,True,0.0111544821411371,0.0786743611097335,0.0786743611097335,7657888.0,0.0538752265274524,0.0538752265274524
camera_ready_hyperelasticity_solver_condscale1_0,apt_tetra_20260901_043704,Transolver,44,False,1600,10578,-3.59375,0.2411013910592328,1.2,False,True,True,0.0110225174576044,0.0788015276193618,0.0788015276193618,7567291.0,0.0551972463726997,0.0551972463726997
camera_ready_hyperelasticity_solver_condscale50_0,full_akita_20260901_024749,Transolver,43,False,1600,10578,-3.59375,0.2411013910592328,0.0,True,False,True,0.3160886764526367,0.4690709710121155,0.4690709710121155,217004400.0,0.3196475803852081,0.3196475803852081
camera_ready_hyperelasticity_solver_condscale50_0,full_akita_20260901_024749,Transolver,43,False,1600,10578,-3.59375,0.2411013910592328,0.04347169,False,False,True,0.2739965915679931,0.4356889724731445,0.4356889724731445,188106928.0,0.2969619035720825,0.2969618737697601
camera_ready_hyperelasticity_solver_condscale50_0,full_akita_20260901_024749,Transolver,43,False,1600,10578,-3.59375,0.2411013910592328,0.08694338,True,False,True,0.2553094625473022,0.4208250939846039,0.4208250939846039,175277632.0,0.2868493497371673,0.2868493497371673
camera_ready_hyperelasticity_solver_condscale50_0,full_akita_20260901_024749,Transolver,43,False,1600,10578,-3.59375,0.2411013910592328,0.126637155,False,False,True,0.256712943315506,0.4220508933067322,0.4220508933067322,176241184.0,0.287570059299469,0.287570059299469
camera_ready_hyperelasticity_solver_condscale50_0,full_akita_20260901_024749,Transolver,43,False,1600,10578,-3.59375,0.2411013910592328,0.16633093,True,False,True,0.2078809738159179,0.3787531554698944,0.3787531554698944,142716544.0,0.2583368420600891,0.2583368718624115
camera_ready_hyperelasticity_solver_condscale50_0,full_akita_20260901_024749,Transolver,43,False,1600,10578,-3.59375,0.2411013910592328,0.202575115,False,False,True,0.1789928525686264,0.3502519130706787,0.3502519130706787,122883992.0,0.2389189451932907,0.2389189451932907
camera_ready_hyperelasticity_solver_condscale50_0,full_akita_20260901_024749,Transolver,43,False,1600,10578,-3.59375,0.2411013910592328,0.2388193,True,False,True,0.1708774417638778,0.3419524133205414,0.3419524133205414,117312512.0,0.2333612442016601,0.2333612442016601
camera_ready_hyperelasticity_solver_condscale50_0,full_akita_20260901_024749,Transolver,43,False,1600,10578,-3.59375,0.2411013910592328,0.271913685,False,False,True,0.1558081954717636,0.325817197561264,0.325817197561264,106967016.0,0.2223682254552841,0.2223682254552841
camera_ready_hyperelasticity_solver_condscale50_0,full_akita_20260901_024749,Transolver,43,False,1600,10578,-3.59375,0.2411013910592328,0.30500807,True,False,True,0.1409241259098053,0.3091050386428833,0.3091050684452057,96748656.0,0.2109294384717941,0.2109294384717941
camera_ready_hyperelasticity_solver_condscale50_0,full_akita_20260901_024749,Transolver,43,False,1600,10578,-3.59375,0.2411013910592328,0.33522638,False,False,True,0.1296142935752868,0.2958349287509918,0.2958349287509918,88984128.0,0.2018802762031555,0.2018802762031555
camera_ready_hyperelasticity_solver_condscale50_0,full_akita_20260901_024749,Transolver,43,False,1600,10578,-3.59375,0.2411013910592328,0.36544469,True,False,True,0.1165334209799766,0.2795243561267853,0.2795242965221405,80003704.0,0.190725103020668,0.190725103020668
camera_ready_hyperelasticity_solver_condscale50_0,full_akita_20260901_024749,Transolver,43,False,1600,10578,-3.59375,0.2411013910592328,0.40592029,False,False,True,0.0975707024335861,0.2540957033634186,0.2540957331657409,66985228.0,0.1733191013336181,0.1733191013336181
camera_ready_hyperelasticity_solver_condscale50_0,full_akita_20260901_024749,Transolver,43,False,1600,10578,-3.59375,0.2411013910592328,0.44639589,True,False,True,0.0891961827874183,0.2418592125177383,0.2418592125177383,61235872.0,0.164931446313858,0.164931446313858
camera_ready_hyperelasticity_solver_condscale50_0,full_akita_20260901_024749,Transolver,43,False,1600,10578,-3.59375,0.2411013910592328,0.48171154,False,False,True,0.0824695006012916,0.2316114455461502,0.2316114455461502,56617788.0,0.1578837633132934,0.1578837633132934
camera_ready_hyperelasticity_solver_condscale50_0,full_akita_20260901_024749,Transolver,43,False,1600,10578,-3.59375,0.2411013910592328,0.51702719,True,False,True,0.0690943449735641,0.2105278074741363,0.2105278074741363,47435344.0,0.1435293853282928,0.1435293853282928
camera_ready_hyperelasticity_solver_condscale50_0,full_akita_20260901_024749,Transolver,43,False,1600,10578,-3.59375,0.2411013910592328,0.5478406899999999,False,False,True,0.0598968379199504,0.1950228959321975,0.1950228959321975,41120984.0,0.1330560743808746,0.1330560743808746
camera_ready_hyperelasticity_solver_condscale50_0,full_akita_20260901_024749,Transolver,43,False,1600,10578,-3.59375,0.2411013910592328,0.57865419,True,False,True,0.0542235858738422,0.1842924356460571,0.1842924356460571,37226124.0,0.1256216913461685,0.1256216913461685
camera_ready_hyperelasticity_solver_condscale50_0,full_akita_20260901_024749,Transolver,43,False,1600,10578,-3.59375,0.2411013910592328,0.6137168049999999,False,False,True,0.0487545207142829,0.1732150912284851,0.1732150912284851,33471446.0,0.1179167255759239,0.1179167255759239
camera_ready_hyperelasticity_solver_condscale50_0,full_akita_20260901_024749,Transolver,43,False,1600,10578,-3.59375,0.2411013910592328,0.64877942,True,False,True,0.0401595905423164,0.1557098776102066,0.1557098776102066,27570766.0,0.1061706393957138,0.1061706393957138
camera_ready_hyperelasticity_solver_condscale50_0,full_akita_20260901_024749,Transolver,43,False,1600,10578,-3.59375,0.2411013910592328,0.6845273949999999,False,False,True,0.0337311923503875,0.1414747238159179,0.1414747238159179,23157480.0,0.0966172814369201,0.0966172814369201
camera_ready_hyperelasticity_solver_condscale50_0,full_akita_20260901_024749,Transolver,43,False,1600,10578,-3.59375,0.2411013910592328,0.72027537,True,False,True,0.0289133973419666,0.1287695318460464,0.1287695318460464,19849916.0,0.0877743884921073,0.0877743884921073
camera_ready_hyperelasticity_solver_condscale50_0,full_akita_20260901_024749,Transolver,43,False,1600,10578,-3.59375,0.2411013910592328,0.74875545,False,False,True,0.0258465614169836,0.1204854324460029,0.1204854324460029,17744440.0,0.0820303186774253,0.0820303186774253
camera_ready_hyperelasticity_solver_condscale50_0,full_akita_20260901_024749,Transolver,43,False,1600,10578,-3.59375,0.2411013910592328,0.77723553,True,False,True,0.0217560045421123,0.1095192730426788,0.1095192730426788,14936153.0,0.0746623426675796,0.0746623426675796
camera_ready_hyperelasticity_solver_condscale50_0,full_akita_20260901_024749,Transolver,43,False,1600,10578,-3.59375,0.2411013910592328,0.811260215,False,False,True,0.0177356507629156,0.0980055928230285,0.0980056002736091,12176057.0,0.0669917985796928,0.0669917985796928
camera_ready_hyperelasticity_solver_condscale50_0,full_akita_20260901_024749,Transolver,43,False,1600,10578,-3.59375,0.2411013910592328,0.8452849,True,False,True,0.0150255775079131,0.0887892693281173,0.0887892693281173,10315510.0,0.0607112012803554,0.060711208730936
camera_ready_hyperelasticity_solver_condscale50_0,full_akita_20260901_024749,Transolver,43,False,1600,10578,-3.59375,0.2411013910592328,0.873622825,False,False,True,0.0133044095709919,0.0828295871615409,0.0828295871615409,9133878.0,0.05666059628129,0.05666059628129
camera_ready_hyperelasticity_solver_condscale50_0,full_akita_20260901_024749,Transolver,43,False,1600,10578,-3.59375,0.2411013910592328,0.90196075,True,False,True,0.0112666934728622,0.0758406966924667,0.0758406966924667,7734924.5,0.0520356595516204,0.0520356595516204
camera_ready_hyperelasticity_solver_condscale50_0,full_akita_20260901_024749,Transolver,43,False,1600,10578,-3.59375,0.2411013910592328,0.92846527,False,False,True,0.0098143117502331,0.0708117485046386,0.0708117485046386,6737820.5,0.0487061031162738,0.0487061031162738
camera_ready_hyperelasticity_solver_condscale50_0,full_akita_20260901_024749,Transolver,43,False,1600,10578,-3.59375,0.2411013910592328,0.95496979,True,False,True,0.0090156095102429,0.0682365298271179,0.0682365298271179,6189488.0,0.0469770915806293,0.0469770915806293
camera_ready_hyperelasticity_solver_condscale50_0,full_akita_20260901_024749,Transolver,43,False,1600,10578,-3.59375,0.2411013910592328,0.977484895,False,False,True,0.0084468415006995,0.0668156668543815,0.0668156668543815,5799011.0,0.0460486859083175,0.0460486859083175
camera_ready_hyperelasticity_solver_condscale50_0,full_akita_20260901_024749,Transolver,43,False,1600,10578,-3.59375,0.2411013910592328,1.0,True,False,True,0.0079129571095108,0.0660328343510627,0.0660328343510627,5432483.5,0.0455768182873725,0.0455768182873725
camera_ready_hyperelasticity_solver_condscale50_0,full_akita_20260901_024749,Transolver,43,False,1600,10578,-3.59375,0.2411013910592328,1.05,False,True,True,0.0153873292729258,0.1006564795970916,0.1006564870476722,10563867.0,0.0706031396985054,0.0706031396985054
camera_ready_hyperelasticity_solver_condscale50_0,full_akita_20260901_024749,Transolver,43,False,1600,10578,-3.59375,0.2411013910592328,1.1,False,True,True,0.0103587508201599,0.0721925273537635,0.0721925273537635,7111595.5,0.0496900714933872,0.0496900714933872
camera_ready_hyperelasticity_solver_condscale50_0,full_akita_20260901_024749,Transolver,43,False,1600,10578,-3.59375,0.2411013910592328,1.15,False,True,True,0.0208117384463548,0.1071543470025062,0.1071543395519256,14287886.0,0.0726909190416336,0.0726909190416336
camera_ready_hyperelasticity_solver_condscale50_0,full_akita_20260901_024749,Transolver,43,False,1600,10578,-3.59375,0.2411013910592328,1.2,False,True,True,0.0125932469964027,0.0803281366825103,0.0803281366825103,8645643.0,0.0545145533978939,0.0545145533978939
camera_ready_hyperelasticity_solver_condscale50_0,fancy_whale_20260901_043725,Transolver,44,False,1600,10578,-3.59375,0.2411013910592328,0.0,True,False,True,0.317038357257843,0.4700634777545929,0.4700634777545929,217656384.0,0.3202117085456848,0.3202117085456848
camera_ready_hyperelasticity_solver_condscale50_0,fancy_whale_20260901_043725,Transolver,44,False,1600,10578,-3.59375,0.2411013910592328,0.04347169,False,False,True,0.2792302966117859,0.4408254027366638,0.4408254027366638,191700032.0,0.3002800047397613,0.3002799749374389
camera_ready_hyperelasticity_solver_condscale50_0,fancy_whale_20260901_043725,Transolver,44,False,1600,10578,-3.59375,0.2411013910592328,0.08694338,True,False,True,0.2560559213161468,0.4217322170734405,0.4217322170734405,175790096.0,0.2873603403568268,0.2873603403568268
camera_ready_hyperelasticity_solver_condscale50_0,fancy_whale_20260901_043725,Transolver,44,False,1600,10578,-3.59375,0.2411013910592328,0.126637155,False,False,True,0.2460377663373947,0.4131347835063934,0.4131347835063934,168912336.0,0.2815426886081695,0.2815427184104919
camera_ready_hyperelasticity_solver_condscale50_0,fancy_whale_20260901_043725,Transolver,44,False,1600,10578,-3.59375,0.2411013910592328,0.16633093,True,False,True,0.2087493240833282,0.379656970500946,0.3796569108963012,143312720.0,0.25882089138031,0.25882089138031
camera_ready_hyperelasticity_solver_condscale50_0,fancy_whale_20260901_043725,Transolver,44,False,1600,10578,-3.59375,0.2411013910592328,0.202575115,False,False,True,0.1825897097587585,0.3528560101985931,0.3528560101985931,125353360.0,0.2404881417751312,0.2404881417751312
camera_ready_hyperelasticity_solver_condscale50_0,fancy_whale_20260901_043725,Transolver,44,False,1600,10578,-3.59375,0.2411013910592328,0.2388193,True,False,True,0.1712839007377624,0.3425381183624267,0.3425381481647491,117591544.0,0.2337056845426559,0.2337056845426559
camera_ready_hyperelasticity_solver_condscale50_0,fancy_whale_20260901_043725,Transolver,44,False,1600,10578,-3.59375,0.2411013910592328,0.271913685,False,False,True,0.1573352366685867,0.3280085027217865,0.3280085325241089,108015384.0,0.2238853126764297,0.2238853126764297
camera_ready_hyperelasticity_solver_condscale50_0,fancy_whale_20260901_043725,Transolver,44,False,1600,10578,-3.59375,0.2411013910592328,0.30500807,True,False,True,0.1412877738475799,0.30960613489151,0.30960613489151,96998312.0,0.2112452685832977,0.2112452685832977
camera_ready_hyperelasticity_solver_condscale50_0,fancy_whale_20260901_043725,Transolver,44,False,1600,10578,-3.59375,0.2411013910592328,0.33522638,False,False,True,0.1290316134691238,0.2950414419174194,0.2950414419174194,88584096.0,0.2012801617383957,0.2012801766395568
camera_ready_hyperelasticity_solver_condscale50_0,fancy_whale_20260901_043725,Transolver,44,False,1600,10578,-3.59375,0.2411013910592328,0.36544469,True,False,True,0.1173854693770408,0.2805501222610473,0.2805501520633697,80588656.0,0.1913740783929824,0.1913740634918213
camera_ready_hyperelasticity_solver_condscale50_0,fancy_whale_20260901_043725,Transolver,44,False,1600,10578,-3.59375,0.2411013910592328,0.40592029,False,False,True,0.0991590619087219,0.256281316280365,0.256281316280365,68075680.0,0.1747575402259826,0.1747575402259826
camera_ready_hyperelasticity_solver_condscale50_0,fancy_whale_20260901_043725,Transolver,44,False,1600,10578,-3.59375,0.2411013910592328,0.44639589,True,False,True,0.0896072834730148,0.2427781075239181,0.2427781075239181,61518096.0,0.1655349433422088,0.1655349284410476
camera_ready_hyperelasticity_solver_condscale50_0,fancy_whale_20260901_043725,Transolver,44,False,1600,10578,-3.59375,0.2411013910592328,0.48171154,False,False,True,0.0838379487395286,0.2339919209480285,0.2339919209480285,57557276.0,0.1595842838287353,0.1595842838287353
camera_ready_hyperelasticity_solver_condscale50_0,fancy_whale_20260901_043725,Transolver,44,False,1600,10578,-3.59375,0.2411013910592328,0.51702719,True,False,True,0.0697674602270126,0.2114330530166626,0.2114330530166626,47897464.0,0.1441519558429718,0.1441519558429718
camera_ready_hyperelasticity_solver_condscale50_0,fancy_whale_20260901_043725,Transolver,44,False,1600,10578,-3.59375,0.2411013910592328,0.5478406899999999,False,False,True,0.0591658055782318,0.1931656152009964,0.1931656152009964,40619108.0,0.1316321939229965,0.1316321939229965
camera_ready_hyperelasticity_solver_condscale50_0,fancy_whale_20260901_043725,Transolver,44,False,1600,10578,-3.59375,0.2411013910592328,0.57865419,True,False,True,0.0546250343322753,0.1849345713853836,0.1849345713853836,37501736.0,0.1260038167238235,0.1260038167238235
camera_ready_hyperelasticity_solver_condscale50_0,fancy_whale_20260901_043725,Transolver,44,False,1600,10578,-3.59375,0.2411013910592328,0.6137168049999999,False,False,True,0.0507202483713626,0.1772753298282623,0.1772753298282623,34820980.0,0.1207888200879097,0.1207888200879097
camera_ready_hyperelasticity_solver_condscale50_0,fancy_whale_20260901_043725,Transolver,44,False,1600,10578,-3.59375,0.2411013910592328,0.64877942,True,False,True,0.041108101606369,0.1573993861675262,0.1573993861675262,28221950.0,0.1072170287370681,0.1072170287370681
camera_ready_hyperelasticity_solver_condscale50_0,fancy_whale_20260901_043725,Transolver,44,False,1600,10578,-3.59375,0.2411013910592328,0.6845273949999999,False,False,True,0.0337963886559009,0.1410732716321945,0.1410732716321945,23202238.0,0.0961014330387115,0.0961014330387115
camera_ready_hyperelasticity_solver_condscale50_0,fancy_whale_20260901_043725,Transolver,44,False,1600,10578,-3.59375,0.2411013910592328,0.72027537,True,False,True,0.0293920487165451,0.1302734464406967,0.1302734464406967,20178528.0,0.0887100249528884,0.0887100175023078
camera_ready_hyperelasticity_solver_condscale50_0,fancy_whale_20260901_043725,Transolver,44,False,1600,10578,-3.59375,0.2411013910592328,0.74875545,False,False,True,0.0269804596900939,0.1239615455269813,0.1239615380764007,18522898.0,0.0844201147556305,0.0844201147556305
camera_ready_hyperelasticity_solver_condscale50_0,fancy_whale_20260901_043725,Transolver,44,False,1600,10578,-3.59375,0.2411013910592328,0.77723553,True,False,True,0.0225450098514556,0.1117481440305709,0.1117481440305709,15477828.0,0.0761185437440872,0.0761185511946678
camera_ready_hyperelasticity_solver_condscale50_0,fancy_whale_20260901_043725,Transolver,44,False,1600,10578,-3.59375,0.2411013910592328,0.811260215,False,False,True,0.0182977132499218,0.0992964655160904,0.0992964655160904,12561932.0,0.0676505267620086,0.0676505267620086
camera_ready_hyperelasticity_solver_condscale50_0,fancy_whale_20260901_043725,Transolver,44,False,1600,10578,-3.59375,0.2411013910592328,0.8452849,True,False,True,0.0161076635122299,0.0922977328300476,0.0922977328300476,11058395.0,0.0628917217254638,0.0628917217254638
camera_ready_hyperelasticity_solver_condscale50_0,fancy_whale_20260901_043725,Transolver,44,False,1600,10578,-3.59375,0.2411013910592328,0.873622825,False,False,True,0.0146094616502523,0.0872323587536811,0.0872323587536811,10029835.0,0.0595132187008857,0.0595132261514663
camera_ready_hyperelasticity_solver_condscale50_0,fancy_whale_20260901_043725,Transolver,44,False,1600,10578,-3.59375,0.2411013910592328,0.90196075,True,False,True,0.0123853608965873,0.0796304792165756,0.0796304792165756,8502923.0,0.0545226000249385,0.0545226000249385
camera_ready_hyperelasticity_solver_condscale50_0,fancy_whale_20260901_043725,Transolver,44,False,1600,10578,-3.59375,0.2411013910592328,0.92846527,False,False,True,0.0107441302388906,0.0742693170905113,0.0742693170905113,7376169.5,0.0510259680449962,0.0510259680449962
camera_ready_hyperelasticity_solver_condscale50_0,fancy_whale_20260901_043725,Transolver,44,False,1600,10578,-3.59375,0.2411013910592328,0.95496979,True,False,True,0.009768889285624,0.0714434385299682,0.0714434385299682,6706637.5,0.0491494014859199,0.0491494014859199
camera_ready_hyperelasticity_solver_condscale50_0,fancy_whale_20260901_043725,Transolver,44,False,1600,10578,-3.59375,0.2411013910592328,0.977484895,False,False,True,0.0092280935496091,0.0701567083597183,0.0701567083597183,6335364.5,0.0482980944216251,0.0482980944216251
camera_ready_hyperelasticity_solver_condscale50_0,fancy_whale_20260901_043725,Transolver,44,False,1600,10578,-3.59375,0.2411013910592328,1.0,True,False,True,0.0088072596117854,0.069532461464405,0.069532461464405,6046449.5,0.0479047708213329,0.0479047708213329
camera_ready_hyperelasticity_solver_condscale50_0,fancy_whale_20260901_043725,Transolver,44,False,1600,10578,-3.59375,0.2411013910592328,1.05,False,True,True,0.0115823084488511,0.0849672108888626,0.0849672108888626,7951605.0,0.0579437538981437,0.0579437538981437
camera_ready_hyperelasticity_solver_condscale50_0,fancy_whale_20260901_043725,Transolver,44,False,1600,10578,-3.59375,0.2411013910592328,1.1,False,True,True,0.0106258550658822,0.073555901646614,0.0735558941960334,7294969.0,0.0504223257303237,0.0504223257303237
camera_ready_hyperelasticity_solver_condscale50_0,fancy_whale_20260901_043725,Transolver,44,False,1600,10578,-3.59375,0.2411013910592328,1.15,False,True,True,0.0196412689983844,0.104124516248703,0.104124516248703,13484323.0,0.0709522813558578,0.0709522813558578
camera_ready_hyperelasticity_solver_condscale50_0,fancy_whale_20260901_043725,Transolver,44,False,1600,10578,-3.59375,0.2411013910592328,1.2,False,True,True,0.0120723182335495,0.0788072943687439,0.0788072943687439,8288010.5,0.0539486706256866,0.0539486706256866
camera_ready_hyperelasticity_solver_condscale50_0,actual_filly_20260901_062456,Transolver,45,False,1600,10578,-3.59375,0.2411013910592328,0.0,True,False,True,0.3161340057849884,0.4693991541862488,0.4693991541862488,217035552.0,0.3198089301586151,0.3198089301586151
camera_ready_hyperelasticity_solver_condscale50_0,actual_filly_20260901_062456,Transolver,45,False,1600,10578,-3.59375,0.2411013910592328,0.04347169,False,False,True,0.2804310321807861,0.4422503411769867,0.4422503411769867,192524352.0,0.3016761541366577,0.3016761541366577
camera_ready_hyperelasticity_solver_condscale50_0,actual_filly_20260901_062456,Transolver,45,False,1600,10578,-3.59375,0.2411013910592328,0.08694338,True,False,True,0.2552105188369751,0.4210524559020996,0.4210524559020996,175209712.0,0.2869642078876495,0.2869642376899719
camera_ready_hyperelasticity_solver_condscale50_0,actual_filly_20260901_062456,Transolver,45,False,1600,10578,-3.59375,0.2411013910592328,0.126637155,False,False,True,0.2362925857305526,0.4044929444789886,0.4044929444789886,162221968.0,0.2755343914031982,0.2755343914031982
camera_ready_hyperelasticity_solver_condscale50_0,actual_filly_20260901_062456,Transolver,45,False,1600,10578,-3.59375,0.2411013910592328,0.16633093,True,False,True,0.2082526832818985,0.3790755569934845,0.3790755569934845,142971744.0,0.2584344446659088,0.2584344744682312
camera_ready_hyperelasticity_solver_condscale50_0,actual_filly_20260901_062456,Transolver,45,False,1600,10578,-3.59375,0.2411013910592328,0.202575115,False,False,True,0.1870110630989074,0.3585202693939209,0.3585202693939209,128388736.0,0.2445254474878311,0.2445254772901535
camera_ready_hyperelasticity_solver_condscale50_0,actual_filly_20260901_062456,Transolver,45,False,1600,10578,-3.59375,0.2411013910592328,0.2388193,True,False,True,0.1704884171485901,0.3416406810283661,0.3416406810283661,117045448.0,0.2329916507005691,0.2329916507005691
camera_ready_hyperelasticity_solver_condscale50_0,actual_filly_20260901_062456,Transolver,45,False,1600,10578,-3.59375,0.2411013910592328,0.271913685,False,False,True,0.1642028093338012,0.3347562551498413,0.3347562551498413,112730176.0,0.2281148880720138,0.2281149178743362
camera_ready_hyperelasticity_solver_condscale50_0,actual_filly_20260901_062456,Transolver,45,False,1600,10578,-3.59375,0.2411013910592328,0.30500807,True,False,True,0.1405382007360458,0.3089353144168854,0.308935284614563,96483704.0,0.210769847035408,0.210769847035408
camera_ready_hyperelasticity_solver_condscale50_0,actual_filly_20260901_062456,Transolver,45,False,1600,10578,-3.59375,0.2411013910592328,0.33522638,False,False,True,0.1278529465198516,0.2939086854457855,0.2939086854457855,87774912.0,0.200571209192276,0.200571209192276
camera_ready_hyperelasticity_solver_condscale50_0,actual_filly_20260901_062456,Transolver,45,False,1600,10578,-3.59375,0.2411013910592328,0.36544469,True,False,True,0.1165158972144126,0.2797154486179352,0.2797154486179352,79991672.0,0.1908425092697143,0.1908425092697143
camera_ready_hyperelasticity_solver_condscale50_0,actual_filly_20260901_062456,Transolver,45,False,1600,10578,-3.59375,0.2411013910592328,0.40592029,False,False,True,0.097290851175785,0.2542269825935364,0.254226952791214,66793112.0,0.173361450433731,0.173361450433731
camera_ready_hyperelasticity_solver_condscale50_0,actual_filly_20260901_062456,Transolver,45,False,1600,10578,-3.59375,0.2411013910592328,0.44639589,True,False,True,0.0889600738883018,0.2421641200780868,0.2421641200780868,61073776.0,0.1650889217853546,0.1650889068841934
camera_ready_hyperelasticity_solver_condscale50_0,actual_filly_20260901_062456,Transolver,45,False,1600,10578,-3.59375,0.2411013910592328,0.48171154,False,False,True,0.0852775126695633,0.2363808006048202,0.2363808006048202,58545580.0,0.1610533893108368,0.1610533893108368
camera_ready_hyperelasticity_solver_condscale50_0,actual_filly_20260901_062456,Transolver,45,False,1600,10578,-3.59375,0.2411013910592328,0.51702719,True,False,True,0.069102756679058,0.2108123898506164,0.2108123898506164,47441116.0,0.1436562687158584,0.1436562687158584
camera_ready_hyperelasticity_solver_condscale50_0,actual_filly_20260901_062456,Transolver,45,False,1600,10578,-3.59375,0.2411013910592328,0.5478406899999999,False,False,True,0.0563254468142986,0.1883701831102371,0.1883701831102371,38669116.0,0.1284195184707641,0.1284195184707641
camera_ready_hyperelasticity_solver_condscale50_0,actual_filly_20260901_062456,Transolver,45,False,1600,10578,-3.59375,0.2411013910592328,0.57865419,True,False,True,0.0543239973485469,0.1846614629030227,0.1846614629030227,37295060.0,0.1258116364479065,0.1258116364479065
camera_ready_hyperelasticity_solver_condscale50_0,actual_filly_20260901_062456,Transolver,45,False,1600,10578,-3.59375,0.2411013910592328,0.6137168049999999,False,False,True,0.053687036037445,0.1834095865488052,0.1834095865488052,36857768.0,0.1248261332511901,0.1248261481523513
camera_ready_hyperelasticity_solver_condscale50_0,actual_filly_20260901_062456,Transolver,45,False,1600,10578,-3.59375,0.2411013910592328,0.64877942,True,False,True,0.0404670499265193,0.1565118581056594,0.1565118581056594,27781846.0,0.1066245287656784,0.1066245287656784
camera_ready_hyperelasticity_solver_condscale50_0,actual_filly_20260901_062456,Transolver,45,False,1600,10578,-3.59375,0.2411013910592328,0.6845273949999999,False,False,True,0.0298215374350547,0.1321199834346771,0.1321199834346771,20473384.0,0.0903192162513732,0.0903192162513732
camera_ready_hyperelasticity_solver_condscale50_0,actual_filly_20260901_062456,Transolver,45,False,1600,10578,-3.59375,0.2411013910592328,0.72027537,True,False,True,0.0291756056249141,0.1299180388450622,0.1299180537462234,20029932.0,0.0884157866239547,0.0884157866239547
camera_ready_hyperelasticity_solver_condscale50_0,actual_filly_20260901_062456,Transolver,45,False,1600,10578,-3.59375,0.2411013910592328,0.74875545,False,False,True,0.0284167435020208,0.1277384161949157,0.1277384161949157,19508954.0,0.0867625623941421,0.0867625623941421
camera_ready_hyperelasticity_solver_condscale50_0,actual_filly_20260901_062456,Transolver,45,False,1600,10578,-3.59375,0.2411013910592328,0.77723553,True,False,True,0.0223124604672193,0.1112519651651382,0.1112519651651382,15318174.0,0.0757349953055381,0.0757349878549575
camera_ready_hyperelasticity_solver_condscale50_0,actual_filly_20260901_062456,Transolver,45,False,1600,10578,-3.59375,0.2411013910592328,0.811260215,False,False,True,0.0166341103613376,0.0944240093231201,0.0944240093231201,11419817.0,0.064659982919693,0.064659982919693
camera_ready_hyperelasticity_solver_condscale50_0,actual_filly_20260901_062456,Transolver,45,False,1600,10578,-3.59375,0.2411013910592328,0.8452849,True,False,True,0.0157820917665958,0.0911658331751823,0.0911658331751823,10834881.0,0.0621523596346378,0.0621523596346378
camera_ready_hyperelasticity_solver_condscale50_0,actual_filly_20260901_062456,Transolver,45,False,1600,10578,-3.59375,0.2411013910592328,0.873622825,False,False,True,0.0153462728485465,0.0894155949354171,0.0894155949354171,10535679.0,0.0608179867267608,0.0608179867267608
camera_ready_hyperelasticity_solver_condscale50_0,actual_filly_20260901_062456,Transolver,45,False,1600,10578,-3.59375,0.2411013910592328,0.90196075,True,False,True,0.0121582243591547,0.0785967856645584,0.0785967856645584,8346987.5,0.0539456196129322,0.0539456196129322
camera_ready_hyperelasticity_solver_condscale50_0,actual_filly_20260901_062456,Transolver,45,False,1600,10578,-3.59375,0.2411013910592328,0.92846527,False,False,True,0.0103189898654818,0.0725339278578758,0.0725339278578758,7084298.0,0.0501188449561595,0.0501188486814498
camera_ready_hyperelasticity_solver_condscale50_0,actual_filly_20260901_062456,Transolver,45,False,1600,10578,-3.59375,0.2411013910592328,0.95496979,True,False,True,0.009661947377026,0.070611223578453,0.070611223578453,6633218.0,0.0486505217850208,0.0486505217850208
camera_ready_hyperelasticity_solver_condscale50_0,actual_filly_20260901_062456,Transolver,45,False,1600,10578,-3.59375,0.2411013910592328,0.977484895,False,False,True,0.009217333048582,0.0697658136487007,0.0697658136487007,6327977.0,0.0480285510420799,0.0480285547673702
camera_ready_hyperelasticity_solver_condscale50_0,actual_filly_20260901_062456,Transolver,45,False,1600,10578,-3.59375,0.2411013910592328,1.0,True,False,True,0.0084328735247254,0.0679615214467048,0.0679615214467048,5789422.0,0.0469219572842121,0.0469219572842121
camera_ready_hyperelasticity_solver_condscale50_0,actual_filly_20260901_062456,Transolver,45,False,1600,10578,-3.59375,0.2411013910592328,1.05,False,True,True,0.0138790812343359,0.0910714641213417,0.0910714641213417,9528410.0,0.0616095326840877,0.0616095326840877
camera_ready_hyperelasticity_solver_condscale50_0,actual_filly_20260901_062456,Transolver,45,False,1600,10578,-3.59375,0.2411013910592328,1.1,False,True,True,0.0092825386673212,0.0691647827625274,0.0691647827625274,6372742.5,0.0476760119199752,0.0476760119199752
camera_ready_hyperelasticity_solver_condscale50_0,actual_filly_20260901_062456,Transolver,45,False,1600,10578,-3.59375,0.2411013910592328,1.15,False,True,True,0.0184801202267408,0.1011892929673194,0.1011893004179,12687159.0,0.0687097981572151,0.0687098056077957
camera_ready_hyperelasticity_solver_condscale50_0,actual_filly_20260901_062456,Transolver,45,False,1600,10578,-3.59375,0.2411013910592328,1.2,False,True,True,0.0106651987880468,0.0752590373158454,0.0752590373158454,7321980.5,0.052118144929409,0.052118144929409
camera_ready_hyperelasticity_solver_no_conditioning_0,tight_snake_20260901_024450,Transolver,42,True,1600,10578,-3.59375,0.2411013910592328,0.0,True,False,False,0.0948786735534668,0.2731526792049408,0.2731526792049408,65137076.0,0.2062361389398574,0.2062361389398574
camera_ready_hyperelasticity_solver_no_conditioning_0,tight_snake_20260901_024450,Transolver,42,True,1600,10578,-3.59375,0.2411013910592328,0.04347169,False,False,False,0.0948786735534668,0.2731526792049408,0.2731526792049408,65137076.0,0.2062361389398574,0.2062361389398574
camera_ready_hyperelasticity_solver_no_conditioning_0,tight_snake_20260901_024450,Transolver,42,True,1600,10578,-3.59375,0.2411013910592328,0.08694338,True,False,False,0.0948786735534668,0.2731526792049408,0.2731526792049408,65137076.0,0.2062361389398574,0.2062361389398574
camera_ready_hyperelasticity_solver_no_conditioning_0,tight_snake_20260901_024450,Transolver,42,True,1600,10578,-3.59375,0.2411013910592328,0.126637155,False,False,False,0.0948786735534668,0.2731526792049408,0.2731526792049408,65137076.0,0.2062361389398574,0.2062361389398574
camera_ready_hyperelasticity_solver_no_conditioning_0,tight_snake_20260901_024450,Transolver,42,True,1600,10578,-3.59375,0.2411013910592328,0.16633093,True,False,False,0.0948786735534668,0.2731526792049408,0.2731526792049408,65137076.0,0.2062361389398574,0.2062361389398574
camera_ready_hyperelasticity_solver_no_conditioning_0,tight_snake_20260901_024450,Transolver,42,True,1600,10578,-3.59375,0.2411013910592328,0.202575115,False,False,False,0.0948786735534668,0.2731526792049408,0.2731526792049408,65137076.0,0.2062361389398574,0.2062361389398574
camera_ready_hyperelasticity_solver_no_conditioning_0,tight_snake_20260901_024450,Transolver,42,True,1600,10578,-3.59375,0.2411013910592328,0.2388193,True,False,False,0.0948786735534668,0.2731526792049408,0.2731526792049408,65137076.0,0.2062361389398574,0.2062361389398574
camera_ready_hyperelasticity_solver_no_conditioning_0,tight_snake_20260901_024450,Transolver,42,True,1600,10578,-3.59375,0.2411013910592328,0.271913685,False,False,False,0.0948786735534668,0.2731526792049408,0.2731526792049408,65137076.0,0.2062361389398574,0.2062361389398574
camera_ready_hyperelasticity_solver_no_conditioning_0,tight_snake_20260901_024450,Transolver,42,True,1600,10578,-3.59375,0.2411013910592328,0.30500807,True,False,False,0.0948786735534668,0.2731526792049408,0.2731526792049408,65137076.0,0.2062361389398574,0.2062361389398574
camera_ready_hyperelasticity_solver_no_conditioning_0,tight_snake_20260901_024450,Transolver,42,True,1600,10578,-3.59375,0.2411013910592328,0.33522638,False,False,False,0.0948786735534668,0.2731526792049408,0.2731526792049408,65137076.0,0.2062361389398574,0.2062361389398574
camera_ready_hyperelasticity_solver_no_conditioning_0,tight_snake_20260901_024450,Transolver,42,True,1600,10578,-3.59375,0.2411013910592328,0.36544469,True,False,False,0.0948786735534668,0.2731526792049408,0.2731526792049408,65137076.0,0.2062361389398574,0.2062361389398574
camera_ready_hyperelasticity_solver_no_conditioning_0,tight_snake_20260901_024450,Transolver,42,True,1600,10578,-3.59375,0.2411013910592328,0.40592029,False,False,False,0.0948786735534668,0.2731526792049408,0.2731526792049408,65137076.0,0.2062361389398574,0.2062361389398574
camera_ready_hyperelasticity_solver_no_conditioning_0,tight_snake_20260901_024450,Transolver,42,True,1600,10578,-3.59375,0.2411013910592328,0.44639589,True,False,False,0.0948786735534668,0.2731526792049408,0.2731526792049408,65137076.0,0.2062361389398574,0.2062361389398574
camera_ready_hyperelasticity_solver_no_conditioning_0,tight_snake_20260901_024450,Transolver,42,True,1600,10578,-3.59375,0.2411013910592328,0.48171154,False,False,False,0.0948786735534668,0.2731526792049408,0.2731526792049408,65137076.0,0.2062361389398574,0.2062361389398574
camera_ready_hyperelasticity_solver_no_conditioning_0,tight_snake_20260901_024450,Transolver,42,True,1600,10578,-3.59375,0.2411013910592328,0.51702719,True,False,False,0.0948786735534668,0.2731526792049408,0.2731526792049408,65137076.0,0.2062361389398574,0.2062361389398574
camera_ready_hyperelasticity_solver_no_conditioning_0,tight_snake_20260901_024450,Transolver,42,True,1600,10578,-3.59375,0.2411013910592328,0.5478406899999999,False,False,False,0.0948786735534668,0.2731526792049408,0.2731526792049408,65137076.0,0.2062361389398574,0.2062361389398574
camera_ready_hyperelasticity_solver_no_conditioning_0,tight_snake_20260901_024450,Transolver,42,True,1600,10578,-3.59375,0.2411013910592328,0.57865419,True,False,False,0.0948786735534668,0.2731526792049408,0.2731526792049408,65137076.0,0.2062361389398574,0.2062361389398574
camera_ready_hyperelasticity_solver_no_conditioning_0,tight_snake_20260901_024450,Transolver,42,True,1600,10578,-3.59375,0.2411013910592328,0.6137168049999999,False,False,False,0.0948786735534668,0.2731526792049408,0.2731526792049408,65137076.0,0.2062361389398574,0.2062361389398574
camera_ready_hyperelasticity_solver_no_conditioning_0,tight_snake_20260901_024450,Transolver,42,True,1600,10578,-3.59375,0.2411013910592328,0.64877942,True,False,False,0.0948786735534668,0.2731526792049408,0.2731526792049408,65137076.0,0.2062361389398574,0.2062361389398574
camera_ready_hyperelasticity_solver_no_conditioning_0,tight_snake_20260901_024450,Transolver,42,True,1600,10578,-3.59375,0.2411013910592328,0.6845273949999999,False,False,False,0.0948786735534668,0.2731526792049408,0.2731526792049408,65137076.0,0.2062361389398574,0.2062361389398574
camera_ready_hyperelasticity_solver_no_conditioning_0,tight_snake_20260901_024450,Transolver,42,True,1600,10578,-3.59375,0.2411013910592328,0.72027537,True,False,False,0.0948786735534668,0.2731526792049408,0.2731526792049408,65137076.0,0.2062361389398574,0.2062361389398574
camera_ready_hyperelasticity_solver_no_conditioning_0,tight_snake_20260901_024450,Transolver,42,True,1600,10578,-3.59375,0.2411013910592328,0.74875545,False,False,False,0.0948786735534668,0.2731526792049408,0.2731526792049408,65137076.0,0.2062361389398574,0.2062361389398574
camera_ready_hyperelasticity_solver_no_conditioning_0,tight_snake_20260901_024450,Transolver,42,True,1600,10578,-3.59375,0.2411013910592328,0.77723553,True,False,False,0.0948786735534668,0.2731526792049408,0.2731526792049408,65137076.0,0.2062361389398574,0.2062361389398574
camera_ready_hyperelasticity_solver_no_conditioning_0,tight_snake_20260901_024450,Transolver,42,True,1600,10578,-3.59375,0.2411013910592328,0.811260215,False,False,False,0.0948786735534668,0.2731526792049408,0.2731526792049408,65137076.0,0.2062361389398574,0.2062361389398574
camera_ready_hyperelasticity_solver_no_conditioning_0,tight_snake_20260901_024450,Transolver,42,True,1600,10578,-3.59375,0.2411013910592328,0.8452849,True,False,False,0.0948786735534668,0.2731526792049408,0.2731526792049408,65137076.0,0.2062361389398574,0.2062361389398574
camera_ready_hyperelasticity_solver_no_conditioning_0,tight_snake_20260901_024450,Transolver,42,True,1600,10578,-3.59375,0.2411013910592328,0.873622825,False,False,False,0.0948786735534668,0.2731526792049408,0.2731526792049408,65137076.0,0.2062361389398574,0.2062361389398574
camera_ready_hyperelasticity_solver_no_conditioning_0,tight_snake_20260901_024450,Transolver,42,True,1600,10578,-3.59375,0.2411013910592328,0.90196075,True,False,False,0.0948786735534668,0.2731526792049408,0.2731526792049408,65137076.0,0.2062361389398574,0.2062361389398574
camera_ready_hyperelasticity_solver_no_conditioning_0,tight_snake_20260901_024450,Transolver,42,True,1600,10578,-3.59375,0.2411013910592328,0.92846527,False,False,False,0.0948786735534668,0.2731526792049408,0.2731526792049408,65137076.0,0.2062361389398574,0.2062361389398574
camera_ready_hyperelasticity_solver_no_conditioning_0,tight_snake_20260901_024450,Transolver,42,True,1600,10578,-3.59375,0.2411013910592328,0.95496979,True,False,False,0.0948786735534668,0.2731526792049408,0.2731526792049408,65137076.0,0.2062361389398574,0.2062361389398574
camera_ready_hyperelasticity_solver_no_conditioning_0,tight_snake_20260901_024450,Transolver,42,True,1600,10578,-3.59375,0.2411013910592328,0.977484895,False,False,False,0.0948786735534668,0.2731526792049408,0.2731526792049408,65137076.0,0.2062361389398574,0.2062361389398574
camera_ready_hyperelasticity_solver_no_conditioning_0,tight_snake_20260901_024450,Transolver,42,True,1600,10578,-3.59375,0.2411013910592328,1.0,True,False,False,0.0948786735534668,0.2731526792049408,0.2731526792049408,65137076.0,0.2062361389398574,0.2062361389398574
camera_ready_hyperelasticity_solver_no_conditioning_0,tight_snake_20260901_024450,Transolver,42,True,1600,10578,-3.59375,0.2411013910592328,1.05,False,True,False,0.0948786735534668,0.2731526792049408,0.2731526792049408,65137076.0,0.2062361389398574,0.2062361389398574
camera_ready_hyperelasticity_solver_no_conditioning_0,tight_snake_20260901_024450,Transolver,42,True,1600,10578,-3.59375,0.2411013910592328,1.1,False,True,False,0.0948786735534668,0.2731526792049408,0.2731526792049408,65137076.0,0.2062361389398574,0.2062361389398574
camera_ready_hyperelasticity_solver_no_conditioning_0,tight_snake_20260901_024450,Transolver,42,True,1600,10578,-3.59375,0.2411013910592328,1.15,False,True,False,0.0948786735534668,0.2731526792049408,0.2731526792049408,65137076.0,0.2062361389398574,0.2062361389398574
camera_ready_hyperelasticity_solver_no_conditioning_0,tight_snake_20260901_024450,Transolver,42,True,1600,10578,-3.59375,0.2411013910592328,1.2,False,True,False,0.0948786735534668,0.2731526792049408,0.2731526792049408,65137076.0,0.2062361389398574,0.2062361389398574
camera_ready_hyperelasticity_solver_no_conditioning_0,tight_clam_20260901_043656,Transolver,43,True,1600,10578,-3.59375,0.2411013910592328,0.0,True,False,False,0.1089292615652084,0.2811275124549866,0.2811275124549866,74783216.0,0.2001435607671737,0.2001435607671737
camera_ready_hyperelasticity_solver_no_conditioning_0,tight_clam_20260901_043656,Transolver,43,True,1600,10578,-3.59375,0.2411013910592328,0.04347169,False,False,False,0.1089292615652084,0.2811275124549866,0.2811275124549866,74783216.0,0.2001435607671737,0.2001435607671737
camera_ready_hyperelasticity_solver_no_conditioning_0,tight_clam_20260901_043656,Transolver,43,True,1600,10578,-3.59375,0.2411013910592328,0.08694338,True,False,False,0.1089292615652084,0.2811275124549866,0.2811275124549866,74783216.0,0.2001435607671737,0.2001435607671737
camera_ready_hyperelasticity_solver_no_conditioning_0,tight_clam_20260901_043656,Transolver,43,True,1600,10578,-3.59375,0.2411013910592328,0.126637155,False,False,False,0.1089292615652084,0.2811275124549866,0.2811275124549866,74783216.0,0.2001435607671737,0.2001435607671737
camera_ready_hyperelasticity_solver_no_conditioning_0,tight_clam_20260901_043656,Transolver,43,True,1600,10578,-3.59375,0.2411013910592328,0.16633093,True,False,False,0.1089292615652084,0.2811275124549866,0.2811275124549866,74783216.0,0.2001435607671737,0.2001435607671737
camera_ready_hyperelasticity_solver_no_conditioning_0,tight_clam_20260901_043656,Transolver,43,True,1600,10578,-3.59375,0.2411013910592328,0.202575115,False,False,False,0.1089292615652084,0.2811275124549866,0.2811275124549866,74783216.0,0.2001435607671737,0.2001435607671737
camera_ready_hyperelasticity_solver_no_conditioning_0,tight_clam_20260901_043656,Transolver,43,True,1600,10578,-3.59375,0.2411013910592328,0.2388193,True,False,False,0.1089292615652084,0.2811275124549866,0.2811275124549866,74783216.0,0.2001435607671737,0.2001435607671737
camera_ready_hyperelasticity_solver_no_conditioning_0,tight_clam_20260901_043656,Transolver,43,True,1600,10578,-3.59375,0.2411013910592328,0.271913685,False,False,False,0.1089292615652084,0.2811275124549866,0.2811275124549866,74783216.0,0.2001435607671737,0.2001435607671737
camera_ready_hyperelasticity_solver_no_conditioning_0,tight_clam_20260901_043656,Transolver,43,True,1600,10578,-3.59375,0.2411013910592328,0.30500807,True,False,False,0.1089292615652084,0.2811275124549866,0.2811275124549866,74783216.0,0.2001435607671737,0.2001435607671737
camera_ready_hyperelasticity_solver_no_conditioning_0,tight_clam_20260901_043656,Transolver,43,True,1600,10578,-3.59375,0.2411013910592328,0.33522638,False,False,False,0.1089292615652084,0.2811275124549866,0.2811275124549866,74783216.0,0.2001435607671737,0.2001435607671737
camera_ready_hyperelasticity_solver_no_conditioning_0,tight_clam_20260901_043656,Transolver,43,True,1600,10578,-3.59375,0.2411013910592328,0.36544469,True,False,False,0.1089292615652084,0.2811275124549866,0.2811275124549866,74783216.0,0.2001435607671737,0.2001435607671737
camera_ready_hyperelasticity_solver_no_conditioning_0,tight_clam_20260901_043656,Transolver,43,True,1600,10578,-3.59375,0.2411013910592328,0.40592029,False,False,False,0.1089292615652084,0.2811275124549866,0.2811275124549866,74783216.0,0.2001435607671737,0.2001435607671737
camera_ready_hyperelasticity_solver_no_conditioning_0,tight_clam_20260901_043656,Transolver,43,True,1600,10578,-3.59375,0.2411013910592328,0.44639589,True,False,False,0.1089292615652084,0.2811275124549866,0.2811275124549866,74783216.0,0.2001435607671737,0.2001435607671737
camera_ready_hyperelasticity_solver_no_conditioning_0,tight_clam_20260901_043656,Transolver,43,True,1600,10578,-3.59375,0.2411013910592328,0.48171154,False,False,False,0.1089292615652084,0.2811275124549866,0.2811275124549866,74783216.0,0.2001435607671737,0.2001435607671737
camera_ready_hyperelasticity_solver_no_conditioning_0,tight_clam_20260901_043656,Transolver,43,True,1600,10578,-3.59375,0.2411013910592328,0.51702719,True,False,False,0.1089292615652084,0.2811275124549866,0.2811275124549866,74783216.0,0.2001435607671737,0.2001435607671737
camera_ready_hyperelasticity_solver_no_conditioning_0,tight_clam_20260901_043656,Transolver,43,True,1600,10578,-3.59375,0.2411013910592328,0.5478406899999999,False,False,False,0.1089292615652084,0.2811275124549866,0.2811275124549866,74783216.0,0.2001435607671737,0.2001435607671737
camera_ready_hyperelasticity_solver_no_conditioning_0,tight_clam_20260901_043656,Transolver,43,True,1600,10578,-3.59375,0.2411013910592328,0.57865419,True,False,False,0.1089292615652084,0.2811275124549866,0.2811275124549866,74783216.0,0.2001435607671737,0.2001435607671737
camera_ready_hyperelasticity_solver_no_conditioning_0,tight_clam_20260901_043656,Transolver,43,True,1600,10578,-3.59375,0.2411013910592328,0.6137168049999999,False,False,False,0.1089292615652084,0.2811275124549866,0.2811275124549866,74783216.0,0.2001435607671737,0.2001435607671737
camera_ready_hyperelasticity_solver_no_conditioning_0,tight_clam_20260901_043656,Transolver,43,True,1600,10578,-3.59375,0.2411013910592328,0.64877942,True,False,False,0.1089292615652084,0.2811275124549866,0.2811275124549866,74783216.0,0.2001435607671737,0.2001435607671737
camera_ready_hyperelasticity_solver_no_conditioning_0,tight_clam_20260901_043656,Transolver,43,True,1600,10578,-3.59375,0.2411013910592328,0.6845273949999999,False,False,False,0.1089292615652084,0.2811275124549866,0.2811275124549866,74783216.0,0.2001435607671737,0.2001435607671737
camera_ready_hyperelasticity_solver_no_conditioning_0,tight_clam_20260901_043656,Transolver,43,True,1600,10578,-3.59375,0.2411013910592328,0.72027537,True,False,False,0.1089292615652084,0.2811275124549866,0.2811275124549866,74783216.0,0.2001435607671737,0.2001435607671737
camera_ready_hyperelasticity_solver_no_conditioning_0,tight_clam_20260901_043656,Transolver,43,True,1600,10578,-3.59375,0.2411013910592328,0.74875545,False,False,False,0.1089292615652084,0.2811275124549866,0.2811275124549866,74783216.0,0.2001435607671737,0.2001435607671737
camera_ready_hyperelasticity_solver_no_conditioning_0,tight_clam_20260901_043656,Transolver,43,True,1600,10578,-3.59375,0.2411013910592328,0.77723553,True,False,False,0.1089292615652084,0.2811275124549866,0.2811275124549866,74783216.0,0.2001435607671737,0.2001435607671737
camera_ready_hyperelasticity_solver_no_conditioning_0,tight_clam_20260901_043656,Transolver,43,True,1600,10578,-3.59375,0.2411013910592328,0.811260215,False,False,False,0.1089292615652084,0.2811275124549866,0.2811275124549866,74783216.0,0.2001435607671737,0.2001435607671737
camera_ready_hyperelasticity_solver_no_conditioning_0,tight_clam_20260901_043656,Transolver,43,True,1600,10578,-3.59375,0.2411013910592328,0.8452849,True,False,False,0.1089292615652084,0.2811275124549866,0.2811275124549866,74783216.0,0.2001435607671737,0.2001435607671737
camera_ready_hyperelasticity_solver_no_conditioning_0,tight_clam_20260901_043656,Transolver,43,True,1600,10578,-3.59375,0.2411013910592328,0.873622825,False,False,False,0.1089292615652084,0.2811275124549866,0.2811275124549866,74783216.0,0.2001435607671737,0.2001435607671737
camera_ready_hyperelasticity_solver_no_conditioning_0,tight_clam_20260901_043656,Transolver,43,True,1600,10578,-3.59375,0.2411013910592328,0.90196075,True,False,False,0.1089292615652084,0.2811275124549866,0.2811275124549866,74783216.0,0.2001435607671737,0.2001435607671737
camera_ready_hyperelasticity_solver_no_conditioning_0,tight_clam_20260901_043656,Transolver,43,True,1600,10578,-3.59375,0.2411013910592328,0.92846527,False,False,False,0.1089292615652084,0.2811275124549866,0.2811275124549866,74783216.0,0.2001435607671737,0.2001435607671737
camera_ready_hyperelasticity_solver_no_conditioning_0,tight_clam_20260901_043656,Transolver,43,True,1600,10578,-3.59375,0.2411013910592328,0.95496979,True,False,False,0.1089292615652084,0.2811275124549866,0.2811275124549866,74783216.0,0.2001435607671737,0.2001435607671737
camera_ready_hyperelasticity_solver_no_conditioning_0,tight_clam_20260901_043656,Transolver,43,True,1600,10578,-3.59375,0.2411013910592328,0.977484895,False,False,False,0.1089292615652084,0.2811275124549866,0.2811275124549866,74783216.0,0.2001435607671737,0.2001435607671737
camera_ready_hyperelasticity_solver_no_conditioning_0,tight_clam_20260901_043656,Transolver,43,True,1600,10578,-3.59375,0.2411013910592328,1.0,True,False,False,0.1089292615652084,0.2811275124549866,0.2811275124549866,74783216.0,0.2001435607671737,0.2001435607671737
camera_ready_hyperelasticity_solver_no_conditioning_0,tight_clam_20260901_043656,Transolver,43,True,1600,10578,-3.59375,0.2411013910592328,1.05,False,True,False,0.1089292615652084,0.2811275124549866,0.2811275124549866,74783216.0,0.2001435607671737,0.2001435607671737
camera_ready_hyperelasticity_solver_no_conditioning_0,tight_clam_20260901_043656,Transolver,43,True,1600,10578,-3.59375,0.2411013910592328,1.1,False,True,False,0.1089292615652084,0.2811275124549866,0.2811275124549866,74783216.0,0.2001435607671737,0.2001435607671737
camera_ready_hyperelasticity_solver_no_conditioning_0,tight_clam_20260901_043656,Transolver,43,True,1600,10578,-3.59375,0.2411013910592328,1.15,False,True,False,0.1089292615652084,0.2811275124549866,0.2811275124549866,74783216.0,0.2001435607671737,0.2001435607671737
camera_ready_hyperelasticity_solver_no_conditioning_0,tight_clam_20260901_043656,Transolver,43,True,1600,10578,-3.59375,0.2411013910592328,1.2,False,True,False,0.1089292615652084,0.2811275124549866,0.2811275124549866,74783216.0,0.2001435607671737,0.2001435607671737
camera_ready_hyperelasticity_solver_condscale1_0,ruling_pony_20260901_062626,Transolver,45,False,1600,10578,-3.59375,0.2411013910592328,0.0,True,False,True,0.3172044157981872,0.4692338407039642,0.4692338407039642,217770400.0,0.3197357058525085,0.3197357058525085
camera_ready_hyperelasticity_solver_condscale1_0,ruling_pony_20260901_062626,Transolver,45,False,1600,10578,-3.59375,0.2411013910592328,0.04347169,False,False,True,0.2908976674079895,0.4490699470043182,0.4490699470043182,199710032.0,0.3060991764068603,0.3060991764068603
camera_ready_hyperelasticity_solver_condscale1_0,ruling_pony_20260901_062626,Transolver,45,False,1600,10578,-3.59375,0.2411013910592328,0.08694338,True,False,True,0.2594614923000335,0.4236783981323242,0.4236783981323242,178128128.0,0.2888937592506408,0.2888937592506408
camera_ready_hyperelasticity_solver_condscale1_0,ruling_pony_20260901_062626,Transolver,45,False,1600,10578,-3.59375,0.2411013910592328,0.126637155,False,False,True,0.2321857064962387,0.4002865850925445,0.4002865850925445,159402480.0,0.2730059027671814,0.2730059027671814
camera_ready_hyperelasticity_solver_condscale1_0,ruling_pony_20260901_062626,Transolver,45,False,1600,10578,-3.59375,0.2411013910592328,0.16633093,True,False,True,0.207762211561203,0.3780431747436523,0.3780431747436523,142635024.0,0.2578713297843933,0.2578712999820709
camera_ready_hyperelasticity_solver_condscale1_0,ruling_pony_20260901_062626,Transolver,45,False,1600,10578,-3.59375,0.2411013910592328,0.202575115,False,False,True,0.1880185604095459,0.3589914441108703,0.3589914441108703,129080408.0,0.2448920309543609,0.2448920309543609
camera_ready_hyperelasticity_solver_condscale1_0,ruling_pony_20260901_062626,Transolver,45,False,1600,10578,-3.59375,0.2411013910592328,0.2388193,True,False,True,0.1703932583332061,0.3410314619541168,0.3410314619541168,116980112.0,0.232647031545639,0.232647031545639
camera_ready_hyperelasticity_solver_condscale1_0,ruling_pony_20260901_062626,Transolver,45,False,1600,10578,-3.59375,0.2411013910592328,0.271913685,False,False,True,0.1557888388633728,0.3253635466098785,0.3253635466098785,106953736.0,0.2219618111848831,0.2219618111848831
camera_ready_hyperelasticity_solver_condscale1_0,ruling_pony_20260901_062626,Transolver,45,False,1600,10578,-3.59375,0.2411013910592328,0.30500807,True,False,True,0.1422715634107589,0.3101374804973602,0.3101374804973602,97673720.0,0.2115803956985473,0.2115803956985473
camera_ready_hyperelasticity_solver_condscale1_0,ruling_pony_20260901_062626,Transolver,45,False,1600,10578,-3.59375,0.2411013910592328,0.33522638,False,False,True,0.1306387335062027,0.296404629945755,0.296404629945755,89687432.0,0.2022234946489334,0.2022234946489334
camera_ready_hyperelasticity_solver_condscale1_0,ruling_pony_20260901_062626,Transolver,45,False,1600,10578,-3.59375,0.2411013910592328,0.36544469,True,False,True,0.1195128187537193,0.2826555967330932,0.2826555967330932,82049152.0,0.1928648650646209,0.1928648650646209
camera_ready_hyperelasticity_solver_condscale1_0,ruling_pony_20260901_062626,Transolver,45,False,1600,10578,-3.59375,0.2411013910592328,0.40592029,False,False,True,0.1052436828613281,0.2640075087547302,0.2640075087547302,72252960.0,0.1801884174346923,0.1801884174346923
camera_ready_hyperelasticity_solver_condscale1_0,ruling_pony_20260901_062626,Transolver,45,False,1600,10578,-3.59375,0.2411013910592328,0.44639589,True,False,True,0.0917074903845787,0.2450539022684097,0.2450539022684097,62959956.0,0.1673181354999542,0.167318120598793
camera_ready_hyperelasticity_solver_condscale1_0,ruling_pony_20260901_062626,Transolver,45,False,1600,10578,-3.59375,0.2411013910592328,0.48171154,False,False,True,0.0806904733180999,0.2284987866878509,0.2284987866878509,55396440.0,0.1560730934143066,0.1560730934143066
camera_ready_hyperelasticity_solver_condscale1_0,ruling_pony_20260901_062626,Transolver,45,False,1600,10578,-3.59375,0.2411013910592328,0.51702719,True,False,True,0.0706797987222671,0.212357759475708,0.212357759475708,48523812.0,0.1450852155685424,0.1450852155685424
camera_ready_hyperelasticity_solver_condscale1_0,ruling_pony_20260901_062626,Transolver,45,False,1600,10578,-3.59375,0.2411013910592328,0.5478406899999999,False,False,True,0.0629095137119293,0.1989597231149673,0.1989597231149673,43189276.0,0.1359307318925857,0.1359307318925857
camera_ready_hyperelasticity_solver_condscale1_0,ruling_pony_20260901_062626,Transolver,45,False,1600,10578,-3.59375,0.2411013910592328,0.57865419,True,False,True,0.05602353438735,0.1863625794649124,0.1863625794649124,38461840.0,0.1272901743650436,0.1272901743650436
camera_ready_hyperelasticity_solver_condscale1_0,ruling_pony_20260901_062626,Transolver,45,False,1600,10578,-3.59375,0.2411013910592328,0.6137168049999999,False,False,True,0.0490757599472999,0.1729069799184799,0.1729069799184799,33691984.0,0.1180382519960403,0.1180382519960403
camera_ready_hyperelasticity_solver_condscale1_0,ruling_pony_20260901_062626,Transolver,45,False,1600,10578,-3.59375,0.2411013910592328,0.64877942,True,False,True,0.0428074710071086,0.1600551009178161,0.1600551009178161,29388620.0,0.1092104613780975,0.1092104613780975
camera_ready_hyperelasticity_solver_condscale1_0,ruling_pony_20260901_062626,Transolver,45,False,1600,10578,-3.59375,0.2411013910592328,0.6845273949999999,False,False,True,0.0369280278682708,0.1472373306751251,0.1472373306751251,25352202.0,0.1004420444369316,0.100442036986351
camera_ready_hyperelasticity_solver_condscale1_0,ruling_pony_20260901_062626,Transolver,45,False,1600,10578,-3.59375,0.2411013910592328,0.72027537,True,False,True,0.0315382033586502,0.1346273720264434,0.1346273720264434,21651922.0,0.0918546319007873,0.0918546319007873
camera_ready_hyperelasticity_solver_condscale1_0,ruling_pony_20260901_062626,Transolver,45,False,1600,10578,-3.59375,0.2411013910592328,0.74875545,False,False,True,0.0276486035436391,0.1248790994286537,0.1248790994286537,18981600.0,0.0852350369095802,0.0852350369095802
camera_ready_hyperelasticity_solver_condscale1_0,ruling_pony_20260901_062626,Transolver,45,False,1600,10578,-3.59375,0.2411013910592328,0.77723553,True,False,True,0.0241722837090492,0.1156255006790161,0.1156254932284355,16595001.0,0.0789611786603927,0.0789611786603927
camera_ready_hyperelasticity_solver_condscale1_0,ruling_pony_20260901_062626,Transolver,45,False,1600,10578,-3.59375,0.2411013910592328,0.811260215,False,False,True,0.0205980129539966,0.1055359542369842,0.1055359542369842,14141155.0,0.0721312761306762,0.0721312835812568
camera_ready_hyperelasticity_solver_condscale1_0,ruling_pony_20260901_062626,Transolver,45,False,1600,10578,-3.59375,0.2411013910592328,0.8452849,True,False,True,0.0176419299095869,0.0967672690749168,0.0967672690749168,12111717.0,0.0662120804190635,0.0662120804190635
camera_ready_hyperelasticity_solver_condscale1_0,ruling_pony_20260901_062626,Transolver,45,False,1600,10578,-3.59375,0.2411013910592328,0.873622825,False,False,True,0.0156107787042856,0.0905646607279777,0.0905646607279777,10717270.0,0.0620423592627048,0.0620423592627048
camera_ready_hyperelasticity_solver_condscale1_0,ruling_pony_20260901_062626,Transolver,45,False,1600,10578,-3.59375,0.2411013910592328,0.90196075,True,False,True,0.0139258289709687,0.0853592157363891,0.0853592157363891,9560501.0,0.0585595183074474,0.0585595183074474
camera_ready_hyperelasticity_solver_condscale1_0,ruling_pony_20260901_062626,Transolver,45,False,1600,10578,-3.59375,0.2411013910592328,0.92846527,False,False,True,0.0126298069953918,0.0813598036766052,0.0813598036766052,8670742.0,0.0558970235288143,0.0558970235288143
camera_ready_hyperelasticity_solver_condscale1_0,ruling_pony_20260901_062626,Transolver,45,False,1600,10578,-3.59375,0.2411013910592328,0.95496979,True,False,True,0.0115848155692219,0.0781743004918098,0.0781743004918098,7953325.5,0.0537886805832386,0.0537886805832386
camera_ready_hyperelasticity_solver_condscale1_0,ruling_pony_20260901_062626,Transolver,45,False,1600,10578,-3.59375,0.2411013910592328,0.977484895,False,False,True,0.0108925830572843,0.0761166736483573,0.0761166736483573,7478087.5,0.052438136190176,0.052438136190176
camera_ready_hyperelasticity_solver_condscale1_0,ruling_pony_20260901_062626,Transolver,45,False,1600,10578,-3.59375,0.2411013910592328,1.0,True,False,True,0.0103897955268621,0.0747141540050506,0.0747141540050506,7132907.5,0.0515306591987609,0.0515306591987609
camera_ready_hyperelasticity_solver_condscale1_0,ruling_pony_20260901_062626,Transolver,45,False,1600,10578,-3.59375,0.2411013910592328,1.05,False,True,True,0.010080711916089,0.0748183652758598,0.0748183652758598,6920713.0,0.0516448318958282,0.0516448318958282
camera_ready_hyperelasticity_solver_condscale1_0,ruling_pony_20260901_062626,Transolver,45,False,1600,10578,-3.59375,0.2411013910592328,1.1,False,True,True,0.0111994575709104,0.0817247331142425,0.0817247331142425,7688765.5,0.0561809241771698,0.0561809241771698
camera_ready_hyperelasticity_solver_condscale1_0,ruling_pony_20260901_062626,Transolver,45,False,1600,10578,-3.59375,0.2411013910592328,1.15,False,True,True,0.0134645085781812,0.0936046913266182,0.0936046913266182,9243791.0,0.0640138164162635,0.0640138164162635
camera_ready_hyperelasticity_solver_condscale1_0,ruling_pony_20260901_062626,Transolver,45,False,1600,10578,-3.59375,0.2411013910592328,1.2,False,True,True,0.0151686407625675,0.1003839150071144,0.1003839150071144,10413731.0,0.0683122053742408,0.0683122053742408
camera_ready_hyperelasticity_solver_no_conditioning_0,still_hog_20260901_062631,Transolver,44,True,1600,10578,-3.59375,0.2411013910592328,0.0,True,False,False,0.137878343462944,0.2983593344688415,0.2983593344688415,94657640.0,0.2049600034952163,0.2049600034952163
camera_ready_hyperelasticity_solver_no_conditioning_0,still_hog_20260901_062631,Transolver,44,True,1600,10578,-3.59375,0.2411013910592328,0.04347169,False,False,False,0.137878343462944,0.2983593344688415,0.2983593344688415,94657640.0,0.2049600034952163,0.2049600034952163
camera_ready_hyperelasticity_solver_no_conditioning_0,still_hog_20260901_062631,Transolver,44,True,1600,10578,-3.59375,0.2411013910592328,0.08694338,True,False,False,0.137878343462944,0.2983593344688415,0.2983593344688415,94657640.0,0.2049600034952163,0.2049600034952163
camera_ready_hyperelasticity_solver_no_conditioning_0,still_hog_20260901_062631,Transolver,44,True,1600,10578,-3.59375,0.2411013910592328,0.126637155,False,False,False,0.137878343462944,0.2983593344688415,0.2983593344688415,94657640.0,0.2049600034952163,0.2049600034952163
camera_ready_hyperelasticity_solver_no_conditioning_0,still_hog_20260901_062631,Transolver,44,True,1600,10578,-3.59375,0.2411013910592328,0.16633093,True,False,False,0.137878343462944,0.2983593344688415,0.2983593344688415,94657640.0,0.2049600034952163,0.2049600034952163
camera_ready_hyperelasticity_solver_no_conditioning_0,still_hog_20260901_062631,Transolver,44,True,1600,10578,-3.59375,0.2411013910592328,0.202575115,False,False,False,0.137878343462944,0.2983593344688415,0.2983593344688415,94657640.0,0.2049600034952163,0.2049600034952163
camera_ready_hyperelasticity_solver_no_conditioning_0,still_hog_20260901_062631,Transolver,44,True,1600,10578,-3.59375,0.2411013910592328,0.2388193,True,False,False,0.137878343462944,0.2983593344688415,0.2983593344688415,94657640.0,0.2049600034952163,0.2049600034952163
camera_ready_hyperelasticity_solver_no_conditioning_0,still_hog_20260901_062631,Transolver,44,True,1600,10578,-3.59375,0.2411013910592328,0.271913685,False,False,False,0.137878343462944,0.2983593344688415,0.2983593344688415,94657640.0,0.2049600034952163,0.2049600034952163
camera_ready_hyperelasticity_solver_no_conditioning_0,still_hog_20260901_062631,Transolver,44,True,1600,10578,-3.59375,0.2411013910592328,0.30500807,True,False,False,0.137878343462944,0.2983593344688415,0.2983593344688415,94657640.0,0.2049600034952163,0.2049600034952163
camera_ready_hyperelasticity_solver_no_conditioning_0,still_hog_20260901_062631,Transolver,44,True,1600,10578,-3.59375,0.2411013910592328,0.33522638,False,False,False,0.137878343462944,0.2983593344688415,0.2983593344688415,94657640.0,0.2049600034952163,0.2049600034952163
camera_ready_hyperelasticity_solver_no_conditioning_0,still_hog_20260901_062631,Transolver,44,True,1600,10578,-3.59375,0.2411013910592328,0.36544469,True,False,False,0.137878343462944,0.2983593344688415,0.2983593344688415,94657640.0,0.2049600034952163,0.2049600034952163
camera_ready_hyperelasticity_solver_no_conditioning_0,still_hog_20260901_062631,Transolver,44,True,1600,10578,-3.59375,0.2411013910592328,0.40592029,False,False,False,0.137878343462944,0.2983593344688415,0.2983593344688415,94657640.0,0.2049600034952163,0.2049600034952163
camera_ready_hyperelasticity_solver_no_conditioning_0,still_hog_20260901_062631,Transolver,44,True,1600,10578,-3.59375,0.2411013910592328,0.44639589,True,False,False,0.137878343462944,0.2983593344688415,0.2983593344688415,94657640.0,0.2049600034952163,0.2049600034952163
camera_ready_hyperelasticity_solver_no_conditioning_0,still_hog_20260901_062631,Transolver,44,True,1600,10578,-3.59375,0.2411013910592328,0.48171154,False,False,False,0.137878343462944,0.2983593344688415,0.2983593344688415,94657640.0,0.2049600034952163,0.2049600034952163
camera_ready_hyperelasticity_solver_no_conditioning_0,still_hog_20260901_062631,Transolver,44,True,1600,10578,-3.59375,0.2411013910592328,0.51702719,True,False,False,0.137878343462944,0.2983593344688415,0.2983593344688415,94657640.0,0.2049600034952163,0.2049600034952163
camera_ready_hyperelasticity_solver_no_conditioning_0,still_hog_20260901_062631,Transolver,44,True,1600,10578,-3.59375,0.2411013910592328,0.5478406899999999,False,False,False,0.137878343462944,0.2983593344688415,0.2983593344688415,94657640.0,0.2049600034952163,0.2049600034952163
camera_ready_hyperelasticity_solver_no_conditioning_0,still_hog_20260901_062631,Transolver,44,True,1600,10578,-3.59375,0.2411013910592328,0.57865419,True,False,False,0.137878343462944,0.2983593344688415,0.2983593344688415,94657640.0,0.2049600034952163,0.2049600034952163
camera_ready_hyperelasticity_solver_no_conditioning_0,still_hog_20260901_062631,Transolver,44,True,1600,10578,-3.59375,0.2411013910592328,0.6137168049999999,False,False,False,0.137878343462944,0.2983593344688415,0.2983593344688415,94657640.0,0.2049600034952163,0.2049600034952163
camera_ready_hyperelasticity_solver_no_conditioning_0,still_hog_20260901_062631,Transolver,44,True,1600,10578,-3.59375,0.2411013910592328,0.64877942,True,False,False,0.137878343462944,0.2983593344688415,0.2983593344688415,94657640.0,0.2049600034952163,0.2049600034952163
camera_ready_hyperelasticity_solver_no_conditioning_0,still_hog_20260901_062631,Transolver,44,True,1600,10578,-3.59375,0.2411013910592328,0.6845273949999999,False,False,False,0.137878343462944,0.2983593344688415,0.2983593344688415,94657640.0,0.2049600034952163,0.2049600034952163
camera_ready_hyperelasticity_solver_no_conditioning_0,still_hog_20260901_062631,Transolver,44,True,1600,10578,-3.59375,0.2411013910592328,0.72027537,True,False,False,0.137878343462944,0.2983593344688415,0.2983593344688415,94657640.0,0.2049600034952163,0.2049600034952163
camera_ready_hyperelasticity_solver_no_conditioning_0,still_hog_20260901_062631,Transolver,44,True,1600,10578,-3.59375,0.2411013910592328,0.74875545,False,False,False,0.137878343462944,0.2983593344688415,0.2983593344688415,94657640.0,0.2049600034952163,0.2049600034952163
camera_ready_hyperelasticity_solver_no_conditioning_0,still_hog_20260901_062631,Transolver,44,True,1600,10578,-3.59375,0.2411013910592328,0.77723553,True,False,False,0.137878343462944,0.2983593344688415,0.2983593344688415,94657640.0,0.2049600034952163,0.2049600034952163
camera_ready_hyperelasticity_solver_no_conditioning_0,still_hog_20260901_062631,Transolver,44,True,1600,10578,-3.59375,0.2411013910592328,0.811260215,False,False,False,0.137878343462944,0.2983593344688415,0.2983593344688415,94657640.0,0.2049600034952163,0.2049600034952163
camera_ready_hyperelasticity_solver_no_conditioning_0,still_hog_20260901_062631,Transolver,44,True,1600,10578,-3.59375,0.2411013910592328,0.8452849,True,False,False,0.137878343462944,0.2983593344688415,0.2983593344688415,94657640.0,0.2049600034952163,0.2049600034952163
camera_ready_hyperelasticity_solver_no_conditioning_0,still_hog_20260901_062631,Transolver,44,True,1600,10578,-3.59375,0.2411013910592328,0.873622825,False,False,False,0.137878343462944,0.2983593344688415,0.2983593344688415,94657640.0,0.2049600034952163,0.2049600034952163
camera_ready_hyperelasticity_solver_no_conditioning_0,still_hog_20260901_062631,Transolver,44,True,1600,10578,-3.59375,0.2411013910592328,0.90196075,True,False,False,0.137878343462944,0.2983593344688415,0.2983593344688415,94657640.0,0.2049600034952163,0.2049600034952163
camera_ready_hyperelasticity_solver_no_conditioning_0,still_hog_20260901_062631,Transolver,44,True,1600,10578,-3.59375,0.2411013910592328,0.92846527,False,False,False,0.137878343462944,0.2983593344688415,0.2983593344688415,94657640.0,0.2049600034952163,0.2049600034952163
camera_ready_hyperelasticity_solver_no_conditioning_0,still_hog_20260901_062631,Transolver,44,True,1600,10578,-3.59375,0.2411013910592328,0.95496979,True,False,False,0.137878343462944,0.2983593344688415,0.2983593344688415,94657640.0,0.2049600034952163,0.2049600034952163
camera_ready_hyperelasticity_solver_no_conditioning_0,still_hog_20260901_062631,Transolver,44,True,1600,10578,-3.59375,0.2411013910592328,0.977484895,False,False,False,0.137878343462944,0.2983593344688415,0.2983593344688415,94657640.0,0.2049600034952163,0.2049600034952163
camera_ready_hyperelasticity_solver_no_conditioning_0,still_hog_20260901_062631,Transolver,44,True,1600,10578,-3.59375,0.2411013910592328,1.0,True,False,False,0.137878343462944,0.2983593344688415,0.2983593344688415,94657640.0,0.2049600034952163,0.2049600034952163
camera_ready_hyperelasticity_solver_no_conditioning_0,still_hog_20260901_062631,Transolver,44,True,1600,10578,-3.59375,0.2411013910592328,1.05,False,True,False,0.137878343462944,0.2983593344688415,0.2983593344688415,94657640.0,0.2049600034952163,0.2049600034952163
camera_ready_hyperelasticity_solver_no_conditioning_0,still_hog_20260901_062631,Transolver,44,True,1600,10578,-3.59375,0.2411013910592328,1.1,False,True,False,0.137878343462944,0.2983593344688415,0.2983593344688415,94657640.0,0.2049600034952163,0.2049600034952163
camera_ready_hyperelasticity_solver_no_conditioning_0,still_hog_20260901_062631,Transolver,44,True,1600,10578,-3.59375,0.2411013910592328,1.15,False,True,False,0.137878343462944,0.2983593344688415,0.2983593344688415,94657640.0,0.2049600034952163,0.2049600034952163
camera_ready_hyperelasticity_solver_no_conditioning_0,still_hog_20260901_062631,Transolver,44,True,1600,10578,-3.59375,0.2411013910592328,1.2,False,True,False,0.137878343462944,0.2983593344688415,0.2983593344688415,94657640.0,0.2049600034952163,0.2049600034952163
camera_ready_hyperelasticity_solver_no_conditioning_0,one_eagle_20260901_072617,Transolver,42,True,6400,25238,-0.3125,0.506880529231249,0.0,True,False,False,0.033235564827919006,0.16302195191383362,0.16302195191383362,26971184.0,0.12566031515598297,0.12566030025482178
camera_ready_hyperelasticity_solver_no_conditioning_0,one_eagle_20260901_072617,Transolver,42,True,6400,25238,-0.3125,0.506880529231249,0.04347169,False,False,False,0.033235564827919006,0.16302195191383362,0.16302195191383362,26971184.0,0.12566031515598297,0.12566030025482178
camera_ready_hyperelasticity_solver_no_conditioning_0,one_eagle_20260901_072617,Transolver,42,True,6400,25238,-0.3125,0.506880529231249,0.08694338,True,False,False,0.033235564827919006,0.16302195191383362,0.16302195191383362,26971184.0,0.12566031515598297,0.12566030025482178
camera_ready_hyperelasticity_solver_no_conditioning_0,one_eagle_20260901_072617,Transolver,42,True,6400,25238,-0.3125,0.506880529231249,0.126637155,False,False,False,0.033235564827919006,0.16302195191383362,0.16302195191383362,26971184.0,0.12566031515598297,0.12566030025482178
camera_ready_hyperelasticity_solver_no_conditioning_0,one_eagle_20260901_072617,Transolver,42,True,6400,25238,-0.3125,0.506880529231249,0.16633093,True,False,False,0.033235564827919006,0.16302195191383362,0.16302195191383362,26971184.0,0.12566031515598297,0.12566030025482178
camera_ready_hyperelasticity_solver_no_conditioning_0,one_eagle_20260901_072617,Transolver,42,True,6400,25238,-0.3125,0.506880529231249,0.202575115,False,False,False,0.033235564827919006,0.16302195191383362,0.16302195191383362,26971184.0,0.12566031515598297,0.12566030025482178
camera_ready_hyperelasticity_solver_no_conditioning_0,one_eagle_20260901_072617,Transolver,42,True,6400,25238,-0.3125,0.506880529231249,0.2388193,True,False,False,0.033235564827919006,0.16302195191383362,0.16302195191383362,26971184.0,0.12566031515598297,0.12566030025482178
camera_ready_hyperelasticity_solver_no_conditioning_0,one_eagle_20260901_072617,Transolver,42,True,6400,25238,-0.3125,0.506880529231249,0.271913685,False,False,False,0.033235564827919006,0.16302195191383362,0.16302195191383362,26971184.0,0.12566031515598297,0.12566030025482178
camera_ready_hyperelasticity_solver_no_conditioning_0,one_eagle_20260901_072617,Transolver,42,True,6400,25238,-0.3125,0.506880529231249,0.30500807,True,False,False,0.033235564827919006,0.16302195191383362,0.16302195191383362,26971184.0,0.12566031515598297,0.12566030025482178
camera_ready_hyperelasticity_solver_no_conditioning_0,one_eagle_20260901_072617,Transolver,42,True,6400,25238,-0.3125,0.506880529231249,0.33522638000000005,False,False,False,0.033235564827919006,0.16302195191383362,0.16302195191383362,26971184.0,0.12566031515598297,0.12566030025482178
camera_ready_hyperelasticity_solver_no_conditioning_0,one_eagle_20260901_072617,Transolver,42,True,6400,25238,-0.3125,0.506880529231249,0.36544469,True,False,False,0.033235564827919006,0.16302195191383362,0.16302195191383362,26971184.0,0.12566031515598297,0.12566030025482178
camera_ready_hyperelasticity_solver_no_conditioning_0,one_eagle_20260901_072617,Transolver,42,True,6400,25238,-0.3125,0.506880529231249,0.40592029,False,False,False,0.033235564827919006,0.16302195191383362,0.16302195191383362,26971184.0,0.12566031515598297,0.12566030025482178
camera_ready_hyperelasticity_solver_no_conditioning_0,one_eagle_20260901_072617,Transolver,42,True,6400,25238,-0.3125,0.506880529231249,0.44639589,True,False,False,0.033235564827919006,0.16302195191383362,0.16302195191383362,26971184.0,0.12566031515598297,0.12566030025482178
camera_ready_hyperelasticity_solver_no_conditioning_0,one_eagle_20260901_072617,Transolver,42,True,6400,25238,-0.3125,0.506880529231249,0.48171154,False,False,False,0.033235564827919006,0.16302195191383362,0.16302195191383362,26971184.0,0.12566031515598297,0.12566030025482178
camera_ready_hyperelasticity_solver_no_conditioning_0,one_eagle_20260901_072617,Transolver,42,True,6400,25238,-0.3125,0.506880529231249,0.51702719,True,False,False,0.033235564827919006,0.16302195191383362,0.16302195191383362,26971184.0,0.12566031515598297,0.12566030025482178
camera_ready_hyperelasticity_solver_no_conditioning_0,one_eagle_20260901_072617,Transolver,42,True,6400,25238,-0.3125,0.506880529231249,0.5478406899999999,False,False,False,0.033235564827919006,0.16302195191383362,0.16302195191383362,26971184.0,0.12566031515598297,0.12566030025482178
camera_ready_hyperelasticity_solver_no_conditioning_0,one_eagle_20260901_072617,Transolver,42,True,6400,25238,-0.3125,0.506880529231249,0.57865419,True,False,False,0.033235564827919006,0.16302195191383362,0.16302195191383362,26971184.0,0.12566031515598297,0.12566030025482178
camera_ready_hyperelasticity_solver_no_conditioning_0,one_eagle_20260901_072617,Transolver,42,True,6400,25238,-0.3125,0.506880529231249,0.6137168049999999,False,False,False,0.033235564827919006,0.16302195191383362,0.16302195191383362,26971184.0,0.12566031515598297,0.12566030025482178
camera_ready_hyperelasticity_solver_no_conditioning_0,one_eagle_20260901_072617,Transolver,42,True,6400,25238,-0.3125,0.506880529231249,0.64877942,True,False,False,0.033235564827919006,0.16302195191383362,0.16302195191383362,26971184.0,0.12566031515598297,0.12566030025482178
camera_ready_hyperelasticity_solver_no_conditioning_0,one_eagle_20260901_072617,Transolver,42,True,6400,25238,-0.3125,0.506880529231249,0.6845273949999999,False,False,False,0.033235564827919006,0.16302195191383362,0.16302195191383362,26971184.0,0.12566031515598297,0.12566030025482178
camera_ready_hyperelasticity_solver_no_conditioning_0,one_eagle_20260901_072617,Transolver,42,True,6400,25238,-0.3125,0.506880529231249,0.72027537,True,False,False,0.033235564827919006,0.16302195191383362,0.16302195191383362,26971184.0,0.12566031515598297,0.12566030025482178
camera_ready_hyperelasticity_solver_no_conditioning_0,one_eagle_20260901_072617,Transolver,42,True,6400,25238,-0.3125,0.506880529231249,0.74875545,False,False,False,0.033235564827919006,0.16302195191383362,0.16302195191383362,26971184.0,0.12566031515598297,0.12566030025482178
camera_ready_hyperelasticity_solver_no_conditioning_0,one_eagle_20260901_072617,Transolver,42,True,6400,25238,-0.3125,0.506880529231249,0.77723553,True,False,False,0.033235564827919006,0.16302195191383362,0.16302195191383362,26971184.0,0.12566031515598297,0.12566030025482178
camera_ready_hyperelasticity_solver_no_conditioning_0,one_eagle_20260901_072617,Transolver,42,True,6400,25238,-0.3125,0.506880529231249,0.811260215,False,False,False,0.033235564827919006,0.16302195191383362,0.16302195191383362,26971184.0,0.12566031515598297,0.12566030025482178
camera_ready_hyperelasticity_solver_no_conditioning_0,one_eagle_20260901_072617,Transolver,42,True,6400,25238,-0.3125,0.506880529231249,0.8452849,True,False,False,0.033235564827919006,0.16302195191383362,0.16302195191383362,26971184.0,0.12566031515598297,0.12566030025482178
camera_ready_hyperelasticity_solver_no_conditioning_0,one_eagle_20260901_072617,Transolver,42,True,6400,25238,-0.3125,0.506880529231249,0.873622825,False,False,False,0.033235564827919006,0.16302195191383362,0.16302195191383362,26971184.0,0.12566031515598297,0.12566030025482178
camera_ready_hyperelasticity_solver_no_conditioning_0,one_eagle_20260901_072617,Transolver,42,True,6400,25238,-0.3125,0.506880529231249,0.90196075,True,False,False,0.033235564827919006,0.16302195191383362,0.16302195191383362,26971184.0,0.12566031515598297,0.12566030025482178
camera_ready_hyperelasticity_solver_no_conditioning_0,one_eagle_20260901_072617,Transolver,42,True,6400,25238,-0.3125,0.506880529231249,0.92846527,False,False,False,0.033235564827919006,0.16302195191383362,0.16302195191383362,26971184.0,0.12566031515598297,0.12566030025482178
camera_ready_hyperelasticity_solver_no_conditioning_0,one_eagle_20260901_072617,Transolver,42,True,6400,25238,-0.3125,0.506880529231249,0.95496979,True,False,False,0.033235564827919006,0.16302195191383362,0.16302195191383362,26971184.0,0.12566031515598297,0.12566030025482178
camera_ready_hyperelasticity_solver_no_conditioning_0,one_eagle_20260901_072617,Transolver,42,True,6400,25238,-0.3125,0.506880529231249,0.977484895,False,False,False,0.033235564827919006,0.16302195191383362,0.16302195191383362,26971184.0,0.12566031515598297,0.12566030025482178
camera_ready_hyperelasticity_solver_no_conditioning_0,one_eagle_20260901_072617,Transolver,42,True,6400,25238,-0.3125,0.506880529231249,1.0,True,False,False,0.033235564827919006,0.16302195191383362,0.16302195191383362,26971184.0,0.12566031515598297,0.12566030025482178
camera_ready_hyperelasticity_solver_no_conditioning_0,one_eagle_20260901_072617,Transolver,42,True,6400,25238,-0.3125,0.506880529231249,1.05,False,True,False,0.033235564827919006,0.16302195191383362,0.16302195191383362,26971184.0,0.12566031515598297,0.12566030025482178
camera_ready_hyperelasticity_solver_no_conditioning_0,one_eagle_20260901_072617,Transolver,42,True,6400,25238,-0.3125,0.506880529231249,1.1,False,True,False,0.033235564827919006,0.16302195191383362,0.16302195191383362,26971184.0,0.12566031515598297,0.12566030025482178
camera_ready_hyperelasticity_solver_no_conditioning_0,one_eagle_20260901_072617,Transolver,42,True,6400,25238,-0.3125,0.506880529231249,1.15,False,True,False,0.033235564827919006,0.16302195191383362,0.16302195191383362,26971184.0,0.12566031515598297,0.12566030025482178
camera_ready_hyperelasticity_solver_no_conditioning_0,one_eagle_20260901_072617,Transolver,42,True,6400,25238,-0.3125,0.506880529231249,1.2,False,True,False,0.033235564827919006,0.16302195191383362,0.16302195191383362,26971184.0,0.12566031515598297,0.12566030025482178
camera_ready_hyperelasticity_solver_no_conditioning_0,major_marmot_20260901_092907,Transolver,43,True,6400,25238,-0.3125,0.506880529231249,0.0,True,False,False,0.04469237104058266,0.1851416379213333,0.1851416528224945,36268564.0,0.1302902102470398,0.1302902102470398
camera_ready_hyperelasticity_solver_no_conditioning_0,major_marmot_20260901_092907,Transolver,43,True,6400,25238,-0.3125,0.506880529231249,0.04347169,False,False,False,0.04469237104058266,0.1851416379213333,0.1851416528224945,36268564.0,0.1302902102470398,0.1302902102470398
camera_ready_hyperelasticity_solver_no_conditioning_0,major_marmot_20260901_092907,Transolver,43,True,6400,25238,-0.3125,0.506880529231249,0.08694338,True,False,False,0.04469237104058266,0.1851416379213333,0.1851416528224945,36268564.0,0.1302902102470398,0.1302902102470398
camera_ready_hyperelasticity_solver_no_conditioning_0,major_marmot_20260901_092907,Transolver,43,True,6400,25238,-0.3125,0.506880529231249,0.126637155,False,False,False,0.04469237104058266,0.1851416379213333,0.1851416528224945,36268564.0,0.1302902102470398,0.1302902102470398
camera_ready_hyperelasticity_solver_no_conditioning_0,major_marmot_20260901_092907,Transolver,43,True,6400,25238,-0.3125,0.506880529231249,0.16633093,True,False,False,0.04469237104058266,0.1851416379213333,0.1851416528224945,36268564.0,0.1302902102470398,0.1302902102470398
camera_ready_hyperelasticity_solver_no_conditioning_0,major_marmot_20260901_092907,Transolver,43,True,6400,25238,-0.3125,0.506880529231249,0.202575115,False,False,False,0.04469237104058266,0.1851416379213333,0.1851416528224945,36268564.0,0.1302902102470398,0.1302902102470398
camera_ready_hyperelasticity_solver_no_conditioning_0,major_marmot_20260901_092907,Transolver,43,True,6400,25238,-0.3125,0.506880529231249,0.2388193,True,False,False,0.04469237104058266,0.1851416379213333,0.1851416528224945,36268564.0,0.1302902102470398,0.1302902102470398
camera_ready_hyperelasticity_solver_no_conditioning_0,major_marmot_20260901_092907,Transolver,43,True,6400,25238,-0.3125,0.506880529231249,0.271913685,False,False,False,0.04469237104058266,0.1851416379213333,0.1851416528224945,36268564.0,0.1302902102470398,0.1302902102470398
camera_ready_hyperelasticity_solver_no_conditioning_0,major_marmot_20260901_092907,Transolver,43,True,6400,25238,-0.3125,0.506880529231249,0.30500807,True,False,False,0.04469237104058266,0.1851416379213333,0.1851416528224945,36268564.0,0.1302902102470398,0.1302902102470398
camera_ready_hyperelasticity_solver_no_conditioning_0,major_marmot_20260901_092907,Transolver,43,True,6400,25238,-0.3125,0.506880529231249,0.33522638000000005,False,False,False,0.04469237104058266,0.1851416379213333,0.1851416528224945,36268564.0,0.1302902102470398,0.1302902102470398
camera_ready_hyperelasticity_solver_no_conditioning_0,major_marmot_20260901_092907,Transolver,43,True,6400,25238,-0.3125,0.506880529231249,0.36544469,True,False,False,0.04469237104058266,0.1851416379213333,0.1851416528224945,36268564.0,0.1302902102470398,0.1302902102470398
camera_ready_hyperelasticity_solver_no_conditioning_0,major_marmot_20260901_092907,Transolver,43,True,6400,25238,-0.3125,0.506880529231249,0.40592029,False,False,False,0.04469237104058266,0.1851416379213333,0.1851416528224945,36268564.0,0.1302902102470398,0.1302902102470398
camera_ready_hyperelasticity_solver_no_conditioning_0,major_marmot_20260901_092907,Transolver,43,True,6400,25238,-0.3125,0.506880529231249,0.44639589,True,False,False,0.04469237104058266,0.1851416379213333,0.1851416528224945,36268564.0,0.1302902102470398,0.1302902102470398
camera_ready_hyperelasticity_solver_no_conditioning_0,major_marmot_20260901_092907,Transolver,43,True,6400,25238,-0.3125,0.506880529231249,0.48171154,False,False,False,0.04469237104058266,0.1851416379213333,0.1851416528224945,36268564.0,0.1302902102470398,0.1302902102470398
camera_ready_hyperelasticity_solver_no_conditioning_0,major_marmot_20260901_092907,Transolver,43,True,6400,25238,-0.3125,0.506880529231249,0.51702719,True,False,False,0.04469237104058266,0.1851416379213333,0.1851416528224945,36268564.0,0.1302902102470398,0.1302902102470398
camera_ready_hyperelasticity_solver_no_conditioning_0,major_marmot_20260901_092907,Transolver,43,True,6400,25238,-0.3125,0.506880529231249,0.5478406899999999,False,False,False,0.04469237104058266,0.1851416379213333,0.1851416528224945,36268564.0,0.1302902102470398,0.1302902102470398
camera_ready_hyperelasticity_solver_no_conditioning_0,major_marmot_20260901_092907,Transolver,43,True,6400,25238,-0.3125,0.506880529231249,0.57865419,True,False,False,0.04469237104058266,0.1851416379213333,0.1851416528224945,36268564.0,0.1302902102470398,0.1302902102470398
camera_ready_hyperelasticity_solver_no_conditioning_0,major_marmot_20260901_092907,Transolver,43,True,6400,25238,-0.3125,0.506880529231249,0.6137168049999999,False,False,False,0.04469237104058266,0.1851416379213333,0.1851416528224945,36268564.0,0.1302902102470398,0.1302902102470398
camera_ready_hyperelasticity_solver_no_conditioning_0,major_marmot_20260901_092907,Transolver,43,True,6400,25238,-0.3125,0.506880529231249,0.64877942,True,False,False,0.04469237104058266,0.1851416379213333,0.1851416528224945,36268564.0,0.1302902102470398,0.1302902102470398
camera_ready_hyperelasticity_solver_no_conditioning_0,major_marmot_20260901_092907,Transolver,43,True,6400,25238,-0.3125,0.506880529231249,0.6845273949999999,False,False,False,0.04469237104058266,0.1851416379213333,0.1851416528224945,36268564.0,0.1302902102470398,0.1302902102470398
camera_ready_hyperelasticity_solver_no_conditioning_0,major_marmot_20260901_092907,Transolver,43,True,6400,25238,-0.3125,0.506880529231249,0.72027537,True,False,False,0.04469237104058266,0.1851416379213333,0.1851416528224945,36268564.0,0.1302902102470398,0.1302902102470398
camera_ready_hyperelasticity_solver_no_conditioning_0,major_marmot_20260901_092907,Transolver,43,True,6400,25238,-0.3125,0.506880529231249,0.74875545,False,False,False,0.04469237104058266,0.1851416379213333,0.1851416528224945,36268564.0,0.1302902102470398,0.1302902102470398
camera_ready_hyperelasticity_solver_no_conditioning_0,major_marmot_20260901_092907,Transolver,43,True,6400,25238,-0.3125,0.506880529231249,0.77723553,True,False,False,0.04469237104058266,0.1851416379213333,0.1851416528224945,36268564.0,0.1302902102470398,0.1302902102470398
camera_ready_hyperelasticity_solver_no_conditioning_0,major_marmot_20260901_092907,Transolver,43,True,6400,25238,-0.3125,0.506880529231249,0.811260215,False,False,False,0.04469237104058266,0.1851416379213333,0.1851416528224945,36268564.0,0.1302902102470398,0.1302902102470398
camera_ready_hyperelasticity_solver_no_conditioning_0,major_marmot_20260901_092907,Transolver,43,True,6400,25238,-0.3125,0.506880529231249,0.8452849,True,False,False,0.04469237104058266,0.1851416379213333,0.1851416528224945,36268564.0,0.1302902102470398,0.1302902102470398
camera_ready_hyperelasticity_solver_no_conditioning_0,major_marmot_20260901_092907,Transolver,43,True,6400,25238,-0.3125,0.506880529231249,0.873622825,False,False,False,0.04469237104058266,0.1851416379213333,0.1851416528224945,36268564.0,0.1302902102470398,0.1302902102470398
camera_ready_hyperelasticity_solver_no_conditioning_0,major_marmot_20260901_092907,Transolver,43,True,6400,25238,-0.3125,0.506880529231249,0.90196075,True,False,False,0.04469237104058266,0.1851416379213333,0.1851416528224945,36268564.0,0.1302902102470398,0.1302902102470398
camera_ready_hyperelasticity_solver_no_conditioning_0,major_marmot_20260901_092907,Transolver,43,True,6400,25238,-0.3125,0.506880529231249,0.92846527,False,False,False,0.04469237104058266,0.1851416379213333,0.1851416528224945,36268564.0,0.1302902102470398,0.1302902102470398
camera_ready_hyperelasticity_solver_no_conditioning_0,major_marmot_20260901_092907,Transolver,43,True,6400,25238,-0.3125,0.506880529231249,0.95496979,True,False,False,0.04469237104058266,0.1851416379213333,0.1851416528224945,36268564.0,0.1302902102470398,0.1302902102470398
camera_ready_hyperelasticity_solver_no_conditioning_0,major_marmot_20260901_092907,Transolver,43,True,6400,25238,-0.3125,0.506880529231249,0.977484895,False,False,False,0.04469237104058266,0.1851416379213333,0.1851416528224945,36268564.0,0.1302902102470398,0.1302902102470398
camera_ready_hyperelasticity_solver_no_conditioning_0,major_marmot_20260901_092907,Transolver,43,True,6400,25238,-0.3125,0.506880529231249,1.0,True,False,False,0.04469237104058266,0.1851416379213333,0.1851416528224945,36268564.0,0.1302902102470398,0.1302902102470398
camera_ready_hyperelasticity_solver_no_conditioning_0,major_marmot_20260901_092907,Transolver,43,True,6400,25238,-0.3125,0.506880529231249,1.05,False,True,False,0.04469237104058266,0.1851416379213333,0.1851416528224945,36268564.0,0.1302902102470398,0.1302902102470398
camera_ready_hyperelasticity_solver_no_conditioning_0,major_marmot_20260901_092907,Transolver,43,True,6400,25238,-0.3125,0.506880529231249,1.1,False,True,False,0.04469237104058266,0.1851416379213333,0.1851416528224945,36268564.0,0.1302902102470398,0.1302902102470398
camera_ready_hyperelasticity_solver_no_conditioning_0,major_marmot_20260901_092907,Transolver,43,True,6400,25238,-0.3125,0.506880529231249,1.15,False,True,False,0.04469237104058266,0.1851416379213333,0.1851416528224945,36268564.0,0.1302902102470398,0.1302902102470398
camera_ready_hyperelasticity_solver_no_conditioning_0,major_marmot_20260901_092907,Transolver,43,True,6400,25238,-0.3125,0.506880529231249,1.2,False,True,False,0.04469237104058266,0.1851416379213333,0.1851416528224945,36268564.0,0.1302902102470398,0.1302902102470398
camera_ready_hyperelasticity_solver_no_conditioning_0,wise_tarpon_20260901_112936,Transolver,44,True,6400,25238,-0.3125,0.506880529231249,0.0,True,False,False,0.03938457742333412,0.17629370093345642,0.17629368603229523,31961208.0,0.1288609653711319,0.1288609802722931
camera_ready_hyperelasticity_solver_no_conditioning_0,wise_tarpon_20260901_112936,Transolver,44,True,6400,25238,-0.3125,0.506880529231249,0.04347169,False,False,False,0.03938457742333412,0.17629370093345642,0.17629368603229523,31961208.0,0.1288609653711319,0.1288609802722931
camera_ready_hyperelasticity_solver_no_conditioning_0,wise_tarpon_20260901_112936,Transolver,44,True,6400,25238,-0.3125,0.506880529231249,0.08694338,True,False,False,0.03938457742333412,0.17629370093345642,0.17629368603229523,31961208.0,0.1288609653711319,0.1288609802722931
camera_ready_hyperelasticity_solver_no_conditioning_0,wise_tarpon_20260901_112936,Transolver,44,True,6400,25238,-0.3125,0.506880529231249,0.126637155,False,False,False,0.03938457742333412,0.17629370093345642,0.17629368603229523,31961208.0,0.1288609653711319,0.1288609802722931
camera_ready_hyperelasticity_solver_no_conditioning_0,wise_tarpon_20260901_112936,Transolver,44,True,6400,25238,-0.3125,0.506880529231249,0.16633093,True,False,False,0.03938457742333412,0.17629370093345642,0.17629368603229523,31961208.0,0.1288609653711319,0.1288609802722931
camera_ready_hyperelasticity_solver_no_conditioning_0,wise_tarpon_20260901_112936,Transolver,44,True,6400,25238,-0.3125,0.506880529231249,0.202575115,False,False,False,0.03938457742333412,0.17629370093345642,0.17629368603229523,31961208.0,0.1288609653711319,0.1288609802722931
camera_ready_hyperelasticity_solver_no_conditioning_0,wise_tarpon_20260901_112936,Transolver,44,True,6400,25238,-0.3125,0.506880529231249,0.2388193,True,False,False,0.03938457742333412,0.17629370093345642,0.17629368603229523,31961208.0,0.1288609653711319,0.1288609802722931
camera_ready_hyperelasticity_solver_no_conditioning_0,wise_tarpon_20260901_112936,Transolver,44,True,6400,25238,-0.3125,0.506880529231249,0.271913685,False,False,False,0.03938457742333412,0.17629370093345642,0.17629368603229523,31961208.0,0.1288609653711319,0.1288609802722931
camera_ready_hyperelasticity_solver_no_conditioning_0,wise_tarpon_20260901_112936,Transolver,44,True,6400,25238,-0.3125,0.506880529231249,0.30500807,True,False,False,0.03938457742333412,0.17629370093345642,0.17629368603229523,31961208.0,0.1288609653711319,0.1288609802722931
camera_ready_hyperelasticity_solver_no_conditioning_0,wise_tarpon_20260901_112936,Transolver,44,True,6400,25238,-0.3125,0.506880529231249,0.33522638000000005,False,False,False,0.03938457742333412,0.17629370093345642,0.17629368603229523,31961208.0,0.1288609653711319,0.1288609802722931
camera_ready_hyperelasticity_solver_no_conditioning_0,wise_tarpon_20260901_112936,Transolver,44,True,6400,25238,-0.3125,0.506880529231249,0.36544469,True,False,False,0.03938457742333412,0.17629370093345642,0.17629368603229523,31961208.0,0.1288609653711319,0.1288609802722931
camera_ready_hyperelasticity_solver_no_conditioning_0,wise_tarpon_20260901_112936,Transolver,44,True,6400,25238,-0.3125,0.506880529231249,0.40592029,False,False,False,0.03938457742333412,0.17629370093345642,0.17629368603229523,31961208.0,0.1288609653711319,0.1288609802722931
camera_ready_hyperelasticity_solver_no_conditioning_0,wise_tarpon_20260901_112936,Transolver,44,True,6400,25238,-0.3125,0.506880529231249,0.44639589,True,False,False,0.03938457742333412,0.17629370093345642,0.17629368603229523,31961208.0,0.1288609653711319,0.1288609802722931
camera_ready_hyperelasticity_solver_no_conditioning_0,wise_tarpon_20260901_112936,Transolver,44,True,6400,25238,-0.3125,0.506880529231249,0.48171154,False,False,False,0.03938457742333412,0.17629370093345642,0.17629368603229523,31961208.0,0.1288609653711319,0.1288609802722931
camera_ready_hyperelasticity_solver_no_conditioning_0,wise_tarpon_20260901_112936,Transolver,44,True,6400,25238,-0.3125,0.506880529231249,0.51702719,True,False,False,0.03938457742333412,0.17629370093345642,0.17629368603229523,31961208.0,0.1288609653711319,0.1288609802722931
camera_ready_hyperelasticity_solver_no_conditioning_0,wise_tarpon_20260901_112936,Transolver,44,True,6400,25238,-0.3125,0.506880529231249,0.5478406899999999,False,False,False,0.03938457742333412,0.17629370093345642,0.17629368603229523,31961208.0,0.1288609653711319,0.1288609802722931
camera_ready_hyperelasticity_solver_no_conditioning_0,wise_tarpon_20260901_112936,Transolver,44,True,6400,25238,-0.3125,0.506880529231249,0.57865419,True,False,False,0.03938457742333412,0.17629370093345642,0.17629368603229523,31961208.0,0.1288609653711319,0.1288609802722931
camera_ready_hyperelasticity_solver_no_conditioning_0,wise_tarpon_20260901_112936,Transolver,44,True,6400,25238,-0.3125,0.506880529231249,0.6137168049999999,False,False,False,0.03938457742333412,0.17629370093345642,0.17629368603229523,31961208.0,0.1288609653711319,0.1288609802722931
camera_ready_hyperelasticity_solver_no_conditioning_0,wise_tarpon_20260901_112936,Transolver,44,True,6400,25238,-0.3125,0.506880529231249,0.64877942,True,False,False,0.03938457742333412,0.17629370093345642,0.17629368603229523,31961208.0,0.1288609653711319,0.1288609802722931
camera_ready_hyperelasticity_solver_no_conditioning_0,wise_tarpon_20260901_112936,Transolver,44,True,6400,25238,-0.3125,0.506880529231249,0.6845273949999999,False,False,False,0.03938457742333412,0.17629370093345642,0.17629368603229523,31961208.0,0.1288609653711319,0.1288609802722931
camera_ready_hyperelasticity_solver_no_conditioning_0,wise_tarpon_20260901_112936,Transolver,44,True,6400,25238,-0.3125,0.506880529231249,0.72027537,True,False,False,0.03938457742333412,0.17629370093345642,0.17629368603229523,31961208.0,0.1288609653711319,0.1288609802722931
camera_ready_hyperelasticity_solver_no_conditioning_0,wise_tarpon_20260901_112936,Transolver,44,True,6400,25238,-0.3125,0.506880529231249,0.74875545,False,False,False,0.03938457742333412,0.17629370093345642,0.17629368603229523,31961208.0,0.1288609653711319,0.1288609802722931
camera_ready_hyperelasticity_solver_no_conditioning_0,wise_tarpon_20260901_112936,Transolver,44,True,6400,25238,-0.3125,0.506880529231249,0.77723553,True,False,False,0.03938457742333412,0.17629370093345642,0.17629368603229523,31961208.0,0.1288609653711319,0.1288609802722931
camera_ready_hyperelasticity_solver_no_conditioning_0,wise_tarpon_20260901_112936,Transolver,44,True,6400,25238,-0.3125,0.506880529231249,0.811260215,False,False,False,0.03938457742333412,0.17629370093345642,0.17629368603229523,31961208.0,0.1288609653711319,0.1288609802722931
camera_ready_hyperelasticity_solver_no_conditioning_0,wise_tarpon_20260901_112936,Transolver,44,True,6400,25238,-0.3125,0.506880529231249,0.8452849,True,False,False,0.03938457742333412,0.17629370093345642,0.17629368603229523,31961208.0,0.1288609653711319,0.1288609802722931
camera_ready_hyperelasticity_solver_no_conditioning_0,wise_tarpon_20260901_112936,Transolver,44,True,6400,25238,-0.3125,0.506880529231249,0.873622825,False,False,False,0.03938457742333412,0.17629370093345642,0.17629368603229523,31961208.0,0.1288609653711319,0.1288609802722931
camera_ready_hyperelasticity_solver_no_conditioning_0,wise_tarpon_20260901_112936,Transolver,44,True,6400,25238,-0.3125,0.506880529231249,0.90196075,True,False,False,0.03938457742333412,0.17629370093345642,0.17629368603229523,31961208.0,0.1288609653711319,0.1288609802722931
camera_ready_hyperelasticity_solver_no_conditioning_0,wise_tarpon_20260901_112936,Transolver,44,True,6400,25238,-0.3125,0.506880529231249,0.92846527,False,False,False,0.03938457742333412,0.17629370093345642,0.17629368603229523,31961208.0,0.1288609653711319,0.1288609802722931
camera_ready_hyperelasticity_solver_no_conditioning_0,wise_tarpon_20260901_112936,Transolver,44,True,6400,25238,-0.3125,0.506880529231249,0.95496979,True,False,False,0.03938457742333412,0.17629370093345642,0.17629368603229523,31961208.0,0.1288609653711319,0.1288609802722931
camera_ready_hyperelasticity_solver_no_conditioning_0,wise_tarpon_20260901_112936,Transolver,44,True,6400,25238,-0.3125,0.506880529231249,0.977484895,False,False,False,0.03938457742333412,0.17629370093345642,0.17629368603229523,31961208.0,0.1288609653711319,0.1288609802722931
camera_ready_hyperelasticity_solver_no_conditioning_0,wise_tarpon_20260901_112936,Transolver,44,True,6400,25238,-0.3125,0.506880529231249,1.0,True,False,False,0.03938457742333412,0.17629370093345642,0.17629368603229523,31961208.0,0.1288609653711319,0.1288609802722931
camera_ready_hyperelasticity_solver_no_conditioning_0,wise_tarpon_20260901_112936,Transolver,44,True,6400,25238,-0.3125,0.506880529231249,1.05,False,True,False,0.03938457742333412,0.17629370093345642,0.17629368603229523,31961208.0,0.1288609653711319,0.1288609802722931
camera_ready_hyperelasticity_solver_no_conditioning_0,wise_tarpon_20260901_112936,Transolver,44,True,6400,25238,-0.3125,0.506880529231249,1.1,False,True,False,0.03938457742333412,0.17629370093345642,0.17629368603229523,31961208.0,0.1288609653711319,0.1288609802722931
camera_ready_hyperelasticity_solver_no_conditioning_0,wise_tarpon_20260901_112936,Transolver,44,True,6400,25238,-0.3125,0.506880529231249,1.15,False,True,False,0.03938457742333412,0.17629370093345642,0.17629368603229523,31961208.0,0.1288609653711319,0.1288609802722931
camera_ready_hyperelasticity_solver_no_conditioning_0,wise_tarpon_20260901_112936,Transolver,44,True,6400,25238,-0.3125,0.506880529231249,1.2,False,True,False,0.03938457742333412,0.17629370093345642,0.17629368603229523,31961208.0,0.1288609653711319,0.1288609802722931
